Loading plugins phase: Elapsed time ==> 0s.119ms
<CYPRESSTAG name="CyDsfit arguments...">
cydsfit arguments: -.fdsnotice -.fdswarpdepfile=warp_dependencies.txt -.fdselabdepfile=elab_dependencies.txt -.fdsbldfile=generated_files.txt -.fdsreffile=referenced_files.txt -p C:\Users\daan1\Documents\Robo-dagoe\firmware\platform\PSoC\PSoC-workspace\FreeRTOS_PSoC.cydsn\FreeRTOS_PSoC.cyprj -d CY8C5888LTI-LP097 -s C:\Users\daan1\Documents\Robo-dagoe\firmware\platform\PSoC\PSoC-workspace\FreeRTOS_PSoC.cydsn\Generated_Source\PSoC5 -- -yv2 -q10 -ygs -o2 -v3 -.fftcfgtype=LE
</CYPRESSTAG>
<CYPRESSTAG name="Design elaboration results...">
</CYPRESSTAG>
Elaboration phase: Elapsed time ==> 1s.211ms
<CYPRESSTAG name="HDL generation results...">
</CYPRESSTAG>
HDL generation phase: Elapsed time ==> 0s.032ms
<CYPRESSTAG name="Synthesis results...">

     | | | | | | |
   _________________
  -|               |-
  -|               |-
  -|               |-
  -|    CYPRESS    |-
  -|               |-
  -|               |-   Warp Verilog Synthesis Compiler: Version 6.3 IR 41
  -|               |-   Copyright (C) 1991-2001 Cypress Semiconductor
   |_______________|
     | | | | | | |

======================================================================
Compiling:  FreeRTOS_PSoC.v
Program  :   C:\Program Files (x86)\Cypress\PSoC Creator\4.4\PSoC Creator\warp\bin\warp.exe
Options  :    -yv2 -q10 -ygs -o2 -v3 -.fftcfgtype=LE -ya -.fftprj=C:\Users\daan1\Documents\Robo-dagoe\firmware\platform\PSoC\PSoC-workspace\FreeRTOS_PSoC.cydsn\FreeRTOS_PSoC.cyprj -dcpsoc3 FreeRTOS_PSoC.v -verilog
======================================================================

======================================================================
Compiling:  FreeRTOS_PSoC.v
Program  :   C:\Program Files (x86)\Cypress\PSoC Creator\4.4\PSoC Creator\warp\bin\warp.exe
Options  :    -yv2 -q10 -ygs -o2 -v3 -.fftcfgtype=LE -ya -.fftprj=C:\Users\daan1\Documents\Robo-dagoe\firmware\platform\PSoC\PSoC-workspace\FreeRTOS_PSoC.cydsn\FreeRTOS_PSoC.cyprj -dcpsoc3 FreeRTOS_PSoC.v -verilog
======================================================================

======================================================================
Compiling:  FreeRTOS_PSoC.v
Program  :   vlogfe
Options  :    -yv2 -q10 -ygs -o2 -v3 -.fftcfgtype=LE -ya -.fftprj=C:\Users\daan1\Documents\Robo-dagoe\firmware\platform\PSoC\PSoC-workspace\FreeRTOS_PSoC.cydsn\FreeRTOS_PSoC.cyprj -dcpsoc3 -verilog FreeRTOS_PSoC.v
======================================================================

vlogfe V6.3 IR 41:  Verilog parser
Sun Mar 29 20:50:01 2026


======================================================================
Compiling:  FreeRTOS_PSoC.v
Program  :   vpp
Options  :    -yv2 -q10 FreeRTOS_PSoC.v
======================================================================

vpp V6.3 IR 41:  Verilog Pre-Processor
Sun Mar 29 20:50:01 2026

Flattening file 'C:\Program Files (x86)\Cypress\PSoC Creator\4.4\PSoC Creator\psoc\content\CyPrimitives\cyprimitives.cylib\cy_virtualmux_v1_0\cy_virtualmux_v1_0.v'
Flattening file 'C:\Program Files (x86)\Cypress\PSoC Creator\4.4\PSoC Creator\psoc\content\CyComponentLibrary\CyComponentLibrary.cylib\B_UART_v2_50\B_UART_v2_50.v'
Flattening file 'C:\Program Files (x86)\Cypress\PSoC Creator\4.4\PSoC Creator\warp\lib\common\cypress.v'
Flattening file 'C:\Program Files (x86)\Cypress\PSoC Creator\4.4\PSoC Creator\warp\lib\common\cy_psoc3_inc.v'
Flattening file 'C:\Program Files (x86)\Cypress\PSoC Creator\4.4\PSoC Creator\psoc\content\CyPrimitives\cyprimitives.cylib\ZeroTerminal\ZeroTerminal.v'
Flattening file 'C:\Program Files (x86)\Cypress\PSoC Creator\4.4\PSoC Creator\psoc\content\CyComponentLibrary\CyComponentLibrary.cylib\B_Timer_v2_80\B_Timer_v2_80.v'
Flattening file 'C:\Program Files (x86)\Cypress\PSoC Creator\4.4\PSoC Creator\warp\lib\common\cypress.v'
Flattening file 'C:\Program Files (x86)\Cypress\PSoC Creator\4.4\PSoC Creator\psoc\content\CyPrimitives\cyprimitives.cylib\OneTerminal\OneTerminal.v'
Flattening file 'C:\Program Files (x86)\Cypress\PSoC Creator\4.4\PSoC Creator\psoc\content\CyPrimitives\cyprimitives.cylib\or_v1_0\or_v1_0.v'

vpp:  No errors.

Library 'work' => directory 'lcpsoc3'
General_symbol_table
General_symbol_table
Linking 'C:\Program Files (x86)\Cypress\PSoC Creator\4.4\PSoC Creator\warp\lib\common\std.vhd'.
Linking 'C:\Program Files (x86)\Cypress\PSoC Creator\4.4\PSoC Creator\warp\lib\common\cypress.vhd'.
Linking 'C:\Program Files (x86)\Cypress\PSoC Creator\4.4\PSoC Creator\warp\lib\common\work\cypress.vif'.
Linking 'C:\Program Files (x86)\Cypress\PSoC Creator\4.4\PSoC Creator\warp\lib\ieee\work\stdlogic.vif'.
Linking 'C:\Program Files (x86)\Cypress\PSoC Creator\4.4\PSoC Creator\warp\lib\common\stdlogic\lpmpkg.vif'.
Linking 'C:\Program Files (x86)\Cypress\PSoC Creator\4.4\PSoC Creator\warp\lib\common\stdlogic\rtlpkg.vif'.
Linking 'C:\Program Files (x86)\Cypress\PSoC Creator\4.4\PSoC Creator\warp\lib\common\stdlogic\mod_cnst.vif'.
Linking 'C:\Program Files (x86)\Cypress\PSoC Creator\4.4\PSoC Creator\warp\lib\common\stdlogic\mod_mthv.vif'.
Linking 'C:\Program Files (x86)\Cypress\PSoC Creator\4.4\PSoC Creator\warp\lib\common\stdlogic\mod_genv.vif'.
Using control file 'FreeRTOS_PSoC.ctl'.
C:\Program Files (x86)\Cypress\PSoC Creator\4.4\PSoC Creator\psoc\content\CyComponentLibrary\CyComponentLibrary.cylib\B_UART_v2_50\B_UART_v2_50.v (line 1113, col 55):  Note: Substituting module 'add_vv_vv' for '+'.
C:\Program Files (x86)\Cypress\PSoC Creator\4.4\PSoC Creator\psoc\content\CyComponentLibrary\CyComponentLibrary.cylib\B_UART_v2_50\B_UART_v2_50.v (line 1122, col 48):  Note: Substituting module 'cmp_vv_vv' for '<'.
C:\Program Files (x86)\Cypress\PSoC Creator\4.4\PSoC Creator\psoc\content\CyComponentLibrary\CyComponentLibrary.cylib\B_UART_v2_50\B_UART_v2_50.v (line 1122, col 77):  Note: Substituting module 'cmp_vv_vv' for '<'.
C:\Program Files (x86)\Cypress\PSoC Creator\4.4\PSoC Creator\psoc\content\CyComponentLibrary\CyComponentLibrary.cylib\B_UART_v2_50\B_UART_v2_50.v (line 1389, col 59):  Note: Substituting module 'cmp_vv_vv' for '<'.
C:\Program Files (x86)\Cypress\PSoC Creator\4.4\PSoC Creator\psoc\content\CyComponentLibrary\CyComponentLibrary.cylib\B_UART_v2_50\B_UART_v2_50.v (line 1424, col 61):  Note: Substituting module 'cmp_vv_vv' for '/='.
C:\Program Files (x86)\Cypress\PSoC Creator\4.4\PSoC Creator\psoc\content\CyComponentLibrary\CyComponentLibrary.cylib\B_UART_v2_50\B_UART_v2_50.v (line 1547, col 106):  Note: Substituting module 'cmp_vv_vv' for '<'.
C:\Program Files (x86)\Cypress\PSoC Creator\4.4\PSoC Creator\psoc\content\CyComponentLibrary\CyComponentLibrary.cylib\B_UART_v2_50\B_UART_v2_50.v (line 1603, col 68):  Note: Substituting module 'cmp_vv_vv' for '<'.
C:\Program Files (x86)\Cypress\PSoC Creator\4.4\PSoC Creator\psoc\content\CyComponentLibrary\CyComponentLibrary.cylib\B_UART_v2_50\B_UART_v2_50.v (line 1604, col 68):  Note: Substituting module 'cmp_vv_vv' for '<'.
C:\Program Files (x86)\Cypress\PSoC Creator\4.4\PSoC Creator\psoc\content\CyComponentLibrary\CyComponentLibrary.cylib\B_Timer_v2_80\B_Timer_v2_80.v (line 368, col 46):  Note: Substituting module 'cmp_vv_vv' for '='.
C:\Program Files (x86)\Cypress\PSoC Creator\4.4\PSoC Creator\psoc\content\CyComponentLibrary\CyComponentLibrary.cylib\B_Timer_v2_80\B_Timer_v2_80.v (line 374, col 62):  Note: Substituting module 'add_vv_vv' for '+'.
Linking 'C:\Program Files (x86)\Cypress\PSoC Creator\4.4\PSoC Creator\warp\lib\common\stdlogic\cy_psoc3pkg.vif'.
Linking 'C:\Program Files (x86)\Cypress\PSoC Creator\4.4\PSoC Creator\warp\lib\common\stdlogic\cy_psoc3.vif'.

vlogfe:  No errors.


======================================================================
Compiling:  FreeRTOS_PSoC.v
Program  :   tovif
Options  :    -yv2 -q10 -ygs -o2 -v3 -.fftcfgtype=LE -ya -.fftprj=C:\Users\daan1\Documents\Robo-dagoe\firmware\platform\PSoC\PSoC-workspace\FreeRTOS_PSoC.cydsn\FreeRTOS_PSoC.cyprj -dcpsoc3 -verilog FreeRTOS_PSoC.v
======================================================================

tovif V6.3 IR 41:  High-level synthesis
Sun Mar 29 20:50:01 2026

Linking 'C:\Program Files (x86)\Cypress\PSoC Creator\4.4\PSoC Creator\warp\lib\common\std.vhd'.
Linking 'C:\Program Files (x86)\Cypress\PSoC Creator\4.4\PSoC Creator\warp\lib\common\cypress.vhd'.
Linking 'C:\Program Files (x86)\Cypress\PSoC Creator\4.4\PSoC Creator\warp\lib\common\work\cypress.vif'.
Linking 'C:\Program Files (x86)\Cypress\PSoC Creator\4.4\PSoC Creator\warp\lib\ieee\work\stdlogic.vif'.
Linking 'C:\Program Files (x86)\Cypress\PSoC Creator\4.4\PSoC Creator\warp\lib\common\stdlogic\lpmpkg.vif'.
Linking 'C:\Program Files (x86)\Cypress\PSoC Creator\4.4\PSoC Creator\warp\lib\common\stdlogic\rtlpkg.vif'.
Linking 'C:\Program Files (x86)\Cypress\PSoC Creator\4.4\PSoC Creator\warp\lib\common\stdlogic\mod_cnst.vif'.
Linking 'C:\Program Files (x86)\Cypress\PSoC Creator\4.4\PSoC Creator\warp\lib\common\stdlogic\mod_mthv.vif'.
Linking 'C:\Program Files (x86)\Cypress\PSoC Creator\4.4\PSoC Creator\warp\lib\common\stdlogic\mod_genv.vif'.
Linking 'C:\Users\daan1\Documents\Robo-dagoe\firmware\platform\PSoC\PSoC-workspace\FreeRTOS_PSoC.cydsn\codegentemp\FreeRTOS_PSoC.ctl'.
Linking 'C:\Program Files (x86)\Cypress\PSoC Creator\4.4\PSoC Creator\psoc\content\CyPrimitives\cyprimitives.cylib\cy_virtualmux_v1_0\cy_virtualmux_v1_0.v'.
Linking 'C:\Users\daan1\Documents\Robo-dagoe\firmware\platform\PSoC\PSoC-workspace\FreeRTOS_PSoC.cydsn\codegentemp\FreeRTOS_PSoC.v'.
Linking 'C:\Program Files (x86)\Cypress\PSoC Creator\4.4\PSoC Creator\psoc\content\CyComponentLibrary\CyComponentLibrary.cylib\B_UART_v2_50\B_UART_v2_50.v'.
Linking 'C:\Program Files (x86)\Cypress\PSoC Creator\4.4\PSoC Creator\warp\lib\common\cypress.v'.
Linking 'C:\Program Files (x86)\Cypress\PSoC Creator\4.4\PSoC Creator\warp\lib\common\cy_psoc3_inc.v'.
Linking 'C:\Program Files (x86)\Cypress\PSoC Creator\4.4\PSoC Creator\psoc\content\CyPrimitives\cyprimitives.cylib\ZeroTerminal\ZeroTerminal.v'.
Linking 'C:\Program Files (x86)\Cypress\PSoC Creator\4.4\PSoC Creator\psoc\content\CyComponentLibrary\CyComponentLibrary.cylib\B_Timer_v2_80\B_Timer_v2_80.v'.
Linking 'C:\Program Files (x86)\Cypress\PSoC Creator\4.4\PSoC Creator\psoc\content\CyPrimitives\cyprimitives.cylib\OneTerminal\OneTerminal.v'.
Linking 'C:\Program Files (x86)\Cypress\PSoC Creator\4.4\PSoC Creator\psoc\content\CyPrimitives\cyprimitives.cylib\or_v1_0\or_v1_0.v'.
Linking 'C:\Program Files (x86)\Cypress\PSoC Creator\4.4\PSoC Creator\warp\lib\common\stdlogic\cy_psoc3pkg.vif'.
Linking 'C:\Program Files (x86)\Cypress\PSoC Creator\4.4\PSoC Creator\warp\lib\common\stdlogic\cy_psoc3.vif'.
Linking 'C:\Program Files (x86)\Cypress\PSoC Creator\4.4\PSoC Creator\warp\lib\lcpsoc3\stdlogic\mod_cnst.vif'.
Linking 'C:\Program Files (x86)\Cypress\PSoC Creator\4.4\PSoC Creator\warp\lib\common\stdlogic\mcompare.vif'.

tovif:  No errors.


======================================================================
Compiling:  FreeRTOS_PSoC.v
Program  :   topld
Options  :    -yv2 -q10 -ygs -o2 -v3 -.fftcfgtype=LE -ya -.fftprj=C:\Users\daan1\Documents\Robo-dagoe\firmware\platform\PSoC\PSoC-workspace\FreeRTOS_PSoC.cydsn\FreeRTOS_PSoC.cyprj -dcpsoc3 -verilog FreeRTOS_PSoC.v
======================================================================

topld V6.3 IR 41:  Synthesis and optimization
Sun Mar 29 20:50:02 2026

Linking 'C:\Program Files (x86)\Cypress\PSoC Creator\4.4\PSoC Creator\warp\lib\common\std.vhd'.
Linking 'C:\Program Files (x86)\Cypress\PSoC Creator\4.4\PSoC Creator\warp\lib\common\cypress.vhd'.
Linking 'C:\Program Files (x86)\Cypress\PSoC Creator\4.4\PSoC Creator\warp\lib\common\work\cypress.vif'.
Linking 'C:\Program Files (x86)\Cypress\PSoC Creator\4.4\PSoC Creator\warp\lib\ieee\work\stdlogic.vif'.
Linking 'C:\Program Files (x86)\Cypress\PSoC Creator\4.4\PSoC Creator\warp\lib\common\stdlogic\lpmpkg.vif'.
Linking 'C:\Program Files (x86)\Cypress\PSoC Creator\4.4\PSoC Creator\warp\lib\common\stdlogic\rtlpkg.vif'.
Linking 'C:\Program Files (x86)\Cypress\PSoC Creator\4.4\PSoC Creator\warp\lib\common\stdlogic\mod_cnst.vif'.
Linking 'C:\Program Files (x86)\Cypress\PSoC Creator\4.4\PSoC Creator\warp\lib\common\stdlogic\mod_mthv.vif'.
Linking 'C:\Program Files (x86)\Cypress\PSoC Creator\4.4\PSoC Creator\warp\lib\common\stdlogic\mod_genv.vif'.
Linking 'C:\Users\daan1\Documents\Robo-dagoe\firmware\platform\PSoC\PSoC-workspace\FreeRTOS_PSoC.cydsn\codegentemp\FreeRTOS_PSoC.ctl'.
Linking 'C:\Program Files (x86)\Cypress\PSoC Creator\4.4\PSoC Creator\psoc\content\CyPrimitives\cyprimitives.cylib\cy_virtualmux_v1_0\cy_virtualmux_v1_0.v'.
Linking 'C:\Users\daan1\Documents\Robo-dagoe\firmware\platform\PSoC\PSoC-workspace\FreeRTOS_PSoC.cydsn\codegentemp\FreeRTOS_PSoC.v'.
Linking 'C:\Program Files (x86)\Cypress\PSoC Creator\4.4\PSoC Creator\psoc\content\CyComponentLibrary\CyComponentLibrary.cylib\B_UART_v2_50\B_UART_v2_50.v'.
Linking 'C:\Program Files (x86)\Cypress\PSoC Creator\4.4\PSoC Creator\warp\lib\common\cypress.v'.
Linking 'C:\Program Files (x86)\Cypress\PSoC Creator\4.4\PSoC Creator\warp\lib\common\cy_psoc3_inc.v'.
Linking 'C:\Program Files (x86)\Cypress\PSoC Creator\4.4\PSoC Creator\psoc\content\CyPrimitives\cyprimitives.cylib\ZeroTerminal\ZeroTerminal.v'.
Linking 'C:\Program Files (x86)\Cypress\PSoC Creator\4.4\PSoC Creator\psoc\content\CyComponentLibrary\CyComponentLibrary.cylib\B_Timer_v2_80\B_Timer_v2_80.v'.
Linking 'C:\Program Files (x86)\Cypress\PSoC Creator\4.4\PSoC Creator\psoc\content\CyPrimitives\cyprimitives.cylib\OneTerminal\OneTerminal.v'.
Linking 'C:\Program Files (x86)\Cypress\PSoC Creator\4.4\PSoC Creator\psoc\content\CyPrimitives\cyprimitives.cylib\or_v1_0\or_v1_0.v'.
Linking 'C:\Program Files (x86)\Cypress\PSoC Creator\4.4\PSoC Creator\warp\lib\common\stdlogic\cy_psoc3pkg.vif'.
Linking 'C:\Program Files (x86)\Cypress\PSoC Creator\4.4\PSoC Creator\warp\lib\common\stdlogic\cy_psoc3.vif'.
Linking 'C:\Program Files (x86)\Cypress\PSoC Creator\4.4\PSoC Creator\warp\lib\lcpsoc3\stdlogic\mod_cnst.vif'.
Linking 'C:\Program Files (x86)\Cypress\PSoC Creator\4.4\PSoC Creator\warp\lib\common\stdlogic\mcompare.vif'.
Linking 'C:\Program Files (x86)\Cypress\PSoC Creator\4.4\PSoC Creator\warp\lib\lcpsoc3\stdlogic\cpsoc3.vif'.

----------------------------------------------------------
Detecting unused logic.
----------------------------------------------------------
    User names
	\UART_1:BUART:reset_sr\
	Net_68
	Net_64
	\UART_1:BUART:sRX:s23Poll:MODULE_1:g2:a0:b_1\
	\UART_1:BUART:sRX:s23Poll:MODULE_1:g2:a0:b_0\
	\UART_1:BUART:sRX:s23Poll:MODULE_2:g2:a0:gta_0\
	\UART_1:BUART:sRX:s23Poll:MODULE_3:g2:a0:gta_0\
	Net_61
	\UART_1:BUART:sRX:MODULE_4:g2:a0:gta_0\
	\UART_1:BUART:sRX:MODULE_5:g1:a0:gx:u0:albi_1\
	\UART_1:BUART:sRX:MODULE_5:g1:a0:gx:u0:agbi_1\
	\UART_1:BUART:sRX:MODULE_5:g1:a0:gx:u0:lt_0\
	\UART_1:BUART:sRX:MODULE_5:g1:a0:gx:u0:gt_0\
	\UART_1:BUART:sRX:MODULE_5:g1:a0:gx:u0:lti_0\
	\UART_1:BUART:sRX:MODULE_5:g1:a0:gx:u0:gti_0\
	\UART_1:BUART:sRX:MODULE_5:g1:a0:gx:u0:albi_0\
	\UART_1:BUART:sRX:MODULE_5:g1:a0:gx:u0:agbi_0\
	\UART_1:BUART:sRX:MODULE_5:g1:a0:xeq\
	\UART_1:BUART:sRX:MODULE_5:g1:a0:xlt\
	\UART_1:BUART:sRX:MODULE_5:g1:a0:xlte\
	\UART_1:BUART:sRX:MODULE_5:g1:a0:xgt\
	\UART_1:BUART:sRX:MODULE_5:g1:a0:xgte\
	\UART_1:BUART:sRX:MODULE_5:lt\
	\UART_1:BUART:sRX:MODULE_5:eq\
	\UART_1:BUART:sRX:MODULE_5:gt\
	\UART_1:BUART:sRX:MODULE_5:gte\
	\UART_1:BUART:sRX:MODULE_5:lte\
	\CH1_Timer:Net_260\
	Net_20
	Net_21
	\CH1_Timer:Net_53\
	\CH1_Timer:TimerUDB:ctrl_ten\
	\CH1_Timer:TimerUDB:ctrl_cmode_0\
	\CH1_Timer:TimerUDB:ctrl_tmode_1\
	\CH1_Timer:TimerUDB:ctrl_tmode_0\
	Net_17
	\CH1_Timer:TimerUDB:sIntCapCount:MODULE_6:g1:a0:gx:u0:albi_1\
	\CH1_Timer:TimerUDB:sIntCapCount:MODULE_6:g1:a0:gx:u0:agbi_1\
	\CH1_Timer:TimerUDB:sIntCapCount:MODULE_6:g1:a0:gx:u0:lt_0\
	\CH1_Timer:TimerUDB:sIntCapCount:MODULE_6:g1:a0:gx:u0:gt_0\
	\CH1_Timer:TimerUDB:sIntCapCount:MODULE_6:g1:a0:gx:u0:lt_1\
	\CH1_Timer:TimerUDB:sIntCapCount:MODULE_6:g1:a0:gx:u0:gt_1\
	\CH1_Timer:TimerUDB:sIntCapCount:MODULE_6:g1:a0:gx:u0:lti_0\
	\CH1_Timer:TimerUDB:sIntCapCount:MODULE_6:g1:a0:gx:u0:gti_0\
	\CH1_Timer:TimerUDB:sIntCapCount:MODULE_6:g1:a0:gx:u0:albi_0\
	\CH1_Timer:TimerUDB:sIntCapCount:MODULE_6:g1:a0:gx:u0:agbi_0\
	\CH1_Timer:TimerUDB:sIntCapCount:MODULE_6:g1:a0:xneq\
	\CH1_Timer:TimerUDB:sIntCapCount:MODULE_6:g1:a0:xlt\
	\CH1_Timer:TimerUDB:sIntCapCount:MODULE_6:g1:a0:xlte\
	\CH1_Timer:TimerUDB:sIntCapCount:MODULE_6:g1:a0:xgt\
	\CH1_Timer:TimerUDB:sIntCapCount:MODULE_6:g1:a0:xgte\
	\CH1_Timer:TimerUDB:sIntCapCount:MODULE_6:lt\
	\CH1_Timer:TimerUDB:sIntCapCount:MODULE_6:gt\
	\CH1_Timer:TimerUDB:sIntCapCount:MODULE_6:gte\
	\CH1_Timer:TimerUDB:sIntCapCount:MODULE_6:lte\
	\CH1_Timer:TimerUDB:sIntCapCount:MODULE_6:neq\
	\CH1_Timer:TimerUDB:sIntCapCount:MODULE_7:g2:a0:b_1\
	\CH1_Timer:TimerUDB:sIntCapCount:MODULE_7:g2:a0:b_0\
	\CH1_Timer:Net_102\
	\CH1_Timer:Net_266\
	\CH2_Timer:Net_260\
	Net_26
	Net_27
	\CH2_Timer:Net_53\
	\CH2_Timer:TimerUDB:ctrl_ten\
	\CH2_Timer:TimerUDB:ctrl_cmode_0\
	\CH2_Timer:TimerUDB:ctrl_tmode_1\
	\CH2_Timer:TimerUDB:ctrl_tmode_0\
	Net_24
	\CH2_Timer:TimerUDB:sIntCapCount:MODULE_8:g1:a0:gx:u0:albi_1\
	\CH2_Timer:TimerUDB:sIntCapCount:MODULE_8:g1:a0:gx:u0:agbi_1\
	\CH2_Timer:TimerUDB:sIntCapCount:MODULE_8:g1:a0:gx:u0:lt_0\
	\CH2_Timer:TimerUDB:sIntCapCount:MODULE_8:g1:a0:gx:u0:gt_0\
	\CH2_Timer:TimerUDB:sIntCapCount:MODULE_8:g1:a0:gx:u0:lt_1\
	\CH2_Timer:TimerUDB:sIntCapCount:MODULE_8:g1:a0:gx:u0:gt_1\
	\CH2_Timer:TimerUDB:sIntCapCount:MODULE_8:g1:a0:gx:u0:lti_0\
	\CH2_Timer:TimerUDB:sIntCapCount:MODULE_8:g1:a0:gx:u0:gti_0\
	\CH2_Timer:TimerUDB:sIntCapCount:MODULE_8:g1:a0:gx:u0:albi_0\
	\CH2_Timer:TimerUDB:sIntCapCount:MODULE_8:g1:a0:gx:u0:agbi_0\
	\CH2_Timer:TimerUDB:sIntCapCount:MODULE_8:g1:a0:xneq\
	\CH2_Timer:TimerUDB:sIntCapCount:MODULE_8:g1:a0:xlt\
	\CH2_Timer:TimerUDB:sIntCapCount:MODULE_8:g1:a0:xlte\
	\CH2_Timer:TimerUDB:sIntCapCount:MODULE_8:g1:a0:xgt\
	\CH2_Timer:TimerUDB:sIntCapCount:MODULE_8:g1:a0:xgte\
	\CH2_Timer:TimerUDB:sIntCapCount:MODULE_8:lt\
	\CH2_Timer:TimerUDB:sIntCapCount:MODULE_8:gt\
	\CH2_Timer:TimerUDB:sIntCapCount:MODULE_8:gte\
	\CH2_Timer:TimerUDB:sIntCapCount:MODULE_8:lte\
	\CH2_Timer:TimerUDB:sIntCapCount:MODULE_8:neq\
	\CH2_Timer:TimerUDB:sIntCapCount:MODULE_9:g2:a0:b_1\
	\CH2_Timer:TimerUDB:sIntCapCount:MODULE_9:g2:a0:b_0\
	\CH2_Timer:Net_102\
	\CH2_Timer:Net_266\
	\CH3_Timer:Net_260\
	Net_32
	Net_33
	\CH3_Timer:Net_53\
	\CH3_Timer:TimerUDB:ctrl_ten\
	\CH3_Timer:TimerUDB:ctrl_cmode_0\
	\CH3_Timer:TimerUDB:ctrl_tmode_1\
	\CH3_Timer:TimerUDB:ctrl_tmode_0\
	Net_30
	\CH3_Timer:TimerUDB:sIntCapCount:MODULE_10:g1:a0:gx:u0:albi_1\
	\CH3_Timer:TimerUDB:sIntCapCount:MODULE_10:g1:a0:gx:u0:agbi_1\
	\CH3_Timer:TimerUDB:sIntCapCount:MODULE_10:g1:a0:gx:u0:lt_0\
	\CH3_Timer:TimerUDB:sIntCapCount:MODULE_10:g1:a0:gx:u0:gt_0\
	\CH3_Timer:TimerUDB:sIntCapCount:MODULE_10:g1:a0:gx:u0:lt_1\
	\CH3_Timer:TimerUDB:sIntCapCount:MODULE_10:g1:a0:gx:u0:gt_1\
	\CH3_Timer:TimerUDB:sIntCapCount:MODULE_10:g1:a0:gx:u0:lti_0\
	\CH3_Timer:TimerUDB:sIntCapCount:MODULE_10:g1:a0:gx:u0:gti_0\
	\CH3_Timer:TimerUDB:sIntCapCount:MODULE_10:g1:a0:gx:u0:albi_0\
	\CH3_Timer:TimerUDB:sIntCapCount:MODULE_10:g1:a0:gx:u0:agbi_0\
	\CH3_Timer:TimerUDB:sIntCapCount:MODULE_10:g1:a0:xneq\
	\CH3_Timer:TimerUDB:sIntCapCount:MODULE_10:g1:a0:xlt\
	\CH3_Timer:TimerUDB:sIntCapCount:MODULE_10:g1:a0:xlte\
	\CH3_Timer:TimerUDB:sIntCapCount:MODULE_10:g1:a0:xgt\
	\CH3_Timer:TimerUDB:sIntCapCount:MODULE_10:g1:a0:xgte\
	\CH3_Timer:TimerUDB:sIntCapCount:MODULE_10:lt\
	\CH3_Timer:TimerUDB:sIntCapCount:MODULE_10:gt\
	\CH3_Timer:TimerUDB:sIntCapCount:MODULE_10:gte\
	\CH3_Timer:TimerUDB:sIntCapCount:MODULE_10:lte\
	\CH3_Timer:TimerUDB:sIntCapCount:MODULE_10:neq\
	\CH3_Timer:TimerUDB:sIntCapCount:MODULE_11:g2:a0:b_1\
	\CH3_Timer:TimerUDB:sIntCapCount:MODULE_11:g2:a0:b_0\
	\CH3_Timer:Net_102\
	\CH3_Timer:Net_266\
	\CH4_Timer:Net_260\
	Net_38
	Net_39
	\CH4_Timer:Net_53\
	\CH4_Timer:TimerUDB:ctrl_ten\
	\CH4_Timer:TimerUDB:ctrl_cmode_0\
	\CH4_Timer:TimerUDB:ctrl_tmode_1\
	\CH4_Timer:TimerUDB:ctrl_tmode_0\
	Net_36
	\CH4_Timer:TimerUDB:sIntCapCount:MODULE_12:g1:a0:gx:u0:albi_1\
	\CH4_Timer:TimerUDB:sIntCapCount:MODULE_12:g1:a0:gx:u0:agbi_1\
	\CH4_Timer:TimerUDB:sIntCapCount:MODULE_12:g1:a0:gx:u0:lt_0\
	\CH4_Timer:TimerUDB:sIntCapCount:MODULE_12:g1:a0:gx:u0:gt_0\
	\CH4_Timer:TimerUDB:sIntCapCount:MODULE_12:g1:a0:gx:u0:lt_1\
	\CH4_Timer:TimerUDB:sIntCapCount:MODULE_12:g1:a0:gx:u0:gt_1\
	\CH4_Timer:TimerUDB:sIntCapCount:MODULE_12:g1:a0:gx:u0:lti_0\
	\CH4_Timer:TimerUDB:sIntCapCount:MODULE_12:g1:a0:gx:u0:gti_0\
	\CH4_Timer:TimerUDB:sIntCapCount:MODULE_12:g1:a0:gx:u0:albi_0\
	\CH4_Timer:TimerUDB:sIntCapCount:MODULE_12:g1:a0:gx:u0:agbi_0\
	\CH4_Timer:TimerUDB:sIntCapCount:MODULE_12:g1:a0:xneq\
	\CH4_Timer:TimerUDB:sIntCapCount:MODULE_12:g1:a0:xlt\
	\CH4_Timer:TimerUDB:sIntCapCount:MODULE_12:g1:a0:xlte\
	\CH4_Timer:TimerUDB:sIntCapCount:MODULE_12:g1:a0:xgt\
	\CH4_Timer:TimerUDB:sIntCapCount:MODULE_12:g1:a0:xgte\
	\CH4_Timer:TimerUDB:sIntCapCount:MODULE_12:lt\
	\CH4_Timer:TimerUDB:sIntCapCount:MODULE_12:gt\
	\CH4_Timer:TimerUDB:sIntCapCount:MODULE_12:gte\
	\CH4_Timer:TimerUDB:sIntCapCount:MODULE_12:lte\
	\CH4_Timer:TimerUDB:sIntCapCount:MODULE_12:neq\
	\CH4_Timer:TimerUDB:sIntCapCount:MODULE_13:g2:a0:b_1\
	\CH4_Timer:TimerUDB:sIntCapCount:MODULE_13:g2:a0:b_0\
	\CH4_Timer:Net_102\
	\CH4_Timer:Net_266\
	\I2C_1:udb_clk\
	Net_124
	\I2C_1:Net_973\
	Net_126
	\I2C_1:Net_974\
	\I2C_1:timeout_clk\
	Net_127
	\I2C_1:Net_975\
	Net_130
	Net_134


Deleted 169 User equations/components.
Deleted 0 Synthesized equations/components.

------------------------------------------------------
Alias Detection
------------------------------------------------------
Aliasing \UART_1:BUART:HalfDuplexSend\ to \UART_1:BUART:tx_hd_send_break\
Aliasing \UART_1:BUART:FinalParityType_1\ to \UART_1:BUART:tx_hd_send_break\
Aliasing \UART_1:BUART:FinalParityType_0\ to \UART_1:BUART:tx_hd_send_break\
Aliasing \UART_1:BUART:FinalAddrMode_2\ to \UART_1:BUART:tx_hd_send_break\
Aliasing \UART_1:BUART:FinalAddrMode_1\ to \UART_1:BUART:tx_hd_send_break\
Aliasing \UART_1:BUART:FinalAddrMode_0\ to \UART_1:BUART:tx_hd_send_break\
Aliasing \UART_1:BUART:tx_ctrl_mark\ to \UART_1:BUART:tx_hd_send_break\
Aliasing zero to \UART_1:BUART:tx_hd_send_break\
Aliasing \UART_1:BUART:tx_status_6\ to \UART_1:BUART:tx_hd_send_break\
Aliasing \UART_1:BUART:tx_status_5\ to \UART_1:BUART:tx_hd_send_break\
Aliasing \UART_1:BUART:tx_status_4\ to \UART_1:BUART:tx_hd_send_break\
Aliasing \UART_1:BUART:rx_count7_bit8_wire\ to \UART_1:BUART:tx_hd_send_break\
Aliasing \UART_1:BUART:sRX:s23Poll:MODULE_1:g2:a0:g1:z1:s0:g1:u0:b_0\ to one
Aliasing \UART_1:BUART:sRX:s23Poll:MODIN2_1\ to \UART_1:BUART:sRX:s23Poll:MODIN1_1\
Aliasing \UART_1:BUART:sRX:s23Poll:MODIN2_0\ to \UART_1:BUART:sRX:s23Poll:MODIN1_0\
Aliasing \UART_1:BUART:sRX:s23Poll:MODULE_2:g2:a0:newb_1\ to \UART_1:BUART:tx_hd_send_break\
Aliasing \UART_1:BUART:sRX:s23Poll:MODULE_2:g2:a0:newb_0\ to one
Aliasing \UART_1:BUART:sRX:s23Poll:MODIN3_1\ to \UART_1:BUART:sRX:s23Poll:MODIN1_1\
Aliasing \UART_1:BUART:sRX:s23Poll:MODIN3_0\ to \UART_1:BUART:sRX:s23Poll:MODIN1_0\
Aliasing \UART_1:BUART:sRX:s23Poll:MODULE_3:g2:a0:newb_1\ to one
Aliasing \UART_1:BUART:sRX:s23Poll:MODULE_3:g2:a0:newb_0\ to \UART_1:BUART:tx_hd_send_break\
Aliasing \UART_1:BUART:rx_status_1\ to \UART_1:BUART:tx_hd_send_break\
Aliasing \UART_1:BUART:sRX:MODULE_4:g2:a0:newa_6\ to \UART_1:BUART:tx_hd_send_break\
Aliasing \UART_1:BUART:sRX:MODULE_4:g2:a0:newa_5\ to \UART_1:BUART:tx_hd_send_break\
Aliasing \UART_1:BUART:sRX:MODULE_4:g2:a0:newa_4\ to \UART_1:BUART:tx_hd_send_break\
Aliasing \UART_1:BUART:sRX:MODULE_4:g2:a0:newb_6\ to \UART_1:BUART:tx_hd_send_break\
Aliasing \UART_1:BUART:sRX:MODULE_4:g2:a0:newb_5\ to \UART_1:BUART:tx_hd_send_break\
Aliasing \UART_1:BUART:sRX:MODULE_4:g2:a0:newb_4\ to \UART_1:BUART:tx_hd_send_break\
Aliasing \UART_1:BUART:sRX:MODULE_4:g2:a0:newb_3\ to \UART_1:BUART:tx_hd_send_break\
Aliasing \UART_1:BUART:sRX:MODULE_4:g2:a0:newb_2\ to one
Aliasing \UART_1:BUART:sRX:MODULE_4:g2:a0:newb_1\ to one
Aliasing \UART_1:BUART:sRX:MODULE_4:g2:a0:newb_0\ to \UART_1:BUART:tx_hd_send_break\
Aliasing \UART_1:BUART:sRX:MODULE_5:g1:a0:gx:u0:aeqb_0\ to one
Aliasing tmpOE__Rx_1_net_0 to one
Aliasing tmpOE__Tx_1_net_0 to one
Aliasing tmpOE__LED_BUILDIN_net_0 to one
Aliasing Net_15 to \UART_1:BUART:tx_hd_send_break\
Aliasing \CH1_Timer:TimerUDB:ctrl_cmode_1\ to one
Aliasing \CH1_Timer:TimerUDB:trigger_enable\ to one
Aliasing \CH1_Timer:TimerUDB:sIntCapCount:MODULE_6:g1:a0:gx:u0:aeqb_0\ to one
Aliasing MODIN7_1 to MODIN5_1
Aliasing MODIN7_0 to MODIN5_0
Aliasing \CH1_Timer:TimerUDB:sIntCapCount:MODULE_7:g2:a0:g1:z1:s0:g1:u0:b_0\ to one
Aliasing \CH1_Timer:TimerUDB:status_6\ to \UART_1:BUART:tx_hd_send_break\
Aliasing \CH1_Timer:TimerUDB:status_5\ to \UART_1:BUART:tx_hd_send_break\
Aliasing \CH1_Timer:TimerUDB:status_4\ to \UART_1:BUART:tx_hd_send_break\
Aliasing \CH1_Timer:TimerUDB:status_0\ to \CH1_Timer:TimerUDB:tc_i\
Aliasing Net_133 to \UART_1:BUART:tx_hd_send_break\
Aliasing \CH2_Timer:TimerUDB:ctrl_cmode_1\ to one
Aliasing \CH2_Timer:TimerUDB:trigger_enable\ to one
Aliasing \CH2_Timer:TimerUDB:sIntCapCount:MODULE_8:g1:a0:gx:u0:aeqb_0\ to one
Aliasing MODIN10_1 to MODIN8_1
Aliasing MODIN10_0 to MODIN8_0
Aliasing \CH2_Timer:TimerUDB:sIntCapCount:MODULE_9:g2:a0:g1:z1:s0:g1:u0:b_0\ to one
Aliasing \CH2_Timer:TimerUDB:status_6\ to \UART_1:BUART:tx_hd_send_break\
Aliasing \CH2_Timer:TimerUDB:status_5\ to \UART_1:BUART:tx_hd_send_break\
Aliasing \CH2_Timer:TimerUDB:status_4\ to \UART_1:BUART:tx_hd_send_break\
Aliasing \CH2_Timer:TimerUDB:status_0\ to \CH2_Timer:TimerUDB:tc_i\
Aliasing Net_144 to \UART_1:BUART:tx_hd_send_break\
Aliasing \CH3_Timer:TimerUDB:ctrl_cmode_1\ to one
Aliasing \CH3_Timer:TimerUDB:trigger_enable\ to one
Aliasing \CH3_Timer:TimerUDB:sIntCapCount:MODULE_10:g1:a0:gx:u0:aeqb_0\ to one
Aliasing MODIN13_1 to MODIN11_1
Aliasing MODIN13_0 to MODIN11_0
Aliasing \CH3_Timer:TimerUDB:sIntCapCount:MODULE_11:g2:a0:g1:z1:s0:g1:u0:b_0\ to one
Aliasing \CH3_Timer:TimerUDB:status_6\ to \UART_1:BUART:tx_hd_send_break\
Aliasing \CH3_Timer:TimerUDB:status_5\ to \UART_1:BUART:tx_hd_send_break\
Aliasing \CH3_Timer:TimerUDB:status_4\ to \UART_1:BUART:tx_hd_send_break\
Aliasing \CH3_Timer:TimerUDB:status_0\ to \CH3_Timer:TimerUDB:tc_i\
Aliasing Net_156 to \UART_1:BUART:tx_hd_send_break\
Aliasing \CH4_Timer:TimerUDB:ctrl_cmode_1\ to one
Aliasing \CH4_Timer:TimerUDB:trigger_enable\ to one
Aliasing \CH4_Timer:TimerUDB:sIntCapCount:MODULE_12:g1:a0:gx:u0:aeqb_0\ to one
Aliasing \CH4_Timer:TimerUDB:sIntCapCount:MODIN16_1\ to \CH4_Timer:TimerUDB:sIntCapCount:MODIN14_1\
Aliasing \CH4_Timer:TimerUDB:sIntCapCount:MODIN16_0\ to \CH4_Timer:TimerUDB:sIntCapCount:MODIN14_0\
Aliasing \CH4_Timer:TimerUDB:sIntCapCount:MODULE_13:g2:a0:g1:z1:s0:g1:u0:b_0\ to one
Aliasing \CH4_Timer:TimerUDB:status_6\ to \UART_1:BUART:tx_hd_send_break\
Aliasing \CH4_Timer:TimerUDB:status_5\ to \UART_1:BUART:tx_hd_send_break\
Aliasing \CH4_Timer:TimerUDB:status_4\ to \UART_1:BUART:tx_hd_send_break\
Aliasing \CH4_Timer:TimerUDB:status_0\ to \CH4_Timer:TimerUDB:tc_i\
Aliasing tmpOE__CH1_Pin_net_0 to one
Aliasing tmpOE__CH2_Pin_net_0 to one
Aliasing tmpOE__CH3_Pin_net_0 to one
Aliasing tmpOE__CH4_Pin_net_0 to one
Aliasing tmpOE__SDA_1_net_0 to one
Aliasing tmpOE__SCL_1_net_0 to one
Aliasing \I2C_1:Net_969\ to one
Aliasing \I2C_1:Net_968\ to one
Aliasing \UART_1:BUART:reset_reg\\D\ to \UART_1:BUART:tx_hd_send_break\
Aliasing \UART_1:BUART:rx_break_status\\D\ to \UART_1:BUART:tx_hd_send_break\
Aliasing \CH1_Timer:TimerUDB:capture_last\\D\ to \UART_1:BUART:tx_hd_send_break\
Aliasing \CH1_Timer:TimerUDB:hwEnable_reg\\D\ to \CH1_Timer:TimerUDB:run_mode\
Aliasing \CH2_Timer:TimerUDB:capture_last\\D\ to \UART_1:BUART:tx_hd_send_break\
Aliasing \CH2_Timer:TimerUDB:hwEnable_reg\\D\ to \CH2_Timer:TimerUDB:run_mode\
Aliasing \CH3_Timer:TimerUDB:capture_last\\D\ to \UART_1:BUART:tx_hd_send_break\
Aliasing \CH3_Timer:TimerUDB:hwEnable_reg\\D\ to \CH3_Timer:TimerUDB:run_mode\
Aliasing \CH4_Timer:TimerUDB:capture_last\\D\ to \UART_1:BUART:tx_hd_send_break\
Aliasing \CH4_Timer:TimerUDB:hwEnable_reg\\D\ to \CH4_Timer:TimerUDB:run_mode\
Removing Lhs of wire \UART_1:Net_61\[2] = \UART_1:Net_9\[1]
Removing Lhs of wire \UART_1:BUART:HalfDuplexSend\[8] = \UART_1:BUART:tx_hd_send_break\[7]
Removing Lhs of wire \UART_1:BUART:FinalParityType_1\[9] = \UART_1:BUART:tx_hd_send_break\[7]
Removing Lhs of wire \UART_1:BUART:FinalParityType_0\[10] = \UART_1:BUART:tx_hd_send_break\[7]
Removing Lhs of wire \UART_1:BUART:FinalAddrMode_2\[11] = \UART_1:BUART:tx_hd_send_break\[7]
Removing Lhs of wire \UART_1:BUART:FinalAddrMode_1\[12] = \UART_1:BUART:tx_hd_send_break\[7]
Removing Lhs of wire \UART_1:BUART:FinalAddrMode_0\[13] = \UART_1:BUART:tx_hd_send_break\[7]
Removing Lhs of wire \UART_1:BUART:tx_ctrl_mark\[14] = \UART_1:BUART:tx_hd_send_break\[7]
Removing Rhs of wire \UART_1:BUART:tx_bitclk_enable_pre\[26] = \UART_1:BUART:tx_bitclk_dp\[63]
Removing Rhs of wire zero[27] = \UART_1:BUART:tx_hd_send_break\[7]
Removing Lhs of wire \UART_1:BUART:tx_counter_tc\[73] = \UART_1:BUART:tx_counter_dp\[64]
Removing Lhs of wire \UART_1:BUART:tx_status_6\[74] = zero[27]
Removing Lhs of wire \UART_1:BUART:tx_status_5\[75] = zero[27]
Removing Lhs of wire \UART_1:BUART:tx_status_4\[76] = zero[27]
Removing Lhs of wire \UART_1:BUART:tx_status_1\[78] = \UART_1:BUART:tx_fifo_empty\[41]
Removing Lhs of wire \UART_1:BUART:tx_status_3\[80] = \UART_1:BUART:tx_fifo_notfull\[40]
Removing Lhs of wire \UART_1:BUART:rx_count7_bit8_wire\[140] = zero[27]
Removing Lhs of wire \UART_1:BUART:sRX:s23Poll:add_vv_vv_MODGEN_1_1\[148] = \UART_1:BUART:sRX:s23Poll:MODULE_1:g2:a0:s_1\[159]
Removing Lhs of wire \UART_1:BUART:sRX:s23Poll:add_vv_vv_MODGEN_1_0\[150] = \UART_1:BUART:sRX:s23Poll:MODULE_1:g2:a0:s_0\[160]
Removing Lhs of wire \UART_1:BUART:sRX:s23Poll:cmp_vv_vv_MODGEN_2\[151] = \UART_1:BUART:sRX:s23Poll:MODULE_2:g2:a0:lta_0\[176]
Removing Lhs of wire \UART_1:BUART:sRX:s23Poll:cmp_vv_vv_MODGEN_3\[152] = \UART_1:BUART:sRX:s23Poll:MODULE_3:g2:a0:lta_0\[190]
Removing Lhs of wire \UART_1:BUART:sRX:s23Poll:MODULE_1:g2:a0:a_1\[153] = \UART_1:BUART:sRX:s23Poll:MODIN1_1\[154]
Removing Lhs of wire \UART_1:BUART:sRX:s23Poll:MODIN1_1\[154] = \UART_1:BUART:pollcount_1\[146]
Removing Lhs of wire \UART_1:BUART:sRX:s23Poll:MODULE_1:g2:a0:a_0\[155] = \UART_1:BUART:sRX:s23Poll:MODIN1_0\[156]
Removing Lhs of wire \UART_1:BUART:sRX:s23Poll:MODIN1_0\[156] = \UART_1:BUART:pollcount_0\[149]
Removing Lhs of wire \UART_1:BUART:sRX:s23Poll:MODULE_1:g2:a0:g1:z1:s0:g1:u0:c_0\[162] = one[4]
Removing Lhs of wire \UART_1:BUART:sRX:s23Poll:MODULE_1:g2:a0:g1:z1:s0:g1:u0:b_0\[163] = one[4]
Removing Lhs of wire \UART_1:BUART:sRX:s23Poll:MODULE_2:g2:a0:newa_1\[164] = \UART_1:BUART:pollcount_1\[146]
Removing Lhs of wire \UART_1:BUART:sRX:s23Poll:MODIN2_1\[165] = \UART_1:BUART:pollcount_1\[146]
Removing Lhs of wire \UART_1:BUART:sRX:s23Poll:MODULE_2:g2:a0:newa_0\[166] = \UART_1:BUART:pollcount_0\[149]
Removing Lhs of wire \UART_1:BUART:sRX:s23Poll:MODIN2_0\[167] = \UART_1:BUART:pollcount_0\[149]
Removing Lhs of wire \UART_1:BUART:sRX:s23Poll:MODULE_2:g2:a0:newb_1\[168] = zero[27]
Removing Lhs of wire \UART_1:BUART:sRX:s23Poll:MODULE_2:g2:a0:newb_0\[169] = one[4]
Removing Lhs of wire \UART_1:BUART:sRX:s23Poll:MODULE_2:g2:a0:dataa_1\[170] = \UART_1:BUART:pollcount_1\[146]
Removing Lhs of wire \UART_1:BUART:sRX:s23Poll:MODULE_2:g2:a0:dataa_0\[171] = \UART_1:BUART:pollcount_0\[149]
Removing Lhs of wire \UART_1:BUART:sRX:s23Poll:MODULE_2:g2:a0:datab_1\[172] = zero[27]
Removing Lhs of wire \UART_1:BUART:sRX:s23Poll:MODULE_2:g2:a0:datab_0\[173] = one[4]
Removing Lhs of wire \UART_1:BUART:sRX:s23Poll:MODULE_3:g2:a0:newa_1\[178] = \UART_1:BUART:pollcount_1\[146]
Removing Lhs of wire \UART_1:BUART:sRX:s23Poll:MODIN3_1\[179] = \UART_1:BUART:pollcount_1\[146]
Removing Lhs of wire \UART_1:BUART:sRX:s23Poll:MODULE_3:g2:a0:newa_0\[180] = \UART_1:BUART:pollcount_0\[149]
Removing Lhs of wire \UART_1:BUART:sRX:s23Poll:MODIN3_0\[181] = \UART_1:BUART:pollcount_0\[149]
Removing Lhs of wire \UART_1:BUART:sRX:s23Poll:MODULE_3:g2:a0:newb_1\[182] = one[4]
Removing Lhs of wire \UART_1:BUART:sRX:s23Poll:MODULE_3:g2:a0:newb_0\[183] = zero[27]
Removing Lhs of wire \UART_1:BUART:sRX:s23Poll:MODULE_3:g2:a0:dataa_1\[184] = \UART_1:BUART:pollcount_1\[146]
Removing Lhs of wire \UART_1:BUART:sRX:s23Poll:MODULE_3:g2:a0:dataa_0\[185] = \UART_1:BUART:pollcount_0\[149]
Removing Lhs of wire \UART_1:BUART:sRX:s23Poll:MODULE_3:g2:a0:datab_1\[186] = one[4]
Removing Lhs of wire \UART_1:BUART:sRX:s23Poll:MODULE_3:g2:a0:datab_0\[187] = zero[27]
Removing Lhs of wire \UART_1:BUART:rx_status_1\[194] = zero[27]
Removing Rhs of wire \UART_1:BUART:rx_status_2\[195] = \UART_1:BUART:rx_parity_error_status\[196]
Removing Rhs of wire \UART_1:BUART:rx_status_3\[197] = \UART_1:BUART:rx_stop_bit_error\[198]
Removing Lhs of wire \UART_1:BUART:sRX:cmp_vv_vv_MODGEN_4\[208] = \UART_1:BUART:sRX:MODULE_4:g2:a0:lta_0\[257]
Removing Lhs of wire \UART_1:BUART:sRX:cmp_vv_vv_MODGEN_5\[212] = \UART_1:BUART:sRX:MODULE_5:g1:a0:xneq\[279]
Removing Lhs of wire \UART_1:BUART:sRX:MODULE_4:g2:a0:newa_6\[213] = zero[27]
Removing Lhs of wire \UART_1:BUART:sRX:MODULE_4:g2:a0:newa_5\[214] = zero[27]
Removing Lhs of wire \UART_1:BUART:sRX:MODULE_4:g2:a0:newa_4\[215] = zero[27]
Removing Lhs of wire \UART_1:BUART:sRX:MODULE_4:g2:a0:newa_3\[216] = \UART_1:BUART:sRX:MODIN4_6\[217]
Removing Lhs of wire \UART_1:BUART:sRX:MODIN4_6\[217] = \UART_1:BUART:rx_count_6\[135]
Removing Lhs of wire \UART_1:BUART:sRX:MODULE_4:g2:a0:newa_2\[218] = \UART_1:BUART:sRX:MODIN4_5\[219]
Removing Lhs of wire \UART_1:BUART:sRX:MODIN4_5\[219] = \UART_1:BUART:rx_count_5\[136]
Removing Lhs of wire \UART_1:BUART:sRX:MODULE_4:g2:a0:newa_1\[220] = \UART_1:BUART:sRX:MODIN4_4\[221]
Removing Lhs of wire \UART_1:BUART:sRX:MODIN4_4\[221] = \UART_1:BUART:rx_count_4\[137]
Removing Lhs of wire \UART_1:BUART:sRX:MODULE_4:g2:a0:newa_0\[222] = \UART_1:BUART:sRX:MODIN4_3\[223]
Removing Lhs of wire \UART_1:BUART:sRX:MODIN4_3\[223] = \UART_1:BUART:rx_count_3\[138]
Removing Lhs of wire \UART_1:BUART:sRX:MODULE_4:g2:a0:newb_6\[224] = zero[27]
Removing Lhs of wire \UART_1:BUART:sRX:MODULE_4:g2:a0:newb_5\[225] = zero[27]
Removing Lhs of wire \UART_1:BUART:sRX:MODULE_4:g2:a0:newb_4\[226] = zero[27]
Removing Lhs of wire \UART_1:BUART:sRX:MODULE_4:g2:a0:newb_3\[227] = zero[27]
Removing Lhs of wire \UART_1:BUART:sRX:MODULE_4:g2:a0:newb_2\[228] = one[4]
Removing Lhs of wire \UART_1:BUART:sRX:MODULE_4:g2:a0:newb_1\[229] = one[4]
Removing Lhs of wire \UART_1:BUART:sRX:MODULE_4:g2:a0:newb_0\[230] = zero[27]
Removing Lhs of wire \UART_1:BUART:sRX:MODULE_4:g2:a0:dataa_6\[231] = zero[27]
Removing Lhs of wire \UART_1:BUART:sRX:MODULE_4:g2:a0:dataa_5\[232] = zero[27]
Removing Lhs of wire \UART_1:BUART:sRX:MODULE_4:g2:a0:dataa_4\[233] = zero[27]
Removing Lhs of wire \UART_1:BUART:sRX:MODULE_4:g2:a0:dataa_3\[234] = \UART_1:BUART:rx_count_6\[135]
Removing Lhs of wire \UART_1:BUART:sRX:MODULE_4:g2:a0:dataa_2\[235] = \UART_1:BUART:rx_count_5\[136]
Removing Lhs of wire \UART_1:BUART:sRX:MODULE_4:g2:a0:dataa_1\[236] = \UART_1:BUART:rx_count_4\[137]
Removing Lhs of wire \UART_1:BUART:sRX:MODULE_4:g2:a0:dataa_0\[237] = \UART_1:BUART:rx_count_3\[138]
Removing Lhs of wire \UART_1:BUART:sRX:MODULE_4:g2:a0:datab_6\[238] = zero[27]
Removing Lhs of wire \UART_1:BUART:sRX:MODULE_4:g2:a0:datab_5\[239] = zero[27]
Removing Lhs of wire \UART_1:BUART:sRX:MODULE_4:g2:a0:datab_4\[240] = zero[27]
Removing Lhs of wire \UART_1:BUART:sRX:MODULE_4:g2:a0:datab_3\[241] = zero[27]
Removing Lhs of wire \UART_1:BUART:sRX:MODULE_4:g2:a0:datab_2\[242] = one[4]
Removing Lhs of wire \UART_1:BUART:sRX:MODULE_4:g2:a0:datab_1\[243] = one[4]
Removing Lhs of wire \UART_1:BUART:sRX:MODULE_4:g2:a0:datab_0\[244] = zero[27]
Removing Lhs of wire \UART_1:BUART:sRX:MODULE_5:g1:a0:newa_0\[259] = \UART_1:BUART:rx_postpoll\[94]
Removing Lhs of wire \UART_1:BUART:sRX:MODULE_5:g1:a0:newb_0\[260] = \UART_1:BUART:rx_parity_bit\[211]
Removing Lhs of wire \UART_1:BUART:sRX:MODULE_5:g1:a0:dataa_0\[261] = \UART_1:BUART:rx_postpoll\[94]
Removing Lhs of wire \UART_1:BUART:sRX:MODULE_5:g1:a0:datab_0\[262] = \UART_1:BUART:rx_parity_bit\[211]
Removing Lhs of wire \UART_1:BUART:sRX:MODULE_5:g1:a0:gx:u0:a_0\[263] = \UART_1:BUART:rx_postpoll\[94]
Removing Lhs of wire \UART_1:BUART:sRX:MODULE_5:g1:a0:gx:u0:b_0\[264] = \UART_1:BUART:rx_parity_bit\[211]
Removing Lhs of wire \UART_1:BUART:sRX:MODULE_5:g1:a0:gx:u0:aeqb_0\[266] = one[4]
Removing Lhs of wire \UART_1:BUART:sRX:MODULE_5:g1:a0:gx:u0:eq_0\[267] = \UART_1:BUART:sRX:MODULE_5:g1:a0:gx:u0:xnor_array_0\[265]
Removing Lhs of wire \UART_1:BUART:sRX:MODULE_5:g1:a0:gx:u0:eqi_0\[268] = \UART_1:BUART:sRX:MODULE_5:g1:a0:gx:u0:xnor_array_0\[265]
Removing Lhs of wire tmpOE__Rx_1_net_0[290] = one[4]
Removing Lhs of wire tmpOE__Tx_1_net_0[295] = one[4]
Removing Lhs of wire tmpOE__LED_BUILDIN_net_0[301] = one[4]
Removing Lhs of wire Net_15[306] = zero[27]
Removing Lhs of wire \CH1_Timer:TimerUDB:ctrl_enable\[326] = \CH1_Timer:TimerUDB:control_7\[318]
Removing Lhs of wire \CH1_Timer:TimerUDB:ctrl_cmode_1\[328] = one[4]
Removing Lhs of wire \CH1_Timer:TimerUDB:ctrl_ic_1\[332] = \CH1_Timer:TimerUDB:control_1\[324]
Removing Lhs of wire \CH1_Timer:TimerUDB:ctrl_ic_0\[333] = \CH1_Timer:TimerUDB:control_0\[325]
Removing Rhs of wire \CH1_Timer:TimerUDB:timer_enable\[337] = \CH1_Timer:TimerUDB:runmode_enable\[410]
Removing Rhs of wire \CH1_Timer:TimerUDB:run_mode\[338] = \CH1_Timer:TimerUDB:hwEnable\[339]
Removing Lhs of wire \CH1_Timer:TimerUDB:run_mode\[338] = \CH1_Timer:TimerUDB:control_7\[318]
Removing Lhs of wire \CH1_Timer:TimerUDB:trigger_enable\[341] = one[4]
Removing Lhs of wire \CH1_Timer:TimerUDB:tc_i\[343] = \CH1_Timer:TimerUDB:status_tc\[340]
Removing Lhs of wire cmp_vv_vv_MODGEN_6[349] = \CH1_Timer:TimerUDB:sIntCapCount:MODULE_6:g1:a0:xeq\[388]
Removing Rhs of wire add_vv_vv_MODGEN_7_1[350] = \CH1_Timer:TimerUDB:sIntCapCount:MODULE_7:g2:a0:s_1\[405]
Removing Rhs of wire add_vv_vv_MODGEN_7_0[352] = \CH1_Timer:TimerUDB:sIntCapCount:MODULE_7:g2:a0:s_0\[406]
Removing Lhs of wire \CH1_Timer:TimerUDB:capt_fifo_load_int\[354] = \CH1_Timer:TimerUDB:capt_int_temp\[353]
Removing Lhs of wire \CH1_Timer:TimerUDB:sIntCapCount:MODULE_6:g1:a0:newa_1\[355] = MODIN5_1[356]
Removing Rhs of wire MODIN5_1[356] = \CH1_Timer:TimerUDB:int_capt_count_1\[348]
Removing Lhs of wire \CH1_Timer:TimerUDB:sIntCapCount:MODULE_6:g1:a0:newa_0\[357] = MODIN5_0[358]
Removing Rhs of wire MODIN5_0[358] = \CH1_Timer:TimerUDB:int_capt_count_0\[351]
Removing Lhs of wire \CH1_Timer:TimerUDB:sIntCapCount:MODULE_6:g1:a0:newb_1\[359] = MODIN6_1[360]
Removing Rhs of wire MODIN6_1[360] = \CH1_Timer:TimerUDB:control_1\[324]
Removing Lhs of wire \CH1_Timer:TimerUDB:sIntCapCount:MODULE_6:g1:a0:newb_0\[361] = MODIN6_0[362]
Removing Rhs of wire MODIN6_0[362] = \CH1_Timer:TimerUDB:control_0\[325]
Removing Lhs of wire \CH1_Timer:TimerUDB:sIntCapCount:MODULE_6:g1:a0:dataa_1\[363] = MODIN5_1[356]
Removing Lhs of wire \CH1_Timer:TimerUDB:sIntCapCount:MODULE_6:g1:a0:dataa_0\[364] = MODIN5_0[358]
Removing Lhs of wire \CH1_Timer:TimerUDB:sIntCapCount:MODULE_6:g1:a0:datab_1\[365] = MODIN6_1[360]
Removing Lhs of wire \CH1_Timer:TimerUDB:sIntCapCount:MODULE_6:g1:a0:datab_0\[366] = MODIN6_0[362]
Removing Lhs of wire \CH1_Timer:TimerUDB:sIntCapCount:MODULE_6:g1:a0:gx:u0:a_1\[367] = MODIN5_1[356]
Removing Lhs of wire \CH1_Timer:TimerUDB:sIntCapCount:MODULE_6:g1:a0:gx:u0:a_0\[368] = MODIN5_0[358]
Removing Lhs of wire \CH1_Timer:TimerUDB:sIntCapCount:MODULE_6:g1:a0:gx:u0:b_1\[369] = MODIN6_1[360]
Removing Lhs of wire \CH1_Timer:TimerUDB:sIntCapCount:MODULE_6:g1:a0:gx:u0:b_0\[370] = MODIN6_0[362]
Removing Lhs of wire \CH1_Timer:TimerUDB:sIntCapCount:MODULE_6:g1:a0:gx:u0:aeqb_0\[373] = one[4]
Removing Lhs of wire \CH1_Timer:TimerUDB:sIntCapCount:MODULE_6:g1:a0:gx:u0:eq_0\[374] = \CH1_Timer:TimerUDB:sIntCapCount:MODULE_6:g1:a0:gx:u0:xnor_array_0\[372]
Removing Lhs of wire \CH1_Timer:TimerUDB:sIntCapCount:MODULE_6:g1:a0:gx:u0:eqi_0\[376] = \CH1_Timer:TimerUDB:sIntCapCount:MODULE_6:g1:a0:gx:u0:eq_1\[375]
Removing Rhs of wire \CH1_Timer:TimerUDB:sIntCapCount:MODULE_6:g1:a0:xeq\[388] = \CH1_Timer:TimerUDB:sIntCapCount:MODULE_6:g1:a0:gx:u0:aeqb_1\[377]
Removing Lhs of wire \CH1_Timer:TimerUDB:sIntCapCount:MODULE_7:g2:a0:a_1\[399] = MODIN5_1[356]
Removing Lhs of wire MODIN7_1[400] = MODIN5_1[356]
Removing Lhs of wire \CH1_Timer:TimerUDB:sIntCapCount:MODULE_7:g2:a0:a_0\[401] = MODIN5_0[358]
Removing Lhs of wire MODIN7_0[402] = MODIN5_0[358]
Removing Lhs of wire \CH1_Timer:TimerUDB:sIntCapCount:MODULE_7:g2:a0:g1:z1:s0:g1:u0:c_0\[408] = one[4]
Removing Lhs of wire \CH1_Timer:TimerUDB:sIntCapCount:MODULE_7:g2:a0:g1:z1:s0:g1:u0:b_0\[409] = one[4]
Removing Lhs of wire \CH1_Timer:TimerUDB:status_6\[412] = zero[27]
Removing Lhs of wire \CH1_Timer:TimerUDB:status_5\[413] = zero[27]
Removing Lhs of wire \CH1_Timer:TimerUDB:status_4\[414] = zero[27]
Removing Lhs of wire \CH1_Timer:TimerUDB:status_0\[415] = \CH1_Timer:TimerUDB:status_tc\[340]
Removing Lhs of wire \CH1_Timer:TimerUDB:status_1\[416] = \CH1_Timer:TimerUDB:capt_int_temp\[353]
Removing Rhs of wire \CH1_Timer:TimerUDB:status_2\[417] = \CH1_Timer:TimerUDB:fifo_full\[418]
Removing Rhs of wire \CH1_Timer:TimerUDB:status_3\[419] = \CH1_Timer:TimerUDB:fifo_nempty\[420]
Removing Lhs of wire \CH1_Timer:TimerUDB:cs_addr_2\[422] = zero[27]
Removing Lhs of wire \CH1_Timer:TimerUDB:cs_addr_1\[423] = \CH1_Timer:TimerUDB:trig_reg\[411]
Removing Lhs of wire \CH1_Timer:TimerUDB:cs_addr_0\[424] = \CH1_Timer:TimerUDB:per_zero\[342]
Removing Lhs of wire Net_133[601] = zero[27]
Removing Lhs of wire \CH2_Timer:TimerUDB:ctrl_enable\[621] = \CH2_Timer:TimerUDB:control_7\[613]
Removing Lhs of wire \CH2_Timer:TimerUDB:ctrl_cmode_1\[623] = one[4]
Removing Lhs of wire \CH2_Timer:TimerUDB:ctrl_ic_1\[627] = \CH2_Timer:TimerUDB:control_1\[619]
Removing Lhs of wire \CH2_Timer:TimerUDB:ctrl_ic_0\[628] = \CH2_Timer:TimerUDB:control_0\[620]
Removing Rhs of wire \CH2_Timer:TimerUDB:timer_enable\[632] = \CH2_Timer:TimerUDB:runmode_enable\[705]
Removing Rhs of wire \CH2_Timer:TimerUDB:run_mode\[633] = \CH2_Timer:TimerUDB:hwEnable\[634]
Removing Lhs of wire \CH2_Timer:TimerUDB:run_mode\[633] = \CH2_Timer:TimerUDB:control_7\[613]
Removing Lhs of wire \CH2_Timer:TimerUDB:trigger_enable\[636] = one[4]
Removing Lhs of wire \CH2_Timer:TimerUDB:tc_i\[638] = \CH2_Timer:TimerUDB:status_tc\[635]
Removing Lhs of wire cmp_vv_vv_MODGEN_8[644] = \CH2_Timer:TimerUDB:sIntCapCount:MODULE_8:g1:a0:xeq\[683]
Removing Rhs of wire add_vv_vv_MODGEN_9_1[645] = \CH2_Timer:TimerUDB:sIntCapCount:MODULE_9:g2:a0:s_1\[700]
Removing Rhs of wire add_vv_vv_MODGEN_9_0[647] = \CH2_Timer:TimerUDB:sIntCapCount:MODULE_9:g2:a0:s_0\[701]
Removing Lhs of wire \CH2_Timer:TimerUDB:capt_fifo_load_int\[649] = \CH2_Timer:TimerUDB:capt_int_temp\[648]
Removing Lhs of wire \CH2_Timer:TimerUDB:sIntCapCount:MODULE_8:g1:a0:newa_1\[650] = MODIN8_1[651]
Removing Rhs of wire MODIN8_1[651] = \CH2_Timer:TimerUDB:int_capt_count_1\[643]
Removing Lhs of wire \CH2_Timer:TimerUDB:sIntCapCount:MODULE_8:g1:a0:newa_0\[652] = MODIN8_0[653]
Removing Rhs of wire MODIN8_0[653] = \CH2_Timer:TimerUDB:int_capt_count_0\[646]
Removing Lhs of wire \CH2_Timer:TimerUDB:sIntCapCount:MODULE_8:g1:a0:newb_1\[654] = MODIN9_1[655]
Removing Rhs of wire MODIN9_1[655] = \CH2_Timer:TimerUDB:control_1\[619]
Removing Lhs of wire \CH2_Timer:TimerUDB:sIntCapCount:MODULE_8:g1:a0:newb_0\[656] = MODIN9_0[657]
Removing Rhs of wire MODIN9_0[657] = \CH2_Timer:TimerUDB:control_0\[620]
Removing Lhs of wire \CH2_Timer:TimerUDB:sIntCapCount:MODULE_8:g1:a0:dataa_1\[658] = MODIN8_1[651]
Removing Lhs of wire \CH2_Timer:TimerUDB:sIntCapCount:MODULE_8:g1:a0:dataa_0\[659] = MODIN8_0[653]
Removing Lhs of wire \CH2_Timer:TimerUDB:sIntCapCount:MODULE_8:g1:a0:datab_1\[660] = MODIN9_1[655]
Removing Lhs of wire \CH2_Timer:TimerUDB:sIntCapCount:MODULE_8:g1:a0:datab_0\[661] = MODIN9_0[657]
Removing Lhs of wire \CH2_Timer:TimerUDB:sIntCapCount:MODULE_8:g1:a0:gx:u0:a_1\[662] = MODIN8_1[651]
Removing Lhs of wire \CH2_Timer:TimerUDB:sIntCapCount:MODULE_8:g1:a0:gx:u0:a_0\[663] = MODIN8_0[653]
Removing Lhs of wire \CH2_Timer:TimerUDB:sIntCapCount:MODULE_8:g1:a0:gx:u0:b_1\[664] = MODIN9_1[655]
Removing Lhs of wire \CH2_Timer:TimerUDB:sIntCapCount:MODULE_8:g1:a0:gx:u0:b_0\[665] = MODIN9_0[657]
Removing Lhs of wire \CH2_Timer:TimerUDB:sIntCapCount:MODULE_8:g1:a0:gx:u0:aeqb_0\[668] = one[4]
Removing Lhs of wire \CH2_Timer:TimerUDB:sIntCapCount:MODULE_8:g1:a0:gx:u0:eq_0\[669] = \CH2_Timer:TimerUDB:sIntCapCount:MODULE_8:g1:a0:gx:u0:xnor_array_0\[667]
Removing Lhs of wire \CH2_Timer:TimerUDB:sIntCapCount:MODULE_8:g1:a0:gx:u0:eqi_0\[671] = \CH2_Timer:TimerUDB:sIntCapCount:MODULE_8:g1:a0:gx:u0:eq_1\[670]
Removing Rhs of wire \CH2_Timer:TimerUDB:sIntCapCount:MODULE_8:g1:a0:xeq\[683] = \CH2_Timer:TimerUDB:sIntCapCount:MODULE_8:g1:a0:gx:u0:aeqb_1\[672]
Removing Lhs of wire \CH2_Timer:TimerUDB:sIntCapCount:MODULE_9:g2:a0:a_1\[694] = MODIN8_1[651]
Removing Lhs of wire MODIN10_1[695] = MODIN8_1[651]
Removing Lhs of wire \CH2_Timer:TimerUDB:sIntCapCount:MODULE_9:g2:a0:a_0\[696] = MODIN8_0[653]
Removing Lhs of wire MODIN10_0[697] = MODIN8_0[653]
Removing Lhs of wire \CH2_Timer:TimerUDB:sIntCapCount:MODULE_9:g2:a0:g1:z1:s0:g1:u0:c_0\[703] = one[4]
Removing Lhs of wire \CH2_Timer:TimerUDB:sIntCapCount:MODULE_9:g2:a0:g1:z1:s0:g1:u0:b_0\[704] = one[4]
Removing Lhs of wire \CH2_Timer:TimerUDB:status_6\[707] = zero[27]
Removing Lhs of wire \CH2_Timer:TimerUDB:status_5\[708] = zero[27]
Removing Lhs of wire \CH2_Timer:TimerUDB:status_4\[709] = zero[27]
Removing Lhs of wire \CH2_Timer:TimerUDB:status_0\[710] = \CH2_Timer:TimerUDB:status_tc\[635]
Removing Lhs of wire \CH2_Timer:TimerUDB:status_1\[711] = \CH2_Timer:TimerUDB:capt_int_temp\[648]
Removing Rhs of wire \CH2_Timer:TimerUDB:status_2\[712] = \CH2_Timer:TimerUDB:fifo_full\[713]
Removing Rhs of wire \CH2_Timer:TimerUDB:status_3\[714] = \CH2_Timer:TimerUDB:fifo_nempty\[715]
Removing Lhs of wire \CH2_Timer:TimerUDB:cs_addr_2\[717] = zero[27]
Removing Lhs of wire \CH2_Timer:TimerUDB:cs_addr_1\[718] = \CH2_Timer:TimerUDB:trig_reg\[706]
Removing Lhs of wire \CH2_Timer:TimerUDB:cs_addr_0\[719] = \CH2_Timer:TimerUDB:per_zero\[637]
Removing Lhs of wire Net_144[896] = zero[27]
Removing Lhs of wire \CH3_Timer:TimerUDB:ctrl_enable\[916] = \CH3_Timer:TimerUDB:control_7\[908]
Removing Lhs of wire \CH3_Timer:TimerUDB:ctrl_cmode_1\[918] = one[4]
Removing Lhs of wire \CH3_Timer:TimerUDB:ctrl_ic_1\[922] = \CH3_Timer:TimerUDB:control_1\[914]
Removing Lhs of wire \CH3_Timer:TimerUDB:ctrl_ic_0\[923] = \CH3_Timer:TimerUDB:control_0\[915]
Removing Rhs of wire \CH3_Timer:TimerUDB:timer_enable\[927] = \CH3_Timer:TimerUDB:runmode_enable\[1000]
Removing Rhs of wire \CH3_Timer:TimerUDB:run_mode\[928] = \CH3_Timer:TimerUDB:hwEnable\[929]
Removing Lhs of wire \CH3_Timer:TimerUDB:run_mode\[928] = \CH3_Timer:TimerUDB:control_7\[908]
Removing Lhs of wire \CH3_Timer:TimerUDB:trigger_enable\[931] = one[4]
Removing Lhs of wire \CH3_Timer:TimerUDB:tc_i\[933] = \CH3_Timer:TimerUDB:status_tc\[930]
Removing Lhs of wire cmp_vv_vv_MODGEN_10[939] = \CH3_Timer:TimerUDB:sIntCapCount:MODULE_10:g1:a0:xeq\[978]
Removing Rhs of wire add_vv_vv_MODGEN_11_1[940] = \CH3_Timer:TimerUDB:sIntCapCount:MODULE_11:g2:a0:s_1\[995]
Removing Rhs of wire add_vv_vv_MODGEN_11_0[942] = \CH3_Timer:TimerUDB:sIntCapCount:MODULE_11:g2:a0:s_0\[996]
Removing Lhs of wire \CH3_Timer:TimerUDB:capt_fifo_load_int\[944] = \CH3_Timer:TimerUDB:capt_int_temp\[943]
Removing Lhs of wire \CH3_Timer:TimerUDB:sIntCapCount:MODULE_10:g1:a0:newa_1\[945] = MODIN11_1[946]
Removing Rhs of wire MODIN11_1[946] = \CH3_Timer:TimerUDB:int_capt_count_1\[938]
Removing Lhs of wire \CH3_Timer:TimerUDB:sIntCapCount:MODULE_10:g1:a0:newa_0\[947] = MODIN11_0[948]
Removing Rhs of wire MODIN11_0[948] = \CH3_Timer:TimerUDB:int_capt_count_0\[941]
Removing Lhs of wire \CH3_Timer:TimerUDB:sIntCapCount:MODULE_10:g1:a0:newb_1\[949] = MODIN12_1[950]
Removing Rhs of wire MODIN12_1[950] = \CH3_Timer:TimerUDB:control_1\[914]
Removing Lhs of wire \CH3_Timer:TimerUDB:sIntCapCount:MODULE_10:g1:a0:newb_0\[951] = MODIN12_0[952]
Removing Rhs of wire MODIN12_0[952] = \CH3_Timer:TimerUDB:control_0\[915]
Removing Lhs of wire \CH3_Timer:TimerUDB:sIntCapCount:MODULE_10:g1:a0:dataa_1\[953] = MODIN11_1[946]
Removing Lhs of wire \CH3_Timer:TimerUDB:sIntCapCount:MODULE_10:g1:a0:dataa_0\[954] = MODIN11_0[948]
Removing Lhs of wire \CH3_Timer:TimerUDB:sIntCapCount:MODULE_10:g1:a0:datab_1\[955] = MODIN12_1[950]
Removing Lhs of wire \CH3_Timer:TimerUDB:sIntCapCount:MODULE_10:g1:a0:datab_0\[956] = MODIN12_0[952]
Removing Lhs of wire \CH3_Timer:TimerUDB:sIntCapCount:MODULE_10:g1:a0:gx:u0:a_1\[957] = MODIN11_1[946]
Removing Lhs of wire \CH3_Timer:TimerUDB:sIntCapCount:MODULE_10:g1:a0:gx:u0:a_0\[958] = MODIN11_0[948]
Removing Lhs of wire \CH3_Timer:TimerUDB:sIntCapCount:MODULE_10:g1:a0:gx:u0:b_1\[959] = MODIN12_1[950]
Removing Lhs of wire \CH3_Timer:TimerUDB:sIntCapCount:MODULE_10:g1:a0:gx:u0:b_0\[960] = MODIN12_0[952]
Removing Lhs of wire \CH3_Timer:TimerUDB:sIntCapCount:MODULE_10:g1:a0:gx:u0:aeqb_0\[963] = one[4]
Removing Lhs of wire \CH3_Timer:TimerUDB:sIntCapCount:MODULE_10:g1:a0:gx:u0:eq_0\[964] = \CH3_Timer:TimerUDB:sIntCapCount:MODULE_10:g1:a0:gx:u0:xnor_array_0\[962]
Removing Lhs of wire \CH3_Timer:TimerUDB:sIntCapCount:MODULE_10:g1:a0:gx:u0:eqi_0\[966] = \CH3_Timer:TimerUDB:sIntCapCount:MODULE_10:g1:a0:gx:u0:eq_1\[965]
Removing Rhs of wire \CH3_Timer:TimerUDB:sIntCapCount:MODULE_10:g1:a0:xeq\[978] = \CH3_Timer:TimerUDB:sIntCapCount:MODULE_10:g1:a0:gx:u0:aeqb_1\[967]
Removing Lhs of wire \CH3_Timer:TimerUDB:sIntCapCount:MODULE_11:g2:a0:a_1\[989] = MODIN11_1[946]
Removing Lhs of wire MODIN13_1[990] = MODIN11_1[946]
Removing Lhs of wire \CH3_Timer:TimerUDB:sIntCapCount:MODULE_11:g2:a0:a_0\[991] = MODIN11_0[948]
Removing Lhs of wire MODIN13_0[992] = MODIN11_0[948]
Removing Lhs of wire \CH3_Timer:TimerUDB:sIntCapCount:MODULE_11:g2:a0:g1:z1:s0:g1:u0:c_0\[998] = one[4]
Removing Lhs of wire \CH3_Timer:TimerUDB:sIntCapCount:MODULE_11:g2:a0:g1:z1:s0:g1:u0:b_0\[999] = one[4]
Removing Lhs of wire \CH3_Timer:TimerUDB:status_6\[1002] = zero[27]
Removing Lhs of wire \CH3_Timer:TimerUDB:status_5\[1003] = zero[27]
Removing Lhs of wire \CH3_Timer:TimerUDB:status_4\[1004] = zero[27]
Removing Lhs of wire \CH3_Timer:TimerUDB:status_0\[1005] = \CH3_Timer:TimerUDB:status_tc\[930]
Removing Lhs of wire \CH3_Timer:TimerUDB:status_1\[1006] = \CH3_Timer:TimerUDB:capt_int_temp\[943]
Removing Rhs of wire \CH3_Timer:TimerUDB:status_2\[1007] = \CH3_Timer:TimerUDB:fifo_full\[1008]
Removing Rhs of wire \CH3_Timer:TimerUDB:status_3\[1009] = \CH3_Timer:TimerUDB:fifo_nempty\[1010]
Removing Lhs of wire \CH3_Timer:TimerUDB:cs_addr_2\[1012] = zero[27]
Removing Lhs of wire \CH3_Timer:TimerUDB:cs_addr_1\[1013] = \CH3_Timer:TimerUDB:trig_reg\[1001]
Removing Lhs of wire \CH3_Timer:TimerUDB:cs_addr_0\[1014] = \CH3_Timer:TimerUDB:per_zero\[932]
Removing Lhs of wire Net_156[1191] = zero[27]
Removing Lhs of wire \CH4_Timer:TimerUDB:ctrl_enable\[1211] = \CH4_Timer:TimerUDB:control_7\[1203]
Removing Lhs of wire \CH4_Timer:TimerUDB:ctrl_cmode_1\[1213] = one[4]
Removing Lhs of wire \CH4_Timer:TimerUDB:ctrl_ic_1\[1217] = \CH4_Timer:TimerUDB:control_1\[1209]
Removing Lhs of wire \CH4_Timer:TimerUDB:ctrl_ic_0\[1218] = \CH4_Timer:TimerUDB:control_0\[1210]
Removing Rhs of wire \CH4_Timer:TimerUDB:timer_enable\[1222] = \CH4_Timer:TimerUDB:runmode_enable\[1295]
Removing Rhs of wire \CH4_Timer:TimerUDB:run_mode\[1223] = \CH4_Timer:TimerUDB:hwEnable\[1224]
Removing Lhs of wire \CH4_Timer:TimerUDB:run_mode\[1223] = \CH4_Timer:TimerUDB:control_7\[1203]
Removing Lhs of wire \CH4_Timer:TimerUDB:trigger_enable\[1226] = one[4]
Removing Lhs of wire \CH4_Timer:TimerUDB:tc_i\[1228] = \CH4_Timer:TimerUDB:status_tc\[1225]
Removing Lhs of wire \CH4_Timer:TimerUDB:sIntCapCount:cmp_vv_vv_MODGEN_12\[1234] = \CH4_Timer:TimerUDB:sIntCapCount:MODULE_12:g1:a0:xeq\[1273]
Removing Lhs of wire \CH4_Timer:TimerUDB:sIntCapCount:add_vv_vv_MODGEN_13_1\[1235] = \CH4_Timer:TimerUDB:sIntCapCount:MODULE_13:g2:a0:s_1\[1290]
Removing Lhs of wire \CH4_Timer:TimerUDB:sIntCapCount:add_vv_vv_MODGEN_13_0\[1237] = \CH4_Timer:TimerUDB:sIntCapCount:MODULE_13:g2:a0:s_0\[1291]
Removing Lhs of wire \CH4_Timer:TimerUDB:capt_fifo_load_int\[1239] = \CH4_Timer:TimerUDB:capt_int_temp\[1238]
Removing Lhs of wire \CH4_Timer:TimerUDB:sIntCapCount:MODULE_12:g1:a0:newa_1\[1240] = \CH4_Timer:TimerUDB:sIntCapCount:MODIN14_1\[1241]
Removing Lhs of wire \CH4_Timer:TimerUDB:sIntCapCount:MODIN14_1\[1241] = \CH4_Timer:TimerUDB:int_capt_count_1\[1233]
Removing Lhs of wire \CH4_Timer:TimerUDB:sIntCapCount:MODULE_12:g1:a0:newa_0\[1242] = \CH4_Timer:TimerUDB:sIntCapCount:MODIN14_0\[1243]
Removing Lhs of wire \CH4_Timer:TimerUDB:sIntCapCount:MODIN14_0\[1243] = \CH4_Timer:TimerUDB:int_capt_count_0\[1236]
Removing Lhs of wire \CH4_Timer:TimerUDB:sIntCapCount:MODULE_12:g1:a0:newb_1\[1244] = \CH4_Timer:TimerUDB:sIntCapCount:MODIN15_1\[1245]
Removing Lhs of wire \CH4_Timer:TimerUDB:sIntCapCount:MODIN15_1\[1245] = \CH4_Timer:TimerUDB:control_1\[1209]
Removing Lhs of wire \CH4_Timer:TimerUDB:sIntCapCount:MODULE_12:g1:a0:newb_0\[1246] = \CH4_Timer:TimerUDB:sIntCapCount:MODIN15_0\[1247]
Removing Lhs of wire \CH4_Timer:TimerUDB:sIntCapCount:MODIN15_0\[1247] = \CH4_Timer:TimerUDB:control_0\[1210]
Removing Lhs of wire \CH4_Timer:TimerUDB:sIntCapCount:MODULE_12:g1:a0:dataa_1\[1248] = \CH4_Timer:TimerUDB:int_capt_count_1\[1233]
Removing Lhs of wire \CH4_Timer:TimerUDB:sIntCapCount:MODULE_12:g1:a0:dataa_0\[1249] = \CH4_Timer:TimerUDB:int_capt_count_0\[1236]
Removing Lhs of wire \CH4_Timer:TimerUDB:sIntCapCount:MODULE_12:g1:a0:datab_1\[1250] = \CH4_Timer:TimerUDB:control_1\[1209]
Removing Lhs of wire \CH4_Timer:TimerUDB:sIntCapCount:MODULE_12:g1:a0:datab_0\[1251] = \CH4_Timer:TimerUDB:control_0\[1210]
Removing Lhs of wire \CH4_Timer:TimerUDB:sIntCapCount:MODULE_12:g1:a0:gx:u0:a_1\[1252] = \CH4_Timer:TimerUDB:int_capt_count_1\[1233]
Removing Lhs of wire \CH4_Timer:TimerUDB:sIntCapCount:MODULE_12:g1:a0:gx:u0:a_0\[1253] = \CH4_Timer:TimerUDB:int_capt_count_0\[1236]
Removing Lhs of wire \CH4_Timer:TimerUDB:sIntCapCount:MODULE_12:g1:a0:gx:u0:b_1\[1254] = \CH4_Timer:TimerUDB:control_1\[1209]
Removing Lhs of wire \CH4_Timer:TimerUDB:sIntCapCount:MODULE_12:g1:a0:gx:u0:b_0\[1255] = \CH4_Timer:TimerUDB:control_0\[1210]
Removing Lhs of wire \CH4_Timer:TimerUDB:sIntCapCount:MODULE_12:g1:a0:gx:u0:aeqb_0\[1258] = one[4]
Removing Lhs of wire \CH4_Timer:TimerUDB:sIntCapCount:MODULE_12:g1:a0:gx:u0:eq_0\[1259] = \CH4_Timer:TimerUDB:sIntCapCount:MODULE_12:g1:a0:gx:u0:xnor_array_0\[1257]
Removing Lhs of wire \CH4_Timer:TimerUDB:sIntCapCount:MODULE_12:g1:a0:gx:u0:eqi_0\[1261] = \CH4_Timer:TimerUDB:sIntCapCount:MODULE_12:g1:a0:gx:u0:eq_1\[1260]
Removing Rhs of wire \CH4_Timer:TimerUDB:sIntCapCount:MODULE_12:g1:a0:xeq\[1273] = \CH4_Timer:TimerUDB:sIntCapCount:MODULE_12:g1:a0:gx:u0:aeqb_1\[1262]
Removing Lhs of wire \CH4_Timer:TimerUDB:sIntCapCount:MODULE_13:g2:a0:a_1\[1284] = \CH4_Timer:TimerUDB:int_capt_count_1\[1233]
Removing Lhs of wire \CH4_Timer:TimerUDB:sIntCapCount:MODIN16_1\[1285] = \CH4_Timer:TimerUDB:int_capt_count_1\[1233]
Removing Lhs of wire \CH4_Timer:TimerUDB:sIntCapCount:MODULE_13:g2:a0:a_0\[1286] = \CH4_Timer:TimerUDB:int_capt_count_0\[1236]
Removing Lhs of wire \CH4_Timer:TimerUDB:sIntCapCount:MODIN16_0\[1287] = \CH4_Timer:TimerUDB:int_capt_count_0\[1236]
Removing Lhs of wire \CH4_Timer:TimerUDB:sIntCapCount:MODULE_13:g2:a0:g1:z1:s0:g1:u0:c_0\[1293] = one[4]
Removing Lhs of wire \CH4_Timer:TimerUDB:sIntCapCount:MODULE_13:g2:a0:g1:z1:s0:g1:u0:b_0\[1294] = one[4]
Removing Lhs of wire \CH4_Timer:TimerUDB:status_6\[1297] = zero[27]
Removing Lhs of wire \CH4_Timer:TimerUDB:status_5\[1298] = zero[27]
Removing Lhs of wire \CH4_Timer:TimerUDB:status_4\[1299] = zero[27]
Removing Lhs of wire \CH4_Timer:TimerUDB:status_0\[1300] = \CH4_Timer:TimerUDB:status_tc\[1225]
Removing Lhs of wire \CH4_Timer:TimerUDB:status_1\[1301] = \CH4_Timer:TimerUDB:capt_int_temp\[1238]
Removing Rhs of wire \CH4_Timer:TimerUDB:status_2\[1302] = \CH4_Timer:TimerUDB:fifo_full\[1303]
Removing Rhs of wire \CH4_Timer:TimerUDB:status_3\[1304] = \CH4_Timer:TimerUDB:fifo_nempty\[1305]
Removing Lhs of wire \CH4_Timer:TimerUDB:cs_addr_2\[1307] = zero[27]
Removing Lhs of wire \CH4_Timer:TimerUDB:cs_addr_1\[1308] = \CH4_Timer:TimerUDB:trig_reg\[1296]
Removing Lhs of wire \CH4_Timer:TimerUDB:cs_addr_0\[1309] = \CH4_Timer:TimerUDB:per_zero\[1227]
Removing Lhs of wire tmpOE__CH1_Pin_net_0[1487] = one[4]
Removing Lhs of wire tmpOE__CH2_Pin_net_0[1493] = one[4]
Removing Lhs of wire tmpOE__CH3_Pin_net_0[1499] = one[4]
Removing Lhs of wire tmpOE__CH4_Pin_net_0[1505] = one[4]
Removing Lhs of wire tmpOE__SDA_1_net_0[1519] = one[4]
Removing Lhs of wire tmpOE__SCL_1_net_0[1525] = one[4]
Removing Rhs of wire \I2C_1:sda_x_wire\[1530] = \I2C_1:Net_643_1\[1531]
Removing Rhs of wire \I2C_1:Net_697\[1533] = \I2C_1:Net_643_2\[1539]
Removing Rhs of wire \I2C_1:Net_1109_0\[1536] = \I2C_1:scl_yfb\[1549]
Removing Rhs of wire \I2C_1:Net_1109_1\[1537] = \I2C_1:sda_yfb\[1550]
Removing Lhs of wire \I2C_1:scl_x_wire\[1540] = \I2C_1:Net_643_0\[1538]
Removing Lhs of wire \I2C_1:Net_969\[1541] = one[4]
Removing Lhs of wire \I2C_1:Net_968\[1542] = one[4]
Removing Lhs of wire \I2C_1:tmpOE__Bufoe_scl_net_0\[1552] = one[4]
Removing Lhs of wire \I2C_1:tmpOE__Bufoe_sda_net_0\[1554] = one[4]
Removing Lhs of wire \UART_1:BUART:reset_reg\\D\[1560] = zero[27]
Removing Lhs of wire \UART_1:BUART:rx_bitclk\\D\[1575] = \UART_1:BUART:rx_bitclk_pre\[129]
Removing Lhs of wire \UART_1:BUART:rx_parity_error_pre\\D\[1584] = \UART_1:BUART:rx_parity_error_pre\[206]
Removing Lhs of wire \UART_1:BUART:rx_break_status\\D\[1585] = zero[27]
Removing Lhs of wire \CH1_Timer:TimerUDB:capture_last\\D\[1589] = zero[27]
Removing Lhs of wire \CH1_Timer:TimerUDB:tc_reg_i\\D\[1590] = \CH1_Timer:TimerUDB:status_tc\[340]
Removing Lhs of wire \CH1_Timer:TimerUDB:hwEnable_reg\\D\[1591] = \CH1_Timer:TimerUDB:control_7\[318]
Removing Lhs of wire \CH1_Timer:TimerUDB:capture_out_reg_i\\D\[1592] = \CH1_Timer:TimerUDB:capt_fifo_load\[336]
Removing Lhs of wire \CH2_Timer:TimerUDB:capture_last\\D\[1596] = zero[27]
Removing Lhs of wire \CH2_Timer:TimerUDB:tc_reg_i\\D\[1597] = \CH2_Timer:TimerUDB:status_tc\[635]
Removing Lhs of wire \CH2_Timer:TimerUDB:hwEnable_reg\\D\[1598] = \CH2_Timer:TimerUDB:control_7\[613]
Removing Lhs of wire \CH2_Timer:TimerUDB:capture_out_reg_i\\D\[1599] = \CH2_Timer:TimerUDB:capt_fifo_load\[631]
Removing Lhs of wire \CH3_Timer:TimerUDB:capture_last\\D\[1603] = zero[27]
Removing Lhs of wire \CH3_Timer:TimerUDB:tc_reg_i\\D\[1604] = \CH3_Timer:TimerUDB:status_tc\[930]
Removing Lhs of wire \CH3_Timer:TimerUDB:hwEnable_reg\\D\[1605] = \CH3_Timer:TimerUDB:control_7\[908]
Removing Lhs of wire \CH3_Timer:TimerUDB:capture_out_reg_i\\D\[1606] = \CH3_Timer:TimerUDB:capt_fifo_load\[926]
Removing Lhs of wire \CH4_Timer:TimerUDB:capture_last\\D\[1610] = zero[27]
Removing Lhs of wire \CH4_Timer:TimerUDB:tc_reg_i\\D\[1611] = \CH4_Timer:TimerUDB:status_tc\[1225]
Removing Lhs of wire \CH4_Timer:TimerUDB:hwEnable_reg\\D\[1612] = \CH4_Timer:TimerUDB:control_7\[1203]
Removing Lhs of wire \CH4_Timer:TimerUDB:capture_out_reg_i\\D\[1613] = \CH4_Timer:TimerUDB:capt_fifo_load\[1221]

------------------------------------------------------
Aliased 0 equations, 331 wires.
------------------------------------------------------

----------------------------------------------------------
Circuit simplification
----------------------------------------------------------

Substituting virtuals - pass 1:

Note:  Expanding virtual equation for 'one' (cost = 0):
one <=  ('1') ;

Note:  Expanding virtual equation for 'zero' (cost = 0):
zero <=  ('0') ;

Note:  Expanding virtual equation for '\UART_1:BUART:rx_addressmatch\' (cost = 0):
\UART_1:BUART:rx_addressmatch\ <= (\UART_1:BUART:rx_addressmatch2\
	OR \UART_1:BUART:rx_addressmatch1\);

Note:  Expanding virtual equation for '\UART_1:BUART:rx_bitclk_pre\' (cost = 1):
\UART_1:BUART:rx_bitclk_pre\ <= ((not \UART_1:BUART:rx_count_2\ and not \UART_1:BUART:rx_count_1\ and not \UART_1:BUART:rx_count_0\));

Note:  Expanding virtual equation for '\UART_1:BUART:rx_bitclk_pre16x\' (cost = 0):
\UART_1:BUART:rx_bitclk_pre16x\ <= ((not \UART_1:BUART:rx_count_2\ and \UART_1:BUART:rx_count_1\ and \UART_1:BUART:rx_count_0\));

Note:  Expanding virtual equation for '\UART_1:BUART:rx_poll_bit1\' (cost = 1):
\UART_1:BUART:rx_poll_bit1\ <= ((not \UART_1:BUART:rx_count_2\ and not \UART_1:BUART:rx_count_1\ and \UART_1:BUART:rx_count_0\));

Note:  Expanding virtual equation for '\UART_1:BUART:rx_poll_bit2\' (cost = 1):
\UART_1:BUART:rx_poll_bit2\ <= ((not \UART_1:BUART:rx_count_2\ and not \UART_1:BUART:rx_count_1\ and not \UART_1:BUART:rx_count_0\));

Note:  Expanding virtual equation for '\UART_1:BUART:pollingrange\' (cost = 4):
\UART_1:BUART:pollingrange\ <= ((not \UART_1:BUART:rx_count_2\ and not \UART_1:BUART:rx_count_1\));

Note:  Expanding virtual equation for '\UART_1:BUART:sRX:s23Poll:MODULE_1:g2:a0:g1:z1:s0:g1:u0:c_1\' (cost = 0):
\UART_1:BUART:sRX:s23Poll:MODULE_1:g2:a0:g1:z1:s0:g1:u0:c_1\ <= (\UART_1:BUART:pollcount_0\);

Note:  Expanding virtual equation for '\UART_1:BUART:sRX:s23Poll:MODULE_1:g2:a0:s_0\' (cost = 0):
\UART_1:BUART:sRX:s23Poll:MODULE_1:g2:a0:s_0\ <= (not \UART_1:BUART:pollcount_0\);

Note:  Expanding virtual equation for '\UART_1:BUART:sRX:s23Poll:MODULE_2:g2:a0:lta_1\' (cost = 0):
\UART_1:BUART:sRX:s23Poll:MODULE_2:g2:a0:lta_1\ <=  ('0') ;

Note:  Expanding virtual equation for '\UART_1:BUART:sRX:s23Poll:MODULE_2:g2:a0:gta_1\' (cost = 0):
\UART_1:BUART:sRX:s23Poll:MODULE_2:g2:a0:gta_1\ <= (\UART_1:BUART:pollcount_1\);

Note:  Expanding virtual equation for '\UART_1:BUART:sRX:s23Poll:MODULE_3:g2:a0:lta_1\' (cost = 0):
\UART_1:BUART:sRX:s23Poll:MODULE_3:g2:a0:lta_1\ <= (not \UART_1:BUART:pollcount_1\);

Note:  Expanding virtual equation for '\UART_1:BUART:sRX:s23Poll:MODULE_3:g2:a0:gta_1\' (cost = 0):
\UART_1:BUART:sRX:s23Poll:MODULE_3:g2:a0:gta_1\ <=  ('0') ;

Note:  Expanding virtual equation for '\UART_1:BUART:sRX:MODULE_4:g2:a0:lta_6\' (cost = 0):
\UART_1:BUART:sRX:MODULE_4:g2:a0:lta_6\ <=  ('0') ;

Note:  Expanding virtual equation for '\UART_1:BUART:sRX:MODULE_4:g2:a0:gta_6\' (cost = 0):
\UART_1:BUART:sRX:MODULE_4:g2:a0:gta_6\ <=  ('0') ;

Note:  Expanding virtual equation for '\UART_1:BUART:sRX:MODULE_4:g2:a0:lta_5\' (cost = 0):
\UART_1:BUART:sRX:MODULE_4:g2:a0:lta_5\ <=  ('0') ;

Note:  Expanding virtual equation for '\UART_1:BUART:sRX:MODULE_4:g2:a0:gta_5\' (cost = 0):
\UART_1:BUART:sRX:MODULE_4:g2:a0:gta_5\ <=  ('0') ;

Note:  Expanding virtual equation for '\UART_1:BUART:sRX:MODULE_4:g2:a0:lta_4\' (cost = 0):
\UART_1:BUART:sRX:MODULE_4:g2:a0:lta_4\ <=  ('0') ;

Note:  Expanding virtual equation for '\UART_1:BUART:sRX:MODULE_4:g2:a0:gta_4\' (cost = 0):
\UART_1:BUART:sRX:MODULE_4:g2:a0:gta_4\ <=  ('0') ;

Note:  Expanding virtual equation for '\UART_1:BUART:sRX:MODULE_4:g2:a0:lta_3\' (cost = 0):
\UART_1:BUART:sRX:MODULE_4:g2:a0:lta_3\ <=  ('0') ;

Note:  Expanding virtual equation for '\UART_1:BUART:sRX:MODULE_4:g2:a0:gta_3\' (cost = 0):
\UART_1:BUART:sRX:MODULE_4:g2:a0:gta_3\ <= (\UART_1:BUART:rx_count_6\);

Note:  Expanding virtual equation for '\UART_1:BUART:sRX:MODULE_4:g2:a0:lta_2\' (cost = 1):
\UART_1:BUART:sRX:MODULE_4:g2:a0:lta_2\ <= ((not \UART_1:BUART:rx_count_6\ and not \UART_1:BUART:rx_count_5\));

Note:  Expanding virtual equation for '\UART_1:BUART:sRX:MODULE_4:g2:a0:gta_2\' (cost = 0):
\UART_1:BUART:sRX:MODULE_4:g2:a0:gta_2\ <= (\UART_1:BUART:rx_count_6\);

Note:  Expanding virtual equation for '\UART_1:BUART:sRX:MODULE_4:g2:a0:lta_1\' (cost = 2):
\UART_1:BUART:sRX:MODULE_4:g2:a0:lta_1\ <= ((not \UART_1:BUART:rx_count_6\ and not \UART_1:BUART:rx_count_4\)
	OR (not \UART_1:BUART:rx_count_6\ and not \UART_1:BUART:rx_count_5\));

Note:  Expanding virtual equation for '\UART_1:BUART:sRX:MODULE_4:g2:a0:gta_1\' (cost = 0):
\UART_1:BUART:sRX:MODULE_4:g2:a0:gta_1\ <= (\UART_1:BUART:rx_count_6\);

Note:  Expanding virtual equation for '\UART_1:BUART:sRX:MODULE_4:g2:a0:lta_0\' (cost = 8):
\UART_1:BUART:sRX:MODULE_4:g2:a0:lta_0\ <= ((not \UART_1:BUART:rx_count_6\ and not \UART_1:BUART:rx_count_4\)
	OR (not \UART_1:BUART:rx_count_6\ and not \UART_1:BUART:rx_count_5\));

Note:  Expanding virtual equation for '\CH1_Timer:TimerUDB:fifo_load_polarized\' (cost = 0):
\CH1_Timer:TimerUDB:fifo_load_polarized\ <= (\CH1_Timer:TimerUDB:capture_last\);

Note:  Expanding virtual equation for '\CH1_Timer:TimerUDB:timer_enable\' (cost = 0):
\CH1_Timer:TimerUDB:timer_enable\ <= (\CH1_Timer:TimerUDB:control_7\);

Note:  Expanding virtual equation for '\CH1_Timer:TimerUDB:sIntCapCount:MODULE_7:g2:a0:g1:z1:s0:g1:u0:c_1\' (cost = 0):
\CH1_Timer:TimerUDB:sIntCapCount:MODULE_7:g2:a0:g1:z1:s0:g1:u0:c_1\ <= (MODIN5_0);

Note:  Expanding virtual equation for 'add_vv_vv_MODGEN_7_0' (cost = 0):
add_vv_vv_MODGEN_7_0 <= (not MODIN5_0);

Note:  Expanding virtual equation for '\CH1_Timer:TimerUDB:sIntCapCount:MODULE_6:g1:a0:gx:u0:xnor_array_1\' (cost = 2):
\CH1_Timer:TimerUDB:sIntCapCount:MODULE_6:g1:a0:gx:u0:xnor_array_1\ <= ((not MODIN5_1 and not MODIN6_1)
	OR (MODIN5_1 and MODIN6_1));

Note:  Expanding virtual equation for '\CH1_Timer:TimerUDB:sIntCapCount:MODULE_6:g1:a0:gx:u0:xnor_array_0\' (cost = 4):
\CH1_Timer:TimerUDB:sIntCapCount:MODULE_6:g1:a0:gx:u0:xnor_array_0\ <= ((not MODIN5_0 and not MODIN6_0)
	OR (MODIN5_0 and MODIN6_0));

Note:  Expanding virtual equation for '\CH1_Timer:TimerUDB:sIntCapCount:MODULE_6:g1:a0:gx:u0:eq_1\' (cost = 4):
\CH1_Timer:TimerUDB:sIntCapCount:MODULE_6:g1:a0:gx:u0:eq_1\ <= ((not MODIN5_1 and not MODIN5_0 and not MODIN6_1 and not MODIN6_0)
	OR (not MODIN5_1 and not MODIN6_1 and MODIN5_0 and MODIN6_0)
	OR (not MODIN5_0 and not MODIN6_0 and MODIN5_1 and MODIN6_1)
	OR (MODIN5_1 and MODIN5_0 and MODIN6_1 and MODIN6_0));

Note:  Expanding virtual equation for '\CH1_Timer:TimerUDB:sIntCapCount:MODULE_6:g1:a0:xeq\' (cost = 60):
\CH1_Timer:TimerUDB:sIntCapCount:MODULE_6:g1:a0:xeq\ <= ((not MODIN5_1 and not MODIN5_0 and not MODIN6_1 and not MODIN6_0)
	OR (not MODIN5_1 and not MODIN6_1 and MODIN5_0 and MODIN6_0)
	OR (not MODIN5_0 and not MODIN6_0 and MODIN5_1 and MODIN6_1)
	OR (MODIN5_1 and MODIN5_0 and MODIN6_1 and MODIN6_0));

Note:  Expanding virtual equation for '\CH2_Timer:TimerUDB:fifo_load_polarized\' (cost = 0):
\CH2_Timer:TimerUDB:fifo_load_polarized\ <= (\CH2_Timer:TimerUDB:capture_last\);

Note:  Expanding virtual equation for '\CH2_Timer:TimerUDB:timer_enable\' (cost = 0):
\CH2_Timer:TimerUDB:timer_enable\ <= (\CH2_Timer:TimerUDB:control_7\);

Note:  Expanding virtual equation for '\CH2_Timer:TimerUDB:sIntCapCount:MODULE_9:g2:a0:g1:z1:s0:g1:u0:c_1\' (cost = 0):
\CH2_Timer:TimerUDB:sIntCapCount:MODULE_9:g2:a0:g1:z1:s0:g1:u0:c_1\ <= (MODIN8_0);

Note:  Expanding virtual equation for 'add_vv_vv_MODGEN_9_0' (cost = 0):
add_vv_vv_MODGEN_9_0 <= (not MODIN8_0);

Note:  Expanding virtual equation for '\CH2_Timer:TimerUDB:sIntCapCount:MODULE_8:g1:a0:gx:u0:xnor_array_1\' (cost = 2):
\CH2_Timer:TimerUDB:sIntCapCount:MODULE_8:g1:a0:gx:u0:xnor_array_1\ <= ((not MODIN8_1 and not MODIN9_1)
	OR (MODIN8_1 and MODIN9_1));

Note:  Expanding virtual equation for '\CH2_Timer:TimerUDB:sIntCapCount:MODULE_8:g1:a0:gx:u0:xnor_array_0\' (cost = 4):
\CH2_Timer:TimerUDB:sIntCapCount:MODULE_8:g1:a0:gx:u0:xnor_array_0\ <= ((not MODIN8_0 and not MODIN9_0)
	OR (MODIN8_0 and MODIN9_0));

Note:  Expanding virtual equation for '\CH2_Timer:TimerUDB:sIntCapCount:MODULE_8:g1:a0:gx:u0:eq_1\' (cost = 4):
\CH2_Timer:TimerUDB:sIntCapCount:MODULE_8:g1:a0:gx:u0:eq_1\ <= ((not MODIN8_1 and not MODIN8_0 and not MODIN9_1 and not MODIN9_0)
	OR (not MODIN8_1 and not MODIN9_1 and MODIN8_0 and MODIN9_0)
	OR (not MODIN8_0 and not MODIN9_0 and MODIN8_1 and MODIN9_1)
	OR (MODIN8_1 and MODIN8_0 and MODIN9_1 and MODIN9_0));

Note:  Expanding virtual equation for '\CH2_Timer:TimerUDB:sIntCapCount:MODULE_8:g1:a0:xeq\' (cost = 60):
\CH2_Timer:TimerUDB:sIntCapCount:MODULE_8:g1:a0:xeq\ <= ((not MODIN8_1 and not MODIN8_0 and not MODIN9_1 and not MODIN9_0)
	OR (not MODIN8_1 and not MODIN9_1 and MODIN8_0 and MODIN9_0)
	OR (not MODIN8_0 and not MODIN9_0 and MODIN8_1 and MODIN9_1)
	OR (MODIN8_1 and MODIN8_0 and MODIN9_1 and MODIN9_0));

Note:  Expanding virtual equation for '\CH3_Timer:TimerUDB:fifo_load_polarized\' (cost = 0):
\CH3_Timer:TimerUDB:fifo_load_polarized\ <= (\CH3_Timer:TimerUDB:capture_last\);

Note:  Expanding virtual equation for '\CH3_Timer:TimerUDB:timer_enable\' (cost = 0):
\CH3_Timer:TimerUDB:timer_enable\ <= (\CH3_Timer:TimerUDB:control_7\);

Note:  Expanding virtual equation for '\CH3_Timer:TimerUDB:sIntCapCount:MODULE_11:g2:a0:g1:z1:s0:g1:u0:c_1\' (cost = 0):
\CH3_Timer:TimerUDB:sIntCapCount:MODULE_11:g2:a0:g1:z1:s0:g1:u0:c_1\ <= (MODIN11_0);

Note:  Expanding virtual equation for 'add_vv_vv_MODGEN_11_0' (cost = 0):
add_vv_vv_MODGEN_11_0 <= (not MODIN11_0);

Note:  Expanding virtual equation for '\CH3_Timer:TimerUDB:sIntCapCount:MODULE_10:g1:a0:gx:u0:xnor_array_1\' (cost = 2):
\CH3_Timer:TimerUDB:sIntCapCount:MODULE_10:g1:a0:gx:u0:xnor_array_1\ <= ((not MODIN11_1 and not MODIN12_1)
	OR (MODIN11_1 and MODIN12_1));

Note:  Expanding virtual equation for '\CH3_Timer:TimerUDB:sIntCapCount:MODULE_10:g1:a0:gx:u0:xnor_array_0\' (cost = 4):
\CH3_Timer:TimerUDB:sIntCapCount:MODULE_10:g1:a0:gx:u0:xnor_array_0\ <= ((not MODIN11_0 and not MODIN12_0)
	OR (MODIN11_0 and MODIN12_0));

Note:  Expanding virtual equation for '\CH3_Timer:TimerUDB:sIntCapCount:MODULE_10:g1:a0:gx:u0:eq_1\' (cost = 4):
\CH3_Timer:TimerUDB:sIntCapCount:MODULE_10:g1:a0:gx:u0:eq_1\ <= ((not MODIN11_1 and not MODIN11_0 and not MODIN12_1 and not MODIN12_0)
	OR (not MODIN11_1 and not MODIN12_1 and MODIN11_0 and MODIN12_0)
	OR (not MODIN11_0 and not MODIN12_0 and MODIN11_1 and MODIN12_1)
	OR (MODIN11_1 and MODIN11_0 and MODIN12_1 and MODIN12_0));

Note:  Expanding virtual equation for '\CH3_Timer:TimerUDB:sIntCapCount:MODULE_10:g1:a0:xeq\' (cost = 60):
\CH3_Timer:TimerUDB:sIntCapCount:MODULE_10:g1:a0:xeq\ <= ((not MODIN11_1 and not MODIN11_0 and not MODIN12_1 and not MODIN12_0)
	OR (not MODIN11_1 and not MODIN12_1 and MODIN11_0 and MODIN12_0)
	OR (not MODIN11_0 and not MODIN12_0 and MODIN11_1 and MODIN12_1)
	OR (MODIN11_1 and MODIN11_0 and MODIN12_1 and MODIN12_0));

Note:  Expanding virtual equation for '\CH4_Timer:TimerUDB:fifo_load_polarized\' (cost = 0):
\CH4_Timer:TimerUDB:fifo_load_polarized\ <= (\CH4_Timer:TimerUDB:capture_last\);

Note:  Expanding virtual equation for '\CH4_Timer:TimerUDB:timer_enable\' (cost = 0):
\CH4_Timer:TimerUDB:timer_enable\ <= (\CH4_Timer:TimerUDB:control_7\);

Note:  Expanding virtual equation for '\CH4_Timer:TimerUDB:sIntCapCount:MODULE_12:g1:a0:gx:u0:xnor_array_1\' (cost = 2):
\CH4_Timer:TimerUDB:sIntCapCount:MODULE_12:g1:a0:gx:u0:xnor_array_1\ <= ((not \CH4_Timer:TimerUDB:control_1\ and not \CH4_Timer:TimerUDB:int_capt_count_1\)
	OR (\CH4_Timer:TimerUDB:control_1\ and \CH4_Timer:TimerUDB:int_capt_count_1\));

Note:  Expanding virtual equation for '\CH4_Timer:TimerUDB:sIntCapCount:MODULE_12:g1:a0:gx:u0:xnor_array_0\' (cost = 4):
\CH4_Timer:TimerUDB:sIntCapCount:MODULE_12:g1:a0:gx:u0:xnor_array_0\ <= ((not \CH4_Timer:TimerUDB:control_0\ and not \CH4_Timer:TimerUDB:int_capt_count_0\)
	OR (\CH4_Timer:TimerUDB:control_0\ and \CH4_Timer:TimerUDB:int_capt_count_0\));

Note:  Expanding virtual equation for '\CH4_Timer:TimerUDB:sIntCapCount:MODULE_12:g1:a0:gx:u0:eq_1\' (cost = 4):
\CH4_Timer:TimerUDB:sIntCapCount:MODULE_12:g1:a0:gx:u0:eq_1\ <= ((not \CH4_Timer:TimerUDB:control_1\ and not \CH4_Timer:TimerUDB:control_0\ and not \CH4_Timer:TimerUDB:int_capt_count_1\ and not \CH4_Timer:TimerUDB:int_capt_count_0\)
	OR (not \CH4_Timer:TimerUDB:control_1\ and not \CH4_Timer:TimerUDB:int_capt_count_1\ and \CH4_Timer:TimerUDB:control_0\ and \CH4_Timer:TimerUDB:int_capt_count_0\)
	OR (not \CH4_Timer:TimerUDB:control_0\ and not \CH4_Timer:TimerUDB:int_capt_count_0\ and \CH4_Timer:TimerUDB:control_1\ and \CH4_Timer:TimerUDB:int_capt_count_1\)
	OR (\CH4_Timer:TimerUDB:control_1\ and \CH4_Timer:TimerUDB:control_0\ and \CH4_Timer:TimerUDB:int_capt_count_1\ and \CH4_Timer:TimerUDB:int_capt_count_0\));

Note:  Expanding virtual equation for '\CH4_Timer:TimerUDB:sIntCapCount:MODULE_12:g1:a0:xeq\' (cost = 60):
\CH4_Timer:TimerUDB:sIntCapCount:MODULE_12:g1:a0:xeq\ <= ((not \CH4_Timer:TimerUDB:control_1\ and not \CH4_Timer:TimerUDB:control_0\ and not \CH4_Timer:TimerUDB:int_capt_count_1\ and not \CH4_Timer:TimerUDB:int_capt_count_0\)
	OR (not \CH4_Timer:TimerUDB:control_1\ and not \CH4_Timer:TimerUDB:int_capt_count_1\ and \CH4_Timer:TimerUDB:control_0\ and \CH4_Timer:TimerUDB:int_capt_count_0\)
	OR (not \CH4_Timer:TimerUDB:control_0\ and not \CH4_Timer:TimerUDB:int_capt_count_0\ and \CH4_Timer:TimerUDB:control_1\ and \CH4_Timer:TimerUDB:int_capt_count_1\)
	OR (\CH4_Timer:TimerUDB:control_1\ and \CH4_Timer:TimerUDB:control_0\ and \CH4_Timer:TimerUDB:int_capt_count_1\ and \CH4_Timer:TimerUDB:int_capt_count_0\));

Note:  Expanding virtual equation for '\CH4_Timer:TimerUDB:sIntCapCount:MODULE_13:g2:a0:g1:z1:s0:g1:u0:c_1\' (cost = 0):
\CH4_Timer:TimerUDB:sIntCapCount:MODULE_13:g2:a0:g1:z1:s0:g1:u0:c_1\ <= (\CH4_Timer:TimerUDB:int_capt_count_0\);

Note:  Expanding virtual equation for '\CH4_Timer:TimerUDB:sIntCapCount:MODULE_13:g2:a0:s_0\' (cost = 0):
\CH4_Timer:TimerUDB:sIntCapCount:MODULE_13:g2:a0:s_0\ <= (not \CH4_Timer:TimerUDB:int_capt_count_0\);


Substituting virtuals - pass 2:

Note:  Expanding virtual equation for '\UART_1:BUART:sRX:s23Poll:MODULE_2:g2:a0:lta_0\' (cost = 4):
\UART_1:BUART:sRX:s23Poll:MODULE_2:g2:a0:lta_0\ <= ((not \UART_1:BUART:pollcount_1\ and not \UART_1:BUART:pollcount_0\));

Note:  Expanding virtual equation for '\UART_1:BUART:sRX:s23Poll:MODULE_3:g2:a0:lta_0\' (cost = 0):
\UART_1:BUART:sRX:s23Poll:MODULE_3:g2:a0:lta_0\ <= (not \UART_1:BUART:pollcount_1\);

Note:  Expanding virtual equation for '\UART_1:BUART:sRX:s23Poll:MODULE_1:g2:a0:s_1\' (cost = 2):
\UART_1:BUART:sRX:s23Poll:MODULE_1:g2:a0:s_1\ <= ((not \UART_1:BUART:pollcount_0\ and \UART_1:BUART:pollcount_1\)
	OR (not \UART_1:BUART:pollcount_1\ and \UART_1:BUART:pollcount_0\));

Note:  Virtual signal \CH1_Timer:TimerUDB:capt_fifo_load\ with ( cost: 112 or cost_inv: 2)  > 90 or with size: 1 > 102 has been made a (soft) node.
\CH1_Timer:TimerUDB:capt_fifo_load\ <= ((\CH1_Timer:TimerUDB:control_7\ and \CH1_Timer:TimerUDB:capture_last\));

Note:  Expanding virtual equation for 'add_vv_vv_MODGEN_7_1' (cost = 8):
add_vv_vv_MODGEN_7_1 <= ((not MODIN5_0 and MODIN5_1)
	OR (not MODIN5_1 and MODIN5_0));

Note:  Virtual signal \CH2_Timer:TimerUDB:capt_fifo_load\ with ( cost: 112 or cost_inv: 2)  > 90 or with size: 1 > 102 has been made a (soft) node.
\CH2_Timer:TimerUDB:capt_fifo_load\ <= ((\CH2_Timer:TimerUDB:control_7\ and \CH2_Timer:TimerUDB:capture_last\));

Note:  Expanding virtual equation for 'add_vv_vv_MODGEN_9_1' (cost = 8):
add_vv_vv_MODGEN_9_1 <= ((not MODIN8_0 and MODIN8_1)
	OR (not MODIN8_1 and MODIN8_0));

Note:  Virtual signal \CH3_Timer:TimerUDB:capt_fifo_load\ with ( cost: 112 or cost_inv: 2)  > 90 or with size: 1 > 102 has been made a (soft) node.
\CH3_Timer:TimerUDB:capt_fifo_load\ <= ((\CH3_Timer:TimerUDB:control_7\ and \CH3_Timer:TimerUDB:capture_last\));

Note:  Expanding virtual equation for 'add_vv_vv_MODGEN_11_1' (cost = 8):
add_vv_vv_MODGEN_11_1 <= ((not MODIN11_0 and MODIN11_1)
	OR (not MODIN11_1 and MODIN11_0));

Note:  Virtual signal \CH4_Timer:TimerUDB:capt_fifo_load\ with ( cost: 112 or cost_inv: 2)  > 90 or with size: 1 > 102 has been made a (soft) node.
\CH4_Timer:TimerUDB:capt_fifo_load\ <= ((\CH4_Timer:TimerUDB:control_7\ and \CH4_Timer:TimerUDB:capture_last\));

Note:  Expanding virtual equation for '\CH4_Timer:TimerUDB:sIntCapCount:MODULE_13:g2:a0:s_1\' (cost = 8):
\CH4_Timer:TimerUDB:sIntCapCount:MODULE_13:g2:a0:s_1\ <= ((not \CH4_Timer:TimerUDB:int_capt_count_0\ and \CH4_Timer:TimerUDB:int_capt_count_1\)
	OR (not \CH4_Timer:TimerUDB:int_capt_count_1\ and \CH4_Timer:TimerUDB:int_capt_count_0\));


Substituting virtuals - pass 3:

Note:  Expanding virtual equation for '\UART_1:BUART:rx_postpoll\' (cost = 72):
\UART_1:BUART:rx_postpoll\ <= (\UART_1:BUART:pollcount_1\
	OR (Net_5 and \UART_1:BUART:pollcount_0\));

Note:  Expanding virtual equation for '\UART_1:BUART:sRX:MODULE_5:g1:a0:gx:u0:xnor_array_0\' (cost = 4):
\UART_1:BUART:sRX:MODULE_5:g1:a0:gx:u0:xnor_array_0\ <= ((not \UART_1:BUART:pollcount_1\ and not Net_5 and not \UART_1:BUART:rx_parity_bit\)
	OR (not \UART_1:BUART:pollcount_1\ and not \UART_1:BUART:pollcount_0\ and not \UART_1:BUART:rx_parity_bit\)
	OR (\UART_1:BUART:pollcount_1\ and \UART_1:BUART:rx_parity_bit\)
	OR (Net_5 and \UART_1:BUART:pollcount_0\ and \UART_1:BUART:rx_parity_bit\));

Note:  Expanding virtual equation for '\UART_1:BUART:sRX:MODULE_5:g1:a0:gx:u0:aeqb_1\' (cost = 4):
\UART_1:BUART:sRX:MODULE_5:g1:a0:gx:u0:aeqb_1\ <= ((not \UART_1:BUART:pollcount_1\ and not Net_5 and not \UART_1:BUART:rx_parity_bit\)
	OR (not \UART_1:BUART:pollcount_1\ and not \UART_1:BUART:pollcount_0\ and not \UART_1:BUART:rx_parity_bit\)
	OR (\UART_1:BUART:pollcount_1\ and \UART_1:BUART:rx_parity_bit\)
	OR (Net_5 and \UART_1:BUART:pollcount_0\ and \UART_1:BUART:rx_parity_bit\));


Substituting virtuals - pass 4:


----------------------------------------------------------
Circuit simplification results:

	Expanded 69 signals.
	Turned 4 signals into soft nodes.
	Maximum default expansion cost was set at 3.
----------------------------------------------------------

------------------------------------------------------
Alias Detection
------------------------------------------------------
Aliasing \UART_1:BUART:rx_status_0\ to zero
Aliasing \UART_1:BUART:rx_status_6\ to zero
Aliasing \UART_1:BUART:rx_markspace_status\\D\ to zero
Aliasing \UART_1:BUART:rx_parity_error_status\\D\ to zero
Aliasing \UART_1:BUART:rx_addr_match_status\\D\ to zero
Removing Rhs of wire \UART_1:BUART:rx_bitclk_enable\[93] = \UART_1:BUART:rx_bitclk\[141]
Removing Lhs of wire \UART_1:BUART:rx_status_0\[192] = zero[27]
Removing Lhs of wire \UART_1:BUART:rx_status_6\[201] = zero[27]
Removing Lhs of wire \CH1_Timer:TimerUDB:trig_reg\[411] = \CH1_Timer:TimerUDB:control_7\[318]
Removing Lhs of wire \CH2_Timer:TimerUDB:trig_reg\[706] = \CH2_Timer:TimerUDB:control_7\[613]
Removing Lhs of wire \CH3_Timer:TimerUDB:trig_reg\[1001] = \CH3_Timer:TimerUDB:control_7\[908]
Removing Lhs of wire \CH4_Timer:TimerUDB:trig_reg\[1296] = \CH4_Timer:TimerUDB:control_7\[1203]
Removing Lhs of wire \UART_1:BUART:tx_ctrl_mark_last\\D\[1567] = \UART_1:BUART:tx_ctrl_mark_last\[84]
Removing Lhs of wire \UART_1:BUART:rx_markspace_status\\D\[1579] = zero[27]
Removing Lhs of wire \UART_1:BUART:rx_parity_error_status\\D\[1580] = zero[27]
Removing Lhs of wire \UART_1:BUART:rx_addr_match_status\\D\[1582] = zero[27]
Removing Lhs of wire \UART_1:BUART:rx_markspace_pre\\D\[1583] = \UART_1:BUART:rx_markspace_pre\[205]
Removing Lhs of wire \UART_1:BUART:rx_parity_bit\\D\[1588] = \UART_1:BUART:rx_parity_bit\[211]

------------------------------------------------------
Aliased 0 equations, 13 wires.
------------------------------------------------------

----------------------------------------------------------
Circuit simplification
----------------------------------------------------------

Eliminating unused logic - pass 1:

Note:  Deleted unused equation:
\UART_1:BUART:sRX:MODULE_5:g1:a0:xneq\ <= ((not \UART_1:BUART:rx_parity_bit\ and Net_5 and \UART_1:BUART:pollcount_0\)
	OR (not \UART_1:BUART:pollcount_1\ and not \UART_1:BUART:pollcount_0\ and \UART_1:BUART:rx_parity_bit\)
	OR (not \UART_1:BUART:pollcount_1\ and not Net_5 and \UART_1:BUART:rx_parity_bit\)
	OR (not \UART_1:BUART:rx_parity_bit\ and \UART_1:BUART:pollcount_1\));


Eliminating unused logic - pass 2:


Substituting virtuals - pass 1:


----------------------------------------------------------
Circuit simplification results:

	Expanded 0 signals.
	Turned 0 signals into soft nodes.
	Maximum default expansion cost was set at 3.
----------------------------------------------------------

topld:  No errors.

CYPRESS_DIR    : C:\Program Files (x86)\Cypress\PSoC Creator\4.4\PSoC Creator\warp
Warp Program   : C:\Program Files (x86)\Cypress\PSoC Creator\4.4\PSoC Creator\warp\bin\warp.exe
Warp Arguments : -yv2 -q10 -ygs -o2 -v3 -.fftcfgtype=LE -ya -.fftprj=C:\Users\daan1\Documents\Robo-dagoe\firmware\platform\PSoC\PSoC-workspace\FreeRTOS_PSoC.cydsn\FreeRTOS_PSoC.cyprj -dcpsoc3 FreeRTOS_PSoC.v -verilog
</CYPRESSTAG>
Warp synthesis phase: Elapsed time ==> 1s.075ms
<CYPRESSTAG name="Fitter results...">
<CYPRESSTAG name="Fitter startup details...">
cyp3fit: V4.4.0.80, Family: PSoC3, Started at: Sunday, 29 March 2026 20:50:02
Options: -yv2 -q10 -ygs -o2 -v3 -.fftcfgtype=LE -ya -.fftprj=C:\Users\daan1\Documents\Robo-dagoe\firmware\platform\PSoC\PSoC-workspace\FreeRTOS_PSoC.cydsn\FreeRTOS_PSoC.cyprj -d CY8C5888LTI-LP097 FreeRTOS_PSoC.v -verilog
</CYPRESSTAG>
<CYPRESSTAG name="Design parsing">
Design parsing phase: Elapsed time ==> 0s.023ms
</CYPRESSTAG>
<CYPRESSTAG name="Tech Mapping">
<CYPRESSTAG name="Initial Mapping" icon="FILE_RPT_TECHM">
    Converted constant MacroCell: \UART_1:BUART:reset_reg\ from registered to combinatorial
    Converted constant MacroCell: \UART_1:BUART:rx_markspace_status\ from registered to combinatorial
    Converted constant MacroCell: \UART_1:BUART:rx_status_2\ from registered to combinatorial
    Converted constant MacroCell: \UART_1:BUART:rx_addr_match_status\ from registered to combinatorial
    Converted constant MacroCell: \UART_1:BUART:rx_break_status\ from registered to combinatorial
    Converted constant MacroCell: \CH1_Timer:TimerUDB:capture_last\ from registered to combinatorial
    Converted constant MacroCell: \CH2_Timer:TimerUDB:capture_last\ from registered to combinatorial
    Converted constant MacroCell: \CH3_Timer:TimerUDB:capture_last\ from registered to combinatorial
    Converted constant MacroCell: \CH4_Timer:TimerUDB:capture_last\ from registered to combinatorial
Assigning clock I2C_1_BusClock to clock BUS_CLK because it is a pass-through
<CYPRESSTAG name="Global Clock Selection" icon="FILE_RPT_TECHM">
    Digital Clock 0: Automatic-assigning  clock 'CH2_Timer_CLK'. Fanout=2, Signal=Net_131
    Digital Clock 1: Automatic-assigning  clock 'CH3_Timer_CLK'. Fanout=2, Signal=Net_142
    Digital Clock 2: Automatic-assigning  clock 'CH1_Timer_CLK'. Fanout=2, Signal=Net_18
    Digital Clock 3: Automatic-assigning  clock 'CH4_Timer_CLK'. Fanout=2, Signal=Net_154
    Digital Clock 4: Automatic-assigning  clock 'UART_1_IntClock'. Fanout=1, Signal=\UART_1:Net_9\
</CYPRESSTAG>

Removing unused cells resulting from optimization
Done removing unused cells.
<CYPRESSTAG name="UDB Clock/Enable Remapping Results">
    UDB Clk/Enable \UART_1:BUART:ClkSync\: with output requested to be synchronous
        ClockIn: UART_1_IntClock was determined to be a global clock that is synchronous to BUS_CLK
        EnableIn: Constant 1 was determined to be synchronous to ClockIn
        ClockOut: UART_1_IntClock, EnableOut: Constant 1
    UDB Clk/Enable \CH1_Timer:TimerUDB:clock_enable_block\: with output requested to be synchronous
        ClockIn: CH1_Timer_CLK was determined to be a global clock that is synchronous to BUS_CLK
        EnableIn: Constant 1 was determined to be synchronous to ClockIn
        ClockOut: CH1_Timer_CLK, EnableOut: Constant 1
    UDB Clk/Enable \CH1_Timer:TimerUDB:sCTRLReg:SyncCtl:cy_psoc3_udb_Ctl_Clk_Sync\: with output requested to be synchronous
        ClockIn: CH1_Timer_CLK was determined to be a global clock that is synchronous to BUS_CLK
        EnableIn: Constant 1 was determined to be synchronous to ClockIn
        ClockOut: CH1_Timer_CLK, EnableOut: Constant 1
    UDB Clk/Enable \CH2_Timer:TimerUDB:clock_enable_block\: with output requested to be synchronous
        ClockIn: CH2_Timer_CLK was determined to be a global clock that is synchronous to BUS_CLK
        EnableIn: Constant 1 was determined to be synchronous to ClockIn
        ClockOut: CH2_Timer_CLK, EnableOut: Constant 1
    UDB Clk/Enable \CH2_Timer:TimerUDB:sCTRLReg:SyncCtl:cy_psoc3_udb_Ctl_Clk_Sync\: with output requested to be synchronous
        ClockIn: CH2_Timer_CLK was determined to be a global clock that is synchronous to BUS_CLK
        EnableIn: Constant 1 was determined to be synchronous to ClockIn
        ClockOut: CH2_Timer_CLK, EnableOut: Constant 1
    UDB Clk/Enable \CH3_Timer:TimerUDB:clock_enable_block\: with output requested to be synchronous
        ClockIn: CH3_Timer_CLK was determined to be a global clock that is synchronous to BUS_CLK
        EnableIn: Constant 1 was determined to be synchronous to ClockIn
        ClockOut: CH3_Timer_CLK, EnableOut: Constant 1
    UDB Clk/Enable \CH3_Timer:TimerUDB:sCTRLReg:SyncCtl:cy_psoc3_udb_Ctl_Clk_Sync\: with output requested to be synchronous
        ClockIn: CH3_Timer_CLK was determined to be a global clock that is synchronous to BUS_CLK
        EnableIn: Constant 1 was determined to be synchronous to ClockIn
        ClockOut: CH3_Timer_CLK, EnableOut: Constant 1
    UDB Clk/Enable \CH4_Timer:TimerUDB:clock_enable_block\: with output requested to be synchronous
        ClockIn: CH4_Timer_CLK was determined to be a global clock that is synchronous to BUS_CLK
        EnableIn: Constant 1 was determined to be synchronous to ClockIn
        ClockOut: CH4_Timer_CLK, EnableOut: Constant 1
    UDB Clk/Enable \CH4_Timer:TimerUDB:sCTRLReg:SyncCtl:cy_psoc3_udb_Ctl_Clk_Sync\: with output requested to be synchronous
        ClockIn: CH4_Timer_CLK was determined to be a global clock that is synchronous to BUS_CLK
        EnableIn: Constant 1 was determined to be synchronous to ClockIn
        ClockOut: CH4_Timer_CLK, EnableOut: Constant 1
</CYPRESSTAG>
ADD: pft.M0040: information: The following 2 pin(s) will be assigned a location by the fitter: SCL_1(0), SDA_1(0)


Removing unused cells resulting from optimization
Done removing unused cells.
<CYPRESSTAG name="Duplicate Macrocell detection">
</CYPRESSTAG>
</CYPRESSTAG>
<CYPRESSTAG name="Duplicate Macrocell detection">

Removing duplicate macrocells
    Removing \CH4_Timer:TimerUDB:int_capt_count_0\, Duplicate of \CH4_Timer:TimerUDB:int_capt_count_1\ 
    MacroCell: Name=\CH4_Timer:TimerUDB:int_capt_count_0\, Mode=(T-Register)
        Total # of inputs        : 0
        Total # of product terms : 0
        List of special equations: 
            Clock  = (Net_154) => Global
            Clock Enable: True
        Main Equation            : 0 pterms
        (
            0
        );
        Output = \CH4_Timer:TimerUDB:int_capt_count_0\ (fanout=0)

    Removing MODIN11_0, Duplicate of MODIN11_1 
    MacroCell: Name=MODIN11_0, Mode=(T-Register)
        Total # of inputs        : 0
        Total # of product terms : 0
        List of special equations: 
            Clock  = (Net_142) => Global
            Clock Enable: True
        Main Equation            : 0 pterms
        (
            0
        );
        Output = MODIN11_0 (fanout=0)

    Removing MODIN8_0, Duplicate of MODIN8_1 
    MacroCell: Name=MODIN8_0, Mode=(T-Register)
        Total # of inputs        : 0
        Total # of product terms : 0
        List of special equations: 
            Clock  = (Net_131) => Global
            Clock Enable: True
        Main Equation            : 0 pterms
        (
            0
        );
        Output = MODIN8_0 (fanout=0)

    Removing MODIN5_0, Duplicate of MODIN5_1 
    MacroCell: Name=MODIN5_0, Mode=(T-Register)
        Total # of inputs        : 0
        Total # of product terms : 0
        List of special equations: 
            Clock  = (Net_18) => Global
            Clock Enable: True
        Main Equation            : 0 pterms
        (
            0
        );
        Output = MODIN5_0 (fanout=0)

    Removing \UART_1:BUART:rx_parity_bit\, Duplicate of \UART_1:BUART:tx_ctrl_mark_last\ 
    MacroCell: Name=\UART_1:BUART:rx_parity_bit\, Mode=(T-Register)
        Total # of inputs        : 0
        Total # of product terms : 0
        List of special equations: 
            Clock  = (\UART_1:Net_9\) => Global
            Clock Enable: True
        Main Equation            : 0 pterms
        (
            0
        );
        Output = \UART_1:BUART:rx_parity_bit\ (fanout=0)

    Removing \UART_1:BUART:rx_address_detected\, Duplicate of \UART_1:BUART:tx_ctrl_mark_last\ 
    MacroCell: Name=\UART_1:BUART:rx_address_detected\, Mode=(T-Register)
        Total # of inputs        : 0
        Total # of product terms : 0
        List of special equations: 
            Clock  = (\UART_1:Net_9\) => Global
            Clock Enable: True
        Main Equation            : 0 pterms
        (
            0
        );
        Output = \UART_1:BUART:rx_address_detected\ (fanout=0)

    Removing \UART_1:BUART:rx_parity_error_pre\, Duplicate of \UART_1:BUART:tx_ctrl_mark_last\ 
    MacroCell: Name=\UART_1:BUART:rx_parity_error_pre\, Mode=(T-Register)
        Total # of inputs        : 0
        Total # of product terms : 0
        List of special equations: 
            Clock  = (\UART_1:Net_9\) => Global
            Clock Enable: True
        Main Equation            : 0 pterms
        (
            0
        );
        Output = \UART_1:BUART:rx_parity_error_pre\ (fanout=0)

    Removing \UART_1:BUART:rx_markspace_pre\, Duplicate of \UART_1:BUART:tx_ctrl_mark_last\ 
    MacroCell: Name=\UART_1:BUART:rx_markspace_pre\, Mode=(T-Register)
        Total # of inputs        : 0
        Total # of product terms : 0
        List of special equations: 
            Clock  = (\UART_1:Net_9\) => Global
            Clock Enable: True
        Main Equation            : 0 pterms
        (
            0
        );
        Output = \UART_1:BUART:rx_markspace_pre\ (fanout=0)

    Removing \UART_1:BUART:rx_state_1\, Duplicate of \UART_1:BUART:tx_ctrl_mark_last\ 
    MacroCell: Name=\UART_1:BUART:rx_state_1\, Mode=(T-Register)
        Total # of inputs        : 0
        Total # of product terms : 0
        List of special equations: 
            Clock  = (\UART_1:Net_9\) => Global
            Clock Enable: True
        Main Equation            : 0 pterms
        (
            0
        );
        Output = \UART_1:BUART:rx_state_1\ (fanout=8)

    Removing \UART_1:BUART:tx_parity_bit\, Duplicate of \UART_1:BUART:tx_ctrl_mark_last\ 
    MacroCell: Name=\UART_1:BUART:tx_parity_bit\, Mode=(T-Register)
        Total # of inputs        : 0
        Total # of product terms : 0
        List of special equations: 
            Clock  = (\UART_1:Net_9\) => Global
            Clock Enable: True
        Main Equation            : 0 pterms
        (
            0
        );
        Output = \UART_1:BUART:tx_parity_bit\ (fanout=0)

    Removing \UART_1:BUART:tx_mark\, Duplicate of \UART_1:BUART:tx_ctrl_mark_last\ 
    MacroCell: Name=\UART_1:BUART:tx_mark\, Mode=(T-Register)
        Total # of inputs        : 0
        Total # of product terms : 0
        List of special equations: 
            Clock  = (\UART_1:Net_9\) => Global
            Clock Enable: True
        Main Equation            : 0 pterms
        (
            0
        );
        Output = \UART_1:BUART:tx_mark\ (fanout=0)


Removing unused cells resulting from optimization
Done removing unused cells.
End removing duplicate macrocells: used 1 pass
</CYPRESSTAG>
<CYPRESSTAG name="Design Equations" icon="FILE_RPT_EQUATION">

------------------------------------------------------------
Design Equations
------------------------------------------------------------
    <CYPRESSTAG name="Pin listing">

    ------------------------------------------------------------
    Pin listing
    ------------------------------------------------------------

    Pin : Name = Rx_1(0)
        Attributes:
            In Group/Port: True
            In Sync Option: SYNC
            Out Sync Option: AUTO
            Interrupt generated: False
            Interrupt mode: NONE
            Drive mode: HI_Z_DIGITAL
            VTrip: CMOS
            Slew: FAST
            Input Sync needed: True
            Output Sync needed: False
            SC shield enabled: False
            POR State: ANY
            LCD Mode: COMMON
            Register Mode: RegComb
            CaSense Mode: NEITHER
            Treat as pin: True
            Is OE Registered: False
            Uses Analog: False
            Can contain Digital: True
            Is SIO: False
            SIO Output Buf: NONREGULATED
            SIO Input Buf: SINGLE_ENDED
            SIO HiFreq: LOW
            SIO Hyst: DISABLED
            SIO Vtrip: MULTIPLIER_0_5
            SIO Multiplier Index: 0
            SIO RefSel: VCC_IO
            Required Capabilities: DIGITAL, ROUTABLE
            Initial Value: 0
            IO Voltage: 0
        PORT MAP (
            pa_out => Rx_1(0)__PA ,
            fb => Net_5 ,
            pad => Rx_1(0)_PAD );
        Properties:
        {
        }

    Pin : Name = Tx_1(0)
        Attributes:
            In Group/Port: True
            In Sync Option: AUTO
            Out Sync Option: NOSYNC
            Interrupt generated: False
            Interrupt mode: NONE
            Drive mode: CMOS_OUT
            VTrip: EITHER
            Slew: FAST
            Input Sync needed: False
            Output Sync needed: False
            SC shield enabled: False
            POR State: ANY
            LCD Mode: COMMON
            Register Mode: RegComb
            CaSense Mode: NEITHER
            Treat as pin: True
            Is OE Registered: False
            Uses Analog: False
            Can contain Digital: True
            Is SIO: False
            SIO Output Buf: NONREGULATED
            SIO Input Buf: SINGLE_ENDED
            SIO HiFreq: LOW
            SIO Hyst: DISABLED
            SIO Vtrip: MULTIPLIER_0_5
            SIO Multiplier Index: 0
            SIO RefSel: VCC_IO
            Required Capabilities: DIGITAL, ROUTABLE
            Initial Value: 1
            IO Voltage: 0
        PORT MAP (
            pa_out => Tx_1(0)__PA ,
            pin_input => Net_9 ,
            pad => Tx_1(0)_PAD );
        Properties:
        {
        }

    Pin : Name = LED_BUILDIN(0)
        Attributes:
            In Group/Port: True
            In Sync Option: AUTO
            Out Sync Option: NOSYNC
            Interrupt generated: False
            Interrupt mode: NONE
            Drive mode: CMOS_OUT
            VTrip: EITHER
            Slew: FAST
            Input Sync needed: False
            Output Sync needed: False
            SC shield enabled: False
            POR State: ANY
            LCD Mode: COMMON
            Register Mode: RegComb
            CaSense Mode: NEITHER
            Treat as pin: True
            Is OE Registered: False
            Uses Analog: False
            Can contain Digital: True
            Is SIO: False
            SIO Output Buf: NONREGULATED
            SIO Input Buf: SINGLE_ENDED
            SIO HiFreq: LOW
            SIO Hyst: DISABLED
            SIO Vtrip: MULTIPLIER_0_5
            SIO Multiplier Index: 0
            SIO RefSel: VCC_IO
            Required Capabilities: DIGITAL
            Initial Value: 0
            IO Voltage: 0
        PORT MAP (
            pa_out => LED_BUILDIN(0)__PA ,
            pad => LED_BUILDIN(0)_PAD );
        Properties:
        {
        }

    Pin : Name = CH1_Pin(0)
        Attributes:
            In Group/Port: True
            In Sync Option: NOSYNC
            Out Sync Option: AUTO
            Interrupt generated: True
            Interrupt mode: ON_CHANGE
            Drive mode: RES_PULL_UP
            VTrip: CMOS
            Slew: FAST
            Input Sync needed: False
            Output Sync needed: False
            SC shield enabled: False
            POR State: ANY
            LCD Mode: COMMON
            Register Mode: RegComb
            CaSense Mode: NEITHER
            Treat as pin: False
            Is OE Registered: False
            Uses Analog: False
            Can contain Digital: True
            Is SIO: False
            SIO Output Buf: NONREGULATED
            SIO Input Buf: SINGLE_ENDED
            SIO HiFreq: LOW
            SIO Hyst: DISABLED
            SIO Vtrip: MULTIPLIER_0_5
            SIO Multiplier Index: 0
            SIO RefSel: VCC_IO
            Required Capabilities: DIGITAL, PORT_INTERRUPT
            Initial Value: 1
            IO Voltage: 0
        PORT MAP (
            pa_out => CH1_Pin(0)__PA ,
            pad => CH1_Pin(0)_PAD );
        Properties:
        {
        }

    Pin : Name = CH2_Pin(0)
        Attributes:
            In Group/Port: True
            In Sync Option: NOSYNC
            Out Sync Option: AUTO
            Interrupt generated: True
            Interrupt mode: ON_CHANGE
            Drive mode: RES_PULL_UP
            VTrip: CMOS
            Slew: FAST
            Input Sync needed: False
            Output Sync needed: False
            SC shield enabled: False
            POR State: ANY
            LCD Mode: COMMON
            Register Mode: RegComb
            CaSense Mode: NEITHER
            Treat as pin: False
            Is OE Registered: False
            Uses Analog: False
            Can contain Digital: True
            Is SIO: False
            SIO Output Buf: NONREGULATED
            SIO Input Buf: SINGLE_ENDED
            SIO HiFreq: LOW
            SIO Hyst: DISABLED
            SIO Vtrip: MULTIPLIER_0_5
            SIO Multiplier Index: 0
            SIO RefSel: VCC_IO
            Required Capabilities: DIGITAL, PORT_INTERRUPT
            Initial Value: 1
            IO Voltage: 0
        PORT MAP (
            pa_out => CH2_Pin(0)__PA ,
            pad => CH2_Pin(0)_PAD );
        Properties:
        {
        }

    Pin : Name = CH3_Pin(0)
        Attributes:
            In Group/Port: True
            In Sync Option: NOSYNC
            Out Sync Option: AUTO
            Interrupt generated: True
            Interrupt mode: ON_CHANGE
            Drive mode: RES_PULL_UP
            VTrip: CMOS
            Slew: FAST
            Input Sync needed: False
            Output Sync needed: False
            SC shield enabled: False
            POR State: ANY
            LCD Mode: COMMON
            Register Mode: RegComb
            CaSense Mode: NEITHER
            Treat as pin: False
            Is OE Registered: False
            Uses Analog: False
            Can contain Digital: True
            Is SIO: False
            SIO Output Buf: NONREGULATED
            SIO Input Buf: SINGLE_ENDED
            SIO HiFreq: LOW
            SIO Hyst: DISABLED
            SIO Vtrip: MULTIPLIER_0_5
            SIO Multiplier Index: 0
            SIO RefSel: VCC_IO
            Required Capabilities: DIGITAL, PORT_INTERRUPT
            Initial Value: 1
            IO Voltage: 0
        PORT MAP (
            pa_out => CH3_Pin(0)__PA ,
            pad => CH3_Pin(0)_PAD );
        Properties:
        {
        }

    Pin : Name = CH4_Pin(0)
        Attributes:
            In Group/Port: True
            In Sync Option: NOSYNC
            Out Sync Option: AUTO
            Interrupt generated: True
            Interrupt mode: ON_CHANGE
            Drive mode: RES_PULL_UP
            VTrip: CMOS
            Slew: FAST
            Input Sync needed: False
            Output Sync needed: False
            SC shield enabled: False
            POR State: ANY
            LCD Mode: COMMON
            Register Mode: RegComb
            CaSense Mode: NEITHER
            Treat as pin: False
            Is OE Registered: False
            Uses Analog: False
            Can contain Digital: True
            Is SIO: False
            SIO Output Buf: NONREGULATED
            SIO Input Buf: SINGLE_ENDED
            SIO HiFreq: LOW
            SIO Hyst: DISABLED
            SIO Vtrip: MULTIPLIER_0_5
            SIO Multiplier Index: 0
            SIO RefSel: VCC_IO
            Required Capabilities: DIGITAL, PORT_INTERRUPT
            Initial Value: 1
            IO Voltage: 0
        PORT MAP (
            pa_out => CH4_Pin(0)__PA ,
            pad => CH4_Pin(0)_PAD );
        Properties:
        {
        }

    Pin : Name = SDA_1(0)
        Attributes:
            In Group/Port: True
            In Sync Option: SYNC
            Out Sync Option: NOSYNC
            Interrupt generated: False
            Interrupt mode: NONE
            Drive mode: OPEN_DRAIN_LO
            VTrip: CMOS
            Slew: FAST
            Input Sync needed: True
            Output Sync needed: False
            SC shield enabled: False
            POR State: ANY
            LCD Mode: COMMON
            Register Mode: RegComb
            CaSense Mode: NEITHER
            Treat as pin: True
            Is OE Registered: False
            Uses Analog: False
            Can contain Digital: True
            Is SIO: False
            SIO Output Buf: NONREGULATED
            SIO Input Buf: SINGLE_ENDED
            SIO HiFreq: LOW
            SIO Hyst: DISABLED
            SIO Vtrip: MULTIPLIER_0_5
            SIO Multiplier Index: 0
            SIO RefSel: VCC_IO
            Required Capabilities: DIGITAL, ROUTABLE
            Initial Value: 1
            IO Voltage: 0
        PORT MAP (
            pa_out => SDA_1(0)__PA ,
            fb => \I2C_1:Net_1109_1\ ,
            pin_input => \I2C_1:sda_x_wire\ ,
            pad => SDA_1(0)_PAD );

    Pin : Name = SCL_1(0)
        Attributes:
            In Group/Port: True
            In Sync Option: SYNC
            Out Sync Option: NOSYNC
            Interrupt generated: False
            Interrupt mode: NONE
            Drive mode: OPEN_DRAIN_LO
            VTrip: CMOS
            Slew: FAST
            Input Sync needed: True
            Output Sync needed: False
            SC shield enabled: False
            POR State: ANY
            LCD Mode: COMMON
            Register Mode: RegComb
            CaSense Mode: NEITHER
            Treat as pin: True
            Is OE Registered: False
            Uses Analog: False
            Can contain Digital: True
            Is SIO: False
            SIO Output Buf: NONREGULATED
            SIO Input Buf: SINGLE_ENDED
            SIO HiFreq: LOW
            SIO Hyst: DISABLED
            SIO Vtrip: MULTIPLIER_0_5
            SIO Multiplier Index: 0
            SIO RefSel: VCC_IO
            Required Capabilities: DIGITAL, ROUTABLE
            Initial Value: 1
            IO Voltage: 0
        PORT MAP (
            pa_out => SCL_1(0)__PA ,
            fb => \I2C_1:Net_1109_0\ ,
            pin_input => \I2C_1:Net_643_0\ ,
            pad => SCL_1(0)_PAD );
    </CYPRESSTAG>
    <CYPRESSTAG name="Macrocell listing" icon="FILE_RPT_EQUATION">

    ------------------------------------------------------------
    Macrocell listing
    ------------------------------------------------------------

    MacroCell: Name=Net_9, Mode=(Combinatorial)
        Total # of inputs        : 1
        Total # of product terms : 1
            Clock Enable: True
        Main Equation            : 1 pterm
        (
              !\UART_1:BUART:txn\
        );
        Output = Net_9 (fanout=1)

    MacroCell: Name=\UART_1:BUART:counter_load_not\, Mode=(Combinatorial)
        Total # of inputs        : 4
        Total # of product terms : 2
            Clock Enable: True
        Main Equation            : 2 pterms
        !(
              !\UART_1:BUART:tx_state_1\ * !\UART_1:BUART:tx_state_0\ * 
              \UART_1:BUART:tx_bitclk_enable_pre\
            + !\UART_1:BUART:tx_state_1\ * !\UART_1:BUART:tx_state_0\ * 
              !\UART_1:BUART:tx_state_2\
        );
        Output = \UART_1:BUART:counter_load_not\ (fanout=1)

    MacroCell: Name=\UART_1:BUART:tx_status_0\, Mode=(Combinatorial)
        Total # of inputs        : 5
        Total # of product terms : 1
            Clock Enable: True
        Main Equation            : 1 pterm
        (
              !\UART_1:BUART:tx_state_1\ * !\UART_1:BUART:tx_state_0\ * 
              \UART_1:BUART:tx_bitclk_enable_pre\ * 
              \UART_1:BUART:tx_fifo_empty\ * \UART_1:BUART:tx_state_2\
        );
        Output = \UART_1:BUART:tx_status_0\ (fanout=1)

    MacroCell: Name=\UART_1:BUART:tx_status_2\, Mode=(Combinatorial)
        Total # of inputs        : 1
        Total # of product terms : 1
            Clock Enable: True
        Main Equation            : 1 pterm
        (
              !\UART_1:BUART:tx_fifo_notfull\
        );
        Output = \UART_1:BUART:tx_status_2\ (fanout=1)

    MacroCell: Name=\UART_1:BUART:rx_counter_load\, Mode=(Combinatorial)
        Total # of inputs        : 4
        Total # of product terms : 1
            Clock Enable: True
        Main Equation            : 1 pterm
        (
              !\UART_1:BUART:tx_ctrl_mark_last\ * !\UART_1:BUART:rx_state_0\ * 
              !\UART_1:BUART:rx_state_3\ * !\UART_1:BUART:rx_state_2\
        );
        Output = \UART_1:BUART:rx_counter_load\ (fanout=1)

    MacroCell: Name=\UART_1:BUART:rx_postpoll\, Mode=(Combinatorial)
        Total # of inputs        : 3
        Total # of product terms : 2
            Clock Enable: True
        Main Equation            : 2 pterms
        (
              \UART_1:BUART:pollcount_1\
            + Net_5 * \UART_1:BUART:pollcount_0\
        );
        Output = \UART_1:BUART:rx_postpoll\ (fanout=1)

    MacroCell: Name=\UART_1:BUART:rx_status_4\, Mode=(Combinatorial)
        Total # of inputs        : 2
        Total # of product terms : 1
            Clock Enable: True
        Main Equation            : 1 pterm
        (
              \UART_1:BUART:rx_load_fifo\ * \UART_1:BUART:rx_fifofull\
        );
        Output = \UART_1:BUART:rx_status_4\ (fanout=1)

    MacroCell: Name=\UART_1:BUART:rx_status_5\, Mode=(Combinatorial)
        Total # of inputs        : 2
        Total # of product terms : 1
            Clock Enable: True
        Main Equation            : 1 pterm
        (
              \UART_1:BUART:rx_fifonotempty\ * 
              \UART_1:BUART:rx_state_stop1_reg\
        );
        Output = \UART_1:BUART:rx_status_5\ (fanout=1)

    MacroCell: Name=\CH1_Timer:TimerUDB:status_tc\, Mode=(Combinatorial)
        Total # of inputs        : 2
        Total # of product terms : 1
            Clock Enable: True
        Main Equation            : 1 pterm
        (
              \CH1_Timer:TimerUDB:control_7\ * \CH1_Timer:TimerUDB:per_zero\
        );
        Output = \CH1_Timer:TimerUDB:status_tc\ (fanout=1)

    MacroCell: Name=\CH2_Timer:TimerUDB:status_tc\, Mode=(Combinatorial)
        Total # of inputs        : 2
        Total # of product terms : 1
            Clock Enable: True
        Main Equation            : 1 pterm
        (
              \CH2_Timer:TimerUDB:control_7\ * \CH2_Timer:TimerUDB:per_zero\
        );
        Output = \CH2_Timer:TimerUDB:status_tc\ (fanout=1)

    MacroCell: Name=\CH3_Timer:TimerUDB:status_tc\, Mode=(Combinatorial)
        Total # of inputs        : 2
        Total # of product terms : 1
            Clock Enable: True
        Main Equation            : 1 pterm
        (
              \CH3_Timer:TimerUDB:control_7\ * \CH3_Timer:TimerUDB:per_zero\
        );
        Output = \CH3_Timer:TimerUDB:status_tc\ (fanout=1)

    MacroCell: Name=\CH4_Timer:TimerUDB:status_tc\, Mode=(Combinatorial)
        Total # of inputs        : 2
        Total # of product terms : 1
            Clock Enable: True
        Main Equation            : 1 pterm
        (
              \CH4_Timer:TimerUDB:control_7\ * \CH4_Timer:TimerUDB:per_zero\
        );
        Output = \CH4_Timer:TimerUDB:status_tc\ (fanout=1)

    MacroCell: Name=\UART_1:BUART:txn\, Mode=(D-Register)
        Total # of inputs        : 7
        Total # of product terms : 5
        List of special equations: 
            Clock  = (\UART_1:Net_9\) => Global
            Clock Enable: True
        Main Equation            : 5 pterms
        (
              \UART_1:BUART:txn\ * \UART_1:BUART:tx_state_1\ * 
              !\UART_1:BUART:tx_bitclk\
            + \UART_1:BUART:txn\ * \UART_1:BUART:tx_state_2\
            + !\UART_1:BUART:tx_state_1\ * \UART_1:BUART:tx_state_0\ * 
              !\UART_1:BUART:tx_shift_out\ * !\UART_1:BUART:tx_state_2\
            + !\UART_1:BUART:tx_state_1\ * \UART_1:BUART:tx_state_0\ * 
              !\UART_1:BUART:tx_state_2\ * !\UART_1:BUART:tx_bitclk\
            + \UART_1:BUART:tx_state_1\ * !\UART_1:BUART:tx_state_0\ * 
              !\UART_1:BUART:tx_shift_out\ * !\UART_1:BUART:tx_state_2\ * 
              !\UART_1:BUART:tx_counter_dp\ * \UART_1:BUART:tx_bitclk\
        );
        Output = \UART_1:BUART:txn\ (fanout=2)

    MacroCell: Name=\UART_1:BUART:tx_state_1\, Mode=(T-Register)
        Total # of inputs        : 6
        Total # of product terms : 3
        List of special equations: 
            Clock  = (\UART_1:Net_9\) => Global
            Clock Enable: True
        Main Equation            : 3 pterms
        (
              \UART_1:BUART:tx_state_1\ * \UART_1:BUART:tx_state_0\ * 
              \UART_1:BUART:tx_bitclk_enable_pre\ * \UART_1:BUART:tx_state_2\
            + \UART_1:BUART:tx_state_1\ * !\UART_1:BUART:tx_state_2\ * 
              \UART_1:BUART:tx_counter_dp\ * \UART_1:BUART:tx_bitclk\
            + \UART_1:BUART:tx_state_0\ * !\UART_1:BUART:tx_state_2\ * 
              \UART_1:BUART:tx_bitclk\
        );
        Output = \UART_1:BUART:tx_state_1\ (fanout=8)

    MacroCell: Name=\UART_1:BUART:tx_state_0\, Mode=(T-Register)
        Total # of inputs        : 6
        Total # of product terms : 4
        List of special equations: 
            Clock  = (\UART_1:Net_9\) => Global
            Clock Enable: True
        Main Equation            : 4 pterms
        (
              !\UART_1:BUART:tx_state_1\ * !\UART_1:BUART:tx_state_0\ * 
              \UART_1:BUART:tx_bitclk_enable_pre\ * 
              !\UART_1:BUART:tx_fifo_empty\
            + !\UART_1:BUART:tx_state_1\ * !\UART_1:BUART:tx_state_0\ * 
              !\UART_1:BUART:tx_fifo_empty\ * !\UART_1:BUART:tx_state_2\
            + \UART_1:BUART:tx_state_1\ * \UART_1:BUART:tx_state_0\ * 
              \UART_1:BUART:tx_bitclk_enable_pre\ * 
              \UART_1:BUART:tx_fifo_empty\ * \UART_1:BUART:tx_state_2\
            + \UART_1:BUART:tx_state_0\ * !\UART_1:BUART:tx_state_2\ * 
              \UART_1:BUART:tx_bitclk\
        );
        Output = \UART_1:BUART:tx_state_0\ (fanout=8)

    MacroCell: Name=\UART_1:BUART:tx_state_2\, Mode=(T-Register)
        Total # of inputs        : 6
        Total # of product terms : 4
        List of special equations: 
            Clock  = (\UART_1:Net_9\) => Global
            Clock Enable: True
        Main Equation            : 4 pterms
        (
              !\UART_1:BUART:tx_state_1\ * !\UART_1:BUART:tx_state_0\ * 
              \UART_1:BUART:tx_bitclk_enable_pre\ * \UART_1:BUART:tx_state_2\
            + \UART_1:BUART:tx_state_1\ * \UART_1:BUART:tx_state_0\ * 
              \UART_1:BUART:tx_bitclk_enable_pre\ * \UART_1:BUART:tx_state_2\
            + \UART_1:BUART:tx_state_1\ * \UART_1:BUART:tx_state_0\ * 
              !\UART_1:BUART:tx_state_2\ * \UART_1:BUART:tx_bitclk\
            + \UART_1:BUART:tx_state_1\ * !\UART_1:BUART:tx_state_2\ * 
              \UART_1:BUART:tx_counter_dp\ * \UART_1:BUART:tx_bitclk\
        );
        Output = \UART_1:BUART:tx_state_2\ (fanout=7)

    MacroCell: Name=\UART_1:BUART:tx_bitclk\, Mode=(D-Register)
        Total # of inputs        : 4
        Total # of product terms : 2
        List of special equations: 
            Clock  = (\UART_1:Net_9\) => Global
            Clock Enable: True
        Main Equation            : 2 pterms
        !(
              !\UART_1:BUART:tx_state_1\ * !\UART_1:BUART:tx_state_0\ * 
              \UART_1:BUART:tx_state_2\
            + !\UART_1:BUART:tx_bitclk_enable_pre\
        );
        Output = \UART_1:BUART:tx_bitclk\ (fanout=4)

    MacroCell: Name=\UART_1:BUART:tx_ctrl_mark_last\, Mode=(T-Register)
        Total # of inputs        : 0
        Total # of product terms : 0
        List of special equations: 
            Clock  = (\UART_1:Net_9\) => Global
            Clock Enable: True
        Main Equation            : 0 pterms
        (
            0
        );
        Output = \UART_1:BUART:tx_ctrl_mark_last\ (fanout=8)

    MacroCell: Name=\UART_1:BUART:rx_state_0\, Mode=(T-Register)
        Total # of inputs        : 11
        Total # of product terms : 4
        List of special equations: 
            Clock  = (\UART_1:Net_9\) => Global
            Clock Enable: True
        Main Equation            : 4 pterms
        (
              !\UART_1:BUART:tx_ctrl_mark_last\ * !\UART_1:BUART:rx_state_0\ * 
              \UART_1:BUART:rx_bitclk_enable\ * !\UART_1:BUART:rx_state_3\ * 
              \UART_1:BUART:rx_state_2\ * !\UART_1:BUART:pollcount_1\ * 
              !Net_5
            + !\UART_1:BUART:tx_ctrl_mark_last\ * !\UART_1:BUART:rx_state_0\ * 
              \UART_1:BUART:rx_bitclk_enable\ * !\UART_1:BUART:rx_state_3\ * 
              \UART_1:BUART:rx_state_2\ * !\UART_1:BUART:pollcount_1\ * 
              !\UART_1:BUART:pollcount_0\
            + !\UART_1:BUART:tx_ctrl_mark_last\ * \UART_1:BUART:rx_state_0\ * 
              !\UART_1:BUART:rx_state_3\ * !\UART_1:BUART:rx_state_2\ * 
              !\UART_1:BUART:rx_count_6\ * !\UART_1:BUART:rx_count_5\
            + !\UART_1:BUART:tx_ctrl_mark_last\ * \UART_1:BUART:rx_state_0\ * 
              !\UART_1:BUART:rx_state_3\ * !\UART_1:BUART:rx_state_2\ * 
              !\UART_1:BUART:rx_count_6\ * !\UART_1:BUART:rx_count_4\
        );
        Output = \UART_1:BUART:rx_state_0\ (fanout=8)

    MacroCell: Name=\UART_1:BUART:rx_load_fifo\, Mode=(D-Register)
        Total # of inputs        : 8
        Total # of product terms : 3
        List of special equations: 
            Clock  = (\UART_1:Net_9\) => Global
            Clock Enable: True
        Main Equation            : 3 pterms
        (
              !\UART_1:BUART:tx_ctrl_mark_last\ * !\UART_1:BUART:rx_state_0\ * 
              \UART_1:BUART:rx_bitclk_enable\ * \UART_1:BUART:rx_state_3\ * 
              !\UART_1:BUART:rx_state_2\
            + !\UART_1:BUART:tx_ctrl_mark_last\ * \UART_1:BUART:rx_state_0\ * 
              !\UART_1:BUART:rx_state_3\ * !\UART_1:BUART:rx_state_2\ * 
              !\UART_1:BUART:rx_count_6\ * !\UART_1:BUART:rx_count_5\
            + !\UART_1:BUART:tx_ctrl_mark_last\ * \UART_1:BUART:rx_state_0\ * 
              !\UART_1:BUART:rx_state_3\ * !\UART_1:BUART:rx_state_2\ * 
              !\UART_1:BUART:rx_count_6\ * !\UART_1:BUART:rx_count_4\
        );
        Output = \UART_1:BUART:rx_load_fifo\ (fanout=2)

    MacroCell: Name=\UART_1:BUART:rx_state_3\, Mode=(T-Register)
        Total # of inputs        : 8
        Total # of product terms : 3
        List of special equations: 
            Clock  = (\UART_1:Net_9\) => Global
            Clock Enable: True
        Main Equation            : 3 pterms
        (
              !\UART_1:BUART:tx_ctrl_mark_last\ * !\UART_1:BUART:rx_state_0\ * 
              \UART_1:BUART:rx_bitclk_enable\ * \UART_1:BUART:rx_state_3\ * 
              \UART_1:BUART:rx_state_2\
            + !\UART_1:BUART:tx_ctrl_mark_last\ * \UART_1:BUART:rx_state_0\ * 
              !\UART_1:BUART:rx_state_3\ * !\UART_1:BUART:rx_state_2\ * 
              !\UART_1:BUART:rx_count_6\ * !\UART_1:BUART:rx_count_5\
            + !\UART_1:BUART:tx_ctrl_mark_last\ * \UART_1:BUART:rx_state_0\ * 
              !\UART_1:BUART:rx_state_3\ * !\UART_1:BUART:rx_state_2\ * 
              !\UART_1:BUART:rx_count_6\ * !\UART_1:BUART:rx_count_4\
        );
        Output = \UART_1:BUART:rx_state_3\ (fanout=7)

    MacroCell: Name=\UART_1:BUART:rx_state_2\, Mode=(T-Register)
        Total # of inputs        : 10
        Total # of product terms : 5
        List of special equations: 
            Clock  = (\UART_1:Net_9\) => Global
            Clock Enable: True
        Main Equation            : 5 pterms
        (
              !\UART_1:BUART:tx_ctrl_mark_last\ * !\UART_1:BUART:rx_state_0\ * 
              \UART_1:BUART:rx_bitclk_enable\ * \UART_1:BUART:rx_state_3\
            + !\UART_1:BUART:tx_ctrl_mark_last\ * !\UART_1:BUART:rx_state_0\ * 
              \UART_1:BUART:rx_bitclk_enable\ * \UART_1:BUART:rx_state_2\
            + !\UART_1:BUART:tx_ctrl_mark_last\ * !\UART_1:BUART:rx_state_0\ * 
              !\UART_1:BUART:rx_state_3\ * !\UART_1:BUART:rx_state_2\ * 
              !Net_5 * \UART_1:BUART:rx_last\
            + !\UART_1:BUART:tx_ctrl_mark_last\ * \UART_1:BUART:rx_state_0\ * 
              !\UART_1:BUART:rx_state_3\ * !\UART_1:BUART:rx_state_2\ * 
              !\UART_1:BUART:rx_count_6\ * !\UART_1:BUART:rx_count_5\
            + !\UART_1:BUART:tx_ctrl_mark_last\ * \UART_1:BUART:rx_state_0\ * 
              !\UART_1:BUART:rx_state_3\ * !\UART_1:BUART:rx_state_2\ * 
              !\UART_1:BUART:rx_count_6\ * !\UART_1:BUART:rx_count_4\
        );
        Output = \UART_1:BUART:rx_state_2\ (fanout=7)

    MacroCell: Name=\UART_1:BUART:rx_bitclk_enable\, Mode=(D-Register)
        Total # of inputs        : 3
        Total # of product terms : 1
        List of special equations: 
            Clock  = (\UART_1:Net_9\) => Global
            Clock Enable: True
        Main Equation            : 1 pterm
        (
              !\UART_1:BUART:rx_count_2\ * !\UART_1:BUART:rx_count_1\ * 
              !\UART_1:BUART:rx_count_0\
        );
        Output = \UART_1:BUART:rx_bitclk_enable\ (fanout=6)

    MacroCell: Name=\UART_1:BUART:rx_state_stop1_reg\, Mode=(D-Register)
        Total # of inputs        : 4
        Total # of product terms : 1
        List of special equations: 
            Clock  = (\UART_1:Net_9\) => Global
            Clock Enable: True
        Main Equation            : 1 pterm
        !(
              !\UART_1:BUART:tx_ctrl_mark_last\ * !\UART_1:BUART:rx_state_0\ * 
              \UART_1:BUART:rx_state_3\ * \UART_1:BUART:rx_state_2\
        );
        Output = \UART_1:BUART:rx_state_stop1_reg\ (fanout=1)

    MacroCell: Name=\UART_1:BUART:pollcount_1\, Mode=(D-Register)
        Total # of inputs        : 5
        Total # of product terms : 3
        List of special equations: 
            Clock  = (\UART_1:Net_9\) => Global
            Clock Enable: True
        Main Equation            : 3 pterms
        (
              !\UART_1:BUART:rx_count_2\ * !\UART_1:BUART:rx_count_1\ * 
              !\UART_1:BUART:pollcount_1\ * Net_5 * 
              \UART_1:BUART:pollcount_0\
            + !\UART_1:BUART:rx_count_2\ * !\UART_1:BUART:rx_count_1\ * 
              \UART_1:BUART:pollcount_1\ * !Net_5
            + !\UART_1:BUART:rx_count_2\ * !\UART_1:BUART:rx_count_1\ * 
              \UART_1:BUART:pollcount_1\ * !\UART_1:BUART:pollcount_0\
        );
        Output = \UART_1:BUART:pollcount_1\ (fanout=4)

    MacroCell: Name=\UART_1:BUART:pollcount_0\, Mode=(D-Register)
        Total # of inputs        : 4
        Total # of product terms : 2
        List of special equations: 
            Clock  = (\UART_1:Net_9\) => Global
            Clock Enable: True
        Main Equation            : 2 pterms
        (
              !\UART_1:BUART:rx_count_2\ * !\UART_1:BUART:rx_count_1\ * 
              !Net_5 * \UART_1:BUART:pollcount_0\
            + !\UART_1:BUART:rx_count_2\ * !\UART_1:BUART:rx_count_1\ * Net_5 * 
              !\UART_1:BUART:pollcount_0\
        );
        Output = \UART_1:BUART:pollcount_0\ (fanout=5)

    MacroCell: Name=\UART_1:BUART:rx_status_3\, Mode=(D-Register)
        Total # of inputs        : 8
        Total # of product terms : 2
        List of special equations: 
            Clock  = (\UART_1:Net_9\) => Global
            Clock Enable: True
        Main Equation            : 2 pterms
        (
              !\UART_1:BUART:tx_ctrl_mark_last\ * !\UART_1:BUART:rx_state_0\ * 
              \UART_1:BUART:rx_bitclk_enable\ * \UART_1:BUART:rx_state_3\ * 
              \UART_1:BUART:rx_state_2\ * !\UART_1:BUART:pollcount_1\ * 
              !Net_5
            + !\UART_1:BUART:tx_ctrl_mark_last\ * !\UART_1:BUART:rx_state_0\ * 
              \UART_1:BUART:rx_bitclk_enable\ * \UART_1:BUART:rx_state_3\ * 
              \UART_1:BUART:rx_state_2\ * !\UART_1:BUART:pollcount_1\ * 
              !\UART_1:BUART:pollcount_0\
        );
        Output = \UART_1:BUART:rx_status_3\ (fanout=1)

    MacroCell: Name=\UART_1:BUART:rx_last\, Mode=(D-Register)
        Total # of inputs        : 1
        Total # of product terms : 1
        List of special equations: 
            Clock  = (\UART_1:Net_9\) => Global
            Clock Enable: True
        Main Equation            : 1 pterm
        (
              Net_5
        );
        Output = \UART_1:BUART:rx_last\ (fanout=1)

    MacroCell: Name=\CH1_Timer:TimerUDB:capt_int_temp\, Mode=(D-Register)
        Total # of inputs        : 0
        Total # of product terms : 0
        List of special equations: 
            Clock  = (Net_18) => Global
            Clock Enable: True
        Main Equation            : 0 pterms
        (
            0
        );
        Output = \CH1_Timer:TimerUDB:capt_int_temp\ (fanout=1)

    MacroCell: Name=\CH2_Timer:TimerUDB:capt_int_temp\, Mode=(D-Register)
        Total # of inputs        : 0
        Total # of product terms : 0
        List of special equations: 
            Clock  = (Net_131) => Global
            Clock Enable: True
        Main Equation            : 0 pterms
        (
            0
        );
        Output = \CH2_Timer:TimerUDB:capt_int_temp\ (fanout=1)

    MacroCell: Name=\CH3_Timer:TimerUDB:capt_int_temp\, Mode=(D-Register)
        Total # of inputs        : 0
        Total # of product terms : 0
        List of special equations: 
            Clock  = (Net_142) => Global
            Clock Enable: True
        Main Equation            : 0 pterms
        (
            0
        );
        Output = \CH3_Timer:TimerUDB:capt_int_temp\ (fanout=1)

    MacroCell: Name=\CH4_Timer:TimerUDB:capt_int_temp\, Mode=(D-Register)
        Total # of inputs        : 0
        Total # of product terms : 0
        List of special equations: 
            Clock  = (Net_154) => Global
            Clock Enable: True
        Main Equation            : 0 pterms
        (
            0
        );
        Output = \CH4_Timer:TimerUDB:capt_int_temp\ (fanout=1)
    </CYPRESSTAG>
    <CYPRESSTAG name="Datapath listing">

    ------------------------------------------------------------
    Datapath listing
    ------------------------------------------------------------

    datapathcell: Name =\UART_1:BUART:sTX:TxShifter:u0\
        PORT MAP (
            clock => \UART_1:Net_9\ ,
            cs_addr_2 => \UART_1:BUART:tx_state_1\ ,
            cs_addr_1 => \UART_1:BUART:tx_state_0\ ,
            cs_addr_0 => \UART_1:BUART:tx_bitclk_enable_pre\ ,
            so_comb => \UART_1:BUART:tx_shift_out\ ,
            f0_bus_stat_comb => \UART_1:BUART:tx_fifo_notfull\ ,
            f0_blk_stat_comb => \UART_1:BUART:tx_fifo_empty\ );
        Properties:
        {
            a0_init = "00000000"
            a1_init = "00000000"
            ce0_sync = 1
            ce1_sync = 1
            cl0_sync = 1
            cl1_sync = 1
            cmsb_sync = 1
            co_msb_sync = 1
            cy_dpconfig = "0000000000000000000000000000000000000000000000000000000011000000000000000000000000000010010000000000000000000000000000000000000011111111000000001111111111111111000000000000000001000100111100000000000000001100"
            d0_init = "00000000"
            d1_init = "00000000"
            f0_blk_sync = 1
            f0_bus_sync = 1
            f1_blk_sync = 1
            f1_bus_sync = 1
            ff0_sync = 1
            ff1_sync = 1
            ov_msb_sync = 1
            so_sync = 1
            z0_sync = 1
            z1_sync = 1
        }
        Clock Polarity: Active High
        Clock Enable: True

    datapathcell: Name =\UART_1:BUART:sTX:sCLOCK:TxBitClkGen\
        PORT MAP (
            clock => \UART_1:Net_9\ ,
            cs_addr_0 => \UART_1:BUART:counter_load_not\ ,
            ce0_reg => \UART_1:BUART:tx_bitclk_enable_pre\ ,
            ce1_reg => \UART_1:BUART:tx_counter_dp\ );
        Properties:
        {
            a0_init = "00000000"
            a1_init = "00000000"
            ce0_sync = 1
            ce1_sync = 1
            cl0_sync = 1
            cl1_sync = 1
            cmsb_sync = 1
            co_msb_sync = 1
            cy_dpconfig = "1010100001000000001000000100000000000000000000000000000000000000000000000000000000000000000000000000000000000000000000000000000011111111000000001111111100000111001000000100000000000101111100000000000000001000"
            d0_init = "00000000"
            d1_init = "00000000"
            f0_blk_sync = 1
            f0_bus_sync = 1
            f1_blk_sync = 1
            f1_bus_sync = 1
            ff0_sync = 1
            ff1_sync = 1
            ov_msb_sync = 1
            so_sync = 1
            z0_sync = 1
            z1_sync = 1
        }
        Clock Polarity: Active High
        Clock Enable: True

    datapathcell: Name =\UART_1:BUART:sRX:RxShifter:u0\
        PORT MAP (
            clock => \UART_1:Net_9\ ,
            cs_addr_2 => \UART_1:BUART:tx_ctrl_mark_last\ ,
            cs_addr_1 => \UART_1:BUART:rx_state_0\ ,
            cs_addr_0 => \UART_1:BUART:rx_bitclk_enable\ ,
            route_si => \UART_1:BUART:rx_postpoll\ ,
            f0_load => \UART_1:BUART:rx_load_fifo\ ,
            f0_bus_stat_comb => \UART_1:BUART:rx_fifonotempty\ ,
            f0_blk_stat_comb => \UART_1:BUART:rx_fifofull\ );
        Properties:
        {
            a0_init = "00000000"
            a1_init = "00000000"
            ce0_sync = 1
            ce1_sync = 1
            cl0_sync = 1
            cl1_sync = 1
            cmsb_sync = 1
            co_msb_sync = 1
            cy_dpconfig = "0000000000000000000000000000000000000000000000000000001001000000000100000000000000010000001100000001000000000000000100100001000011111111000000001111111111111111101000000110001001000001111100000000000000001100"
            d0_init = "00000000"
            d1_init = "00000000"
            f0_blk_sync = 1
            f0_bus_sync = 1
            f1_blk_sync = 1
            f1_bus_sync = 1
            ff0_sync = 1
            ff1_sync = 1
            ov_msb_sync = 1
            so_sync = 1
            z0_sync = 1
            z1_sync = 1
        }
        Clock Polarity: Active High
        Clock Enable: True

    datapathcell: Name =\CH1_Timer:TimerUDB:sT32:timerdp:u0\
        PORT MAP (
            clock => Net_18 ,
            cs_addr_1 => \CH1_Timer:TimerUDB:control_7\ ,
            cs_addr_0 => \CH1_Timer:TimerUDB:per_zero\ ,
            chain_out => \CH1_Timer:TimerUDB:sT32:timerdp:carry0\ );
        Properties:
        {
            a0_init = "00000000"
            a1_init = "00000000"
            ce0_sync = 1
            ce1_sync = 1
            cl0_sync = 1
            cl1_sync = 1
            cmsb_sync = 1
            co_msb_sync = 1
            cy_dpconfig = "0000000001000000000000000100000001000000010000000000000010000000000000001000000000000000100000000000000010000000000000001000000011111111000000001111111111111111000000000000000000000001000000000000000000011000"
            d0_init = "00000000"
            d1_init = "00000000"
            f0_blk_sync = 1
            f0_bus_sync = 1
            f1_blk_sync = 1
            f1_bus_sync = 1
            ff0_sync = 1
            ff1_sync = 1
            ov_msb_sync = 1
            so_sync = 1
            z0_sync = 1
            z1_sync = 1
        }
        Clock Polarity: Active High
        Clock Enable: True
        Next in chain : \CH1_Timer:TimerUDB:sT32:timerdp:u1\

    datapathcell: Name =\CH1_Timer:TimerUDB:sT32:timerdp:u1\
        PORT MAP (
            clock => Net_18 ,
            cs_addr_1 => \CH1_Timer:TimerUDB:control_7\ ,
            cs_addr_0 => \CH1_Timer:TimerUDB:per_zero\ ,
            chain_in => \CH1_Timer:TimerUDB:sT32:timerdp:carry0\ ,
            chain_out => \CH1_Timer:TimerUDB:sT32:timerdp:carry1\ );
        Properties:
        {
            a0_init = "00000000"
            a1_init = "00000000"
            ce0_sync = 1
            ce1_sync = 1
            cl0_sync = 1
            cl1_sync = 1
            cmsb_sync = 1
            co_msb_sync = 1
            cy_dpconfig = "0000000001000000000000000100000001000000010000000000000010000000000000001000000000000000100000000000000010000000000000001000000011111111000000001111111111111111100000110000000000000001000000110000000000011000"
            d0_init = "00000000"
            d1_init = "00000000"
            f0_blk_sync = 1
            f0_bus_sync = 1
            f1_blk_sync = 1
            f1_bus_sync = 1
            ff0_sync = 1
            ff1_sync = 1
            ov_msb_sync = 1
            so_sync = 1
            z0_sync = 1
            z1_sync = 1
        }
        Clock Polarity: Active High
        Clock Enable: True
        Previous in chain : \CH1_Timer:TimerUDB:sT32:timerdp:u0\
        Next in chain : \CH1_Timer:TimerUDB:sT32:timerdp:u2\

    datapathcell: Name =\CH1_Timer:TimerUDB:sT32:timerdp:u2\
        PORT MAP (
            clock => Net_18 ,
            cs_addr_1 => \CH1_Timer:TimerUDB:control_7\ ,
            cs_addr_0 => \CH1_Timer:TimerUDB:per_zero\ ,
            chain_in => \CH1_Timer:TimerUDB:sT32:timerdp:carry1\ ,
            chain_out => \CH1_Timer:TimerUDB:sT32:timerdp:carry2\ );
        Properties:
        {
            a0_init = "00000000"
            a1_init = "00000000"
            ce0_sync = 1
            ce1_sync = 1
            cl0_sync = 1
            cl1_sync = 1
            cmsb_sync = 1
            co_msb_sync = 1
            cy_dpconfig = "0000000001000000000000000100000001000000010000000000000010000000000000001000000000000000100000000000000010000000000000001000000011111111000000001111111111111111100000110000000000000001000000110000000000011000"
            d0_init = "00000000"
            d1_init = "00000000"
            f0_blk_sync = 1
            f0_bus_sync = 1
            f1_blk_sync = 1
            f1_bus_sync = 1
            ff0_sync = 1
            ff1_sync = 1
            ov_msb_sync = 1
            so_sync = 1
            z0_sync = 1
            z1_sync = 1
        }
        Clock Polarity: Active High
        Clock Enable: True
        Previous in chain : \CH1_Timer:TimerUDB:sT32:timerdp:u1\
        Next in chain : \CH1_Timer:TimerUDB:sT32:timerdp:u3\

    datapathcell: Name =\CH1_Timer:TimerUDB:sT32:timerdp:u3\
        PORT MAP (
            clock => Net_18 ,
            cs_addr_1 => \CH1_Timer:TimerUDB:control_7\ ,
            cs_addr_0 => \CH1_Timer:TimerUDB:per_zero\ ,
            z0_comb => \CH1_Timer:TimerUDB:per_zero\ ,
            f0_bus_stat_comb => \CH1_Timer:TimerUDB:status_3\ ,
            f0_blk_stat_comb => \CH1_Timer:TimerUDB:status_2\ ,
            chain_in => \CH1_Timer:TimerUDB:sT32:timerdp:carry2\ );
        Properties:
        {
            a0_init = "00000000"
            a1_init = "00000000"
            ce0_sync = 1
            ce1_sync = 1
            cl0_sync = 1
            cl1_sync = 1
            cmsb_sync = 1
            co_msb_sync = 1
            cy_dpconfig = "0000000001000000000000000100000001000000010000000000000010000000000000001000000000000000100000000000000010000000000000001000000011111111000000001111111111111111100000110000000000000001000000110000000000011000"
            d0_init = "00000000"
            d1_init = "00000000"
            f0_blk_sync = 1
            f0_bus_sync = 1
            f1_blk_sync = 1
            f1_bus_sync = 1
            ff0_sync = 1
            ff1_sync = 1
            ov_msb_sync = 1
            so_sync = 1
            z0_sync = 1
            z1_sync = 1
        }
        Clock Polarity: Active High
        Clock Enable: True
        Previous in chain : \CH1_Timer:TimerUDB:sT32:timerdp:u2\

    datapathcell: Name =\CH2_Timer:TimerUDB:sT32:timerdp:u0\
        PORT MAP (
            clock => Net_131 ,
            cs_addr_1 => \CH2_Timer:TimerUDB:control_7\ ,
            cs_addr_0 => \CH2_Timer:TimerUDB:per_zero\ ,
            chain_out => \CH2_Timer:TimerUDB:sT32:timerdp:carry0\ );
        Properties:
        {
            a0_init = "00000000"
            a1_init = "00000000"
            ce0_sync = 1
            ce1_sync = 1
            cl0_sync = 1
            cl1_sync = 1
            cmsb_sync = 1
            co_msb_sync = 1
            cy_dpconfig = "0000000001000000000000000100000001000000010000000000000010000000000000001000000000000000100000000000000010000000000000001000000011111111000000001111111111111111000000000000000000000001000000000000000000011000"
            d0_init = "00000000"
            d1_init = "00000000"
            f0_blk_sync = 1
            f0_bus_sync = 1
            f1_blk_sync = 1
            f1_bus_sync = 1
            ff0_sync = 1
            ff1_sync = 1
            ov_msb_sync = 1
            so_sync = 1
            z0_sync = 1
            z1_sync = 1
        }
        Clock Polarity: Active High
        Clock Enable: True
        Next in chain : \CH2_Timer:TimerUDB:sT32:timerdp:u1\

    datapathcell: Name =\CH2_Timer:TimerUDB:sT32:timerdp:u1\
        PORT MAP (
            clock => Net_131 ,
            cs_addr_1 => \CH2_Timer:TimerUDB:control_7\ ,
            cs_addr_0 => \CH2_Timer:TimerUDB:per_zero\ ,
            chain_in => \CH2_Timer:TimerUDB:sT32:timerdp:carry0\ ,
            chain_out => \CH2_Timer:TimerUDB:sT32:timerdp:carry1\ );
        Properties:
        {
            a0_init = "00000000"
            a1_init = "00000000"
            ce0_sync = 1
            ce1_sync = 1
            cl0_sync = 1
            cl1_sync = 1
            cmsb_sync = 1
            co_msb_sync = 1
            cy_dpconfig = "0000000001000000000000000100000001000000010000000000000010000000000000001000000000000000100000000000000010000000000000001000000011111111000000001111111111111111100000110000000000000001000000110000000000011000"
            d0_init = "00000000"
            d1_init = "00000000"
            f0_blk_sync = 1
            f0_bus_sync = 1
            f1_blk_sync = 1
            f1_bus_sync = 1
            ff0_sync = 1
            ff1_sync = 1
            ov_msb_sync = 1
            so_sync = 1
            z0_sync = 1
            z1_sync = 1
        }
        Clock Polarity: Active High
        Clock Enable: True
        Previous in chain : \CH2_Timer:TimerUDB:sT32:timerdp:u0\
        Next in chain : \CH2_Timer:TimerUDB:sT32:timerdp:u2\

    datapathcell: Name =\CH2_Timer:TimerUDB:sT32:timerdp:u2\
        PORT MAP (
            clock => Net_131 ,
            cs_addr_1 => \CH2_Timer:TimerUDB:control_7\ ,
            cs_addr_0 => \CH2_Timer:TimerUDB:per_zero\ ,
            chain_in => \CH2_Timer:TimerUDB:sT32:timerdp:carry1\ ,
            chain_out => \CH2_Timer:TimerUDB:sT32:timerdp:carry2\ );
        Properties:
        {
            a0_init = "00000000"
            a1_init = "00000000"
            ce0_sync = 1
            ce1_sync = 1
            cl0_sync = 1
            cl1_sync = 1
            cmsb_sync = 1
            co_msb_sync = 1
            cy_dpconfig = "0000000001000000000000000100000001000000010000000000000010000000000000001000000000000000100000000000000010000000000000001000000011111111000000001111111111111111100000110000000000000001000000110000000000011000"
            d0_init = "00000000"
            d1_init = "00000000"
            f0_blk_sync = 1
            f0_bus_sync = 1
            f1_blk_sync = 1
            f1_bus_sync = 1
            ff0_sync = 1
            ff1_sync = 1
            ov_msb_sync = 1
            so_sync = 1
            z0_sync = 1
            z1_sync = 1
        }
        Clock Polarity: Active High
        Clock Enable: True
        Previous in chain : \CH2_Timer:TimerUDB:sT32:timerdp:u1\
        Next in chain : \CH2_Timer:TimerUDB:sT32:timerdp:u3\

    datapathcell: Name =\CH2_Timer:TimerUDB:sT32:timerdp:u3\
        PORT MAP (
            clock => Net_131 ,
            cs_addr_1 => \CH2_Timer:TimerUDB:control_7\ ,
            cs_addr_0 => \CH2_Timer:TimerUDB:per_zero\ ,
            z0_comb => \CH2_Timer:TimerUDB:per_zero\ ,
            f0_bus_stat_comb => \CH2_Timer:TimerUDB:status_3\ ,
            f0_blk_stat_comb => \CH2_Timer:TimerUDB:status_2\ ,
            chain_in => \CH2_Timer:TimerUDB:sT32:timerdp:carry2\ );
        Properties:
        {
            a0_init = "00000000"
            a1_init = "00000000"
            ce0_sync = 1
            ce1_sync = 1
            cl0_sync = 1
            cl1_sync = 1
            cmsb_sync = 1
            co_msb_sync = 1
            cy_dpconfig = "0000000001000000000000000100000001000000010000000000000010000000000000001000000000000000100000000000000010000000000000001000000011111111000000001111111111111111100000110000000000000001000000110000000000011000"
            d0_init = "00000000"
            d1_init = "00000000"
            f0_blk_sync = 1
            f0_bus_sync = 1
            f1_blk_sync = 1
            f1_bus_sync = 1
            ff0_sync = 1
            ff1_sync = 1
            ov_msb_sync = 1
            so_sync = 1
            z0_sync = 1
            z1_sync = 1
        }
        Clock Polarity: Active High
        Clock Enable: True
        Previous in chain : \CH2_Timer:TimerUDB:sT32:timerdp:u2\

    datapathcell: Name =\CH3_Timer:TimerUDB:sT32:timerdp:u0\
        PORT MAP (
            clock => Net_142 ,
            cs_addr_1 => \CH3_Timer:TimerUDB:control_7\ ,
            cs_addr_0 => \CH3_Timer:TimerUDB:per_zero\ ,
            chain_out => \CH3_Timer:TimerUDB:sT32:timerdp:carry0\ );
        Properties:
        {
            a0_init = "00000000"
            a1_init = "00000000"
            ce0_sync = 1
            ce1_sync = 1
            cl0_sync = 1
            cl1_sync = 1
            cmsb_sync = 1
            co_msb_sync = 1
            cy_dpconfig = "0000000001000000000000000100000001000000010000000000000010000000000000001000000000000000100000000000000010000000000000001000000011111111000000001111111111111111000000000000000000000001000000000000000000011000"
            d0_init = "00000000"
            d1_init = "00000000"
            f0_blk_sync = 1
            f0_bus_sync = 1
            f1_blk_sync = 1
            f1_bus_sync = 1
            ff0_sync = 1
            ff1_sync = 1
            ov_msb_sync = 1
            so_sync = 1
            z0_sync = 1
            z1_sync = 1
        }
        Clock Polarity: Active High
        Clock Enable: True
        Next in chain : \CH3_Timer:TimerUDB:sT32:timerdp:u1\

    datapathcell: Name =\CH3_Timer:TimerUDB:sT32:timerdp:u1\
        PORT MAP (
            clock => Net_142 ,
            cs_addr_1 => \CH3_Timer:TimerUDB:control_7\ ,
            cs_addr_0 => \CH3_Timer:TimerUDB:per_zero\ ,
            chain_in => \CH3_Timer:TimerUDB:sT32:timerdp:carry0\ ,
            chain_out => \CH3_Timer:TimerUDB:sT32:timerdp:carry1\ );
        Properties:
        {
            a0_init = "00000000"
            a1_init = "00000000"
            ce0_sync = 1
            ce1_sync = 1
            cl0_sync = 1
            cl1_sync = 1
            cmsb_sync = 1
            co_msb_sync = 1
            cy_dpconfig = "0000000001000000000000000100000001000000010000000000000010000000000000001000000000000000100000000000000010000000000000001000000011111111000000001111111111111111100000110000000000000001000000110000000000011000"
            d0_init = "00000000"
            d1_init = "00000000"
            f0_blk_sync = 1
            f0_bus_sync = 1
            f1_blk_sync = 1
            f1_bus_sync = 1
            ff0_sync = 1
            ff1_sync = 1
            ov_msb_sync = 1
            so_sync = 1
            z0_sync = 1
            z1_sync = 1
        }
        Clock Polarity: Active High
        Clock Enable: True
        Previous in chain : \CH3_Timer:TimerUDB:sT32:timerdp:u0\
        Next in chain : \CH3_Timer:TimerUDB:sT32:timerdp:u2\

    datapathcell: Name =\CH3_Timer:TimerUDB:sT32:timerdp:u2\
        PORT MAP (
            clock => Net_142 ,
            cs_addr_1 => \CH3_Timer:TimerUDB:control_7\ ,
            cs_addr_0 => \CH3_Timer:TimerUDB:per_zero\ ,
            chain_in => \CH3_Timer:TimerUDB:sT32:timerdp:carry1\ ,
            chain_out => \CH3_Timer:TimerUDB:sT32:timerdp:carry2\ );
        Properties:
        {
            a0_init = "00000000"
            a1_init = "00000000"
            ce0_sync = 1
            ce1_sync = 1
            cl0_sync = 1
            cl1_sync = 1
            cmsb_sync = 1
            co_msb_sync = 1
            cy_dpconfig = "0000000001000000000000000100000001000000010000000000000010000000000000001000000000000000100000000000000010000000000000001000000011111111000000001111111111111111100000110000000000000001000000110000000000011000"
            d0_init = "00000000"
            d1_init = "00000000"
            f0_blk_sync = 1
            f0_bus_sync = 1
            f1_blk_sync = 1
            f1_bus_sync = 1
            ff0_sync = 1
            ff1_sync = 1
            ov_msb_sync = 1
            so_sync = 1
            z0_sync = 1
            z1_sync = 1
        }
        Clock Polarity: Active High
        Clock Enable: True
        Previous in chain : \CH3_Timer:TimerUDB:sT32:timerdp:u1\
        Next in chain : \CH3_Timer:TimerUDB:sT32:timerdp:u3\

    datapathcell: Name =\CH3_Timer:TimerUDB:sT32:timerdp:u3\
        PORT MAP (
            clock => Net_142 ,
            cs_addr_1 => \CH3_Timer:TimerUDB:control_7\ ,
            cs_addr_0 => \CH3_Timer:TimerUDB:per_zero\ ,
            z0_comb => \CH3_Timer:TimerUDB:per_zero\ ,
            f0_bus_stat_comb => \CH3_Timer:TimerUDB:status_3\ ,
            f0_blk_stat_comb => \CH3_Timer:TimerUDB:status_2\ ,
            chain_in => \CH3_Timer:TimerUDB:sT32:timerdp:carry2\ );
        Properties:
        {
            a0_init = "00000000"
            a1_init = "00000000"
            ce0_sync = 1
            ce1_sync = 1
            cl0_sync = 1
            cl1_sync = 1
            cmsb_sync = 1
            co_msb_sync = 1
            cy_dpconfig = "0000000001000000000000000100000001000000010000000000000010000000000000001000000000000000100000000000000010000000000000001000000011111111000000001111111111111111100000110000000000000001000000110000000000011000"
            d0_init = "00000000"
            d1_init = "00000000"
            f0_blk_sync = 1
            f0_bus_sync = 1
            f1_blk_sync = 1
            f1_bus_sync = 1
            ff0_sync = 1
            ff1_sync = 1
            ov_msb_sync = 1
            so_sync = 1
            z0_sync = 1
            z1_sync = 1
        }
        Clock Polarity: Active High
        Clock Enable: True
        Previous in chain : \CH3_Timer:TimerUDB:sT32:timerdp:u2\

    datapathcell: Name =\CH4_Timer:TimerUDB:sT32:timerdp:u0\
        PORT MAP (
            clock => Net_154 ,
            cs_addr_1 => \CH4_Timer:TimerUDB:control_7\ ,
            cs_addr_0 => \CH4_Timer:TimerUDB:per_zero\ ,
            chain_out => \CH4_Timer:TimerUDB:sT32:timerdp:carry0\ );
        Properties:
        {
            a0_init = "00000000"
            a1_init = "00000000"
            ce0_sync = 1
            ce1_sync = 1
            cl0_sync = 1
            cl1_sync = 1
            cmsb_sync = 1
            co_msb_sync = 1
            cy_dpconfig = "0000000001000000000000000100000001000000010000000000000010000000000000001000000000000000100000000000000010000000000000001000000011111111000000001111111111111111000000000000000000000001000000000000000000011000"
            d0_init = "00000000"
            d1_init = "00000000"
            f0_blk_sync = 1
            f0_bus_sync = 1
            f1_blk_sync = 1
            f1_bus_sync = 1
            ff0_sync = 1
            ff1_sync = 1
            ov_msb_sync = 1
            so_sync = 1
            z0_sync = 1
            z1_sync = 1
        }
        Clock Polarity: Active High
        Clock Enable: True
        Next in chain : \CH4_Timer:TimerUDB:sT32:timerdp:u1\

    datapathcell: Name =\CH4_Timer:TimerUDB:sT32:timerdp:u1\
        PORT MAP (
            clock => Net_154 ,
            cs_addr_1 => \CH4_Timer:TimerUDB:control_7\ ,
            cs_addr_0 => \CH4_Timer:TimerUDB:per_zero\ ,
            chain_in => \CH4_Timer:TimerUDB:sT32:timerdp:carry0\ ,
            chain_out => \CH4_Timer:TimerUDB:sT32:timerdp:carry1\ );
        Properties:
        {
            a0_init = "00000000"
            a1_init = "00000000"
            ce0_sync = 1
            ce1_sync = 1
            cl0_sync = 1
            cl1_sync = 1
            cmsb_sync = 1
            co_msb_sync = 1
            cy_dpconfig = "0000000001000000000000000100000001000000010000000000000010000000000000001000000000000000100000000000000010000000000000001000000011111111000000001111111111111111100000110000000000000001000000110000000000011000"
            d0_init = "00000000"
            d1_init = "00000000"
            f0_blk_sync = 1
            f0_bus_sync = 1
            f1_blk_sync = 1
            f1_bus_sync = 1
            ff0_sync = 1
            ff1_sync = 1
            ov_msb_sync = 1
            so_sync = 1
            z0_sync = 1
            z1_sync = 1
        }
        Clock Polarity: Active High
        Clock Enable: True
        Previous in chain : \CH4_Timer:TimerUDB:sT32:timerdp:u0\
        Next in chain : \CH4_Timer:TimerUDB:sT32:timerdp:u2\

    datapathcell: Name =\CH4_Timer:TimerUDB:sT32:timerdp:u2\
        PORT MAP (
            clock => Net_154 ,
            cs_addr_1 => \CH4_Timer:TimerUDB:control_7\ ,
            cs_addr_0 => \CH4_Timer:TimerUDB:per_zero\ ,
            chain_in => \CH4_Timer:TimerUDB:sT32:timerdp:carry1\ ,
            chain_out => \CH4_Timer:TimerUDB:sT32:timerdp:carry2\ );
        Properties:
        {
            a0_init = "00000000"
            a1_init = "00000000"
            ce0_sync = 1
            ce1_sync = 1
            cl0_sync = 1
            cl1_sync = 1
            cmsb_sync = 1
            co_msb_sync = 1
            cy_dpconfig = "0000000001000000000000000100000001000000010000000000000010000000000000001000000000000000100000000000000010000000000000001000000011111111000000001111111111111111100000110000000000000001000000110000000000011000"
            d0_init = "00000000"
            d1_init = "00000000"
            f0_blk_sync = 1
            f0_bus_sync = 1
            f1_blk_sync = 1
            f1_bus_sync = 1
            ff0_sync = 1
            ff1_sync = 1
            ov_msb_sync = 1
            so_sync = 1
            z0_sync = 1
            z1_sync = 1
        }
        Clock Polarity: Active High
        Clock Enable: True
        Previous in chain : \CH4_Timer:TimerUDB:sT32:timerdp:u1\
        Next in chain : \CH4_Timer:TimerUDB:sT32:timerdp:u3\

    datapathcell: Name =\CH4_Timer:TimerUDB:sT32:timerdp:u3\
        PORT MAP (
            clock => Net_154 ,
            cs_addr_1 => \CH4_Timer:TimerUDB:control_7\ ,
            cs_addr_0 => \CH4_Timer:TimerUDB:per_zero\ ,
            z0_comb => \CH4_Timer:TimerUDB:per_zero\ ,
            f0_bus_stat_comb => \CH4_Timer:TimerUDB:status_3\ ,
            f0_blk_stat_comb => \CH4_Timer:TimerUDB:status_2\ ,
            chain_in => \CH4_Timer:TimerUDB:sT32:timerdp:carry2\ );
        Properties:
        {
            a0_init = "00000000"
            a1_init = "00000000"
            ce0_sync = 1
            ce1_sync = 1
            cl0_sync = 1
            cl1_sync = 1
            cmsb_sync = 1
            co_msb_sync = 1
            cy_dpconfig = "0000000001000000000000000100000001000000010000000000000010000000000000001000000000000000100000000000000010000000000000001000000011111111000000001111111111111111100000110000000000000001000000110000000000011000"
            d0_init = "00000000"
            d1_init = "00000000"
            f0_blk_sync = 1
            f0_bus_sync = 1
            f1_blk_sync = 1
            f1_bus_sync = 1
            ff0_sync = 1
            ff1_sync = 1
            ov_msb_sync = 1
            so_sync = 1
            z0_sync = 1
            z1_sync = 1
        }
        Clock Polarity: Active High
        Clock Enable: True
        Previous in chain : \CH4_Timer:TimerUDB:sT32:timerdp:u2\
    </CYPRESSTAG>
    <CYPRESSTAG name="Status register listing">
    </CYPRESSTAG>
    <CYPRESSTAG name="StatusI register listing">

    ------------------------------------------------------------
    StatusI register listing
    ------------------------------------------------------------

    statusicell: Name =\UART_1:BUART:sTX:TxSts\
        PORT MAP (
            clock => \UART_1:Net_9\ ,
            status_3 => \UART_1:BUART:tx_fifo_notfull\ ,
            status_2 => \UART_1:BUART:tx_status_2\ ,
            status_1 => \UART_1:BUART:tx_fifo_empty\ ,
            status_0 => \UART_1:BUART:tx_status_0\ );
        Properties:
        {
            cy_force_order = 1
            cy_int_mask = "1111111"
            cy_md_select = "0000001"
        }
        Clock Polarity: Active High
        Clock Enable: True

    statusicell: Name =\UART_1:BUART:sRX:RxSts\
        PORT MAP (
            clock => \UART_1:Net_9\ ,
            status_5 => \UART_1:BUART:rx_status_5\ ,
            status_4 => \UART_1:BUART:rx_status_4\ ,
            status_3 => \UART_1:BUART:rx_status_3\ );
        Properties:
        {
            cy_force_order = 1
            cy_int_mask = "1111111"
            cy_md_select = "1011111"
        }
        Clock Polarity: Active High
        Clock Enable: True

    statusicell: Name =\CH1_Timer:TimerUDB:rstSts:stsreg\
        PORT MAP (
            clock => Net_18 ,
            status_3 => \CH1_Timer:TimerUDB:status_3\ ,
            status_2 => \CH1_Timer:TimerUDB:status_2\ ,
            status_1 => \CH1_Timer:TimerUDB:capt_int_temp\ ,
            status_0 => \CH1_Timer:TimerUDB:status_tc\ );
        Properties:
        {
            cy_force_order = 1
            cy_int_mask = "1111111"
            cy_md_select = "0000011"
        }
        Clock Polarity: Active High
        Clock Enable: True

    statusicell: Name =\CH2_Timer:TimerUDB:rstSts:stsreg\
        PORT MAP (
            clock => Net_131 ,
            status_3 => \CH2_Timer:TimerUDB:status_3\ ,
            status_2 => \CH2_Timer:TimerUDB:status_2\ ,
            status_1 => \CH2_Timer:TimerUDB:capt_int_temp\ ,
            status_0 => \CH2_Timer:TimerUDB:status_tc\ );
        Properties:
        {
            cy_force_order = 1
            cy_int_mask = "1111111"
            cy_md_select = "0000011"
        }
        Clock Polarity: Active High
        Clock Enable: True

    statusicell: Name =\CH3_Timer:TimerUDB:rstSts:stsreg\
        PORT MAP (
            clock => Net_142 ,
            status_3 => \CH3_Timer:TimerUDB:status_3\ ,
            status_2 => \CH3_Timer:TimerUDB:status_2\ ,
            status_1 => \CH3_Timer:TimerUDB:capt_int_temp\ ,
            status_0 => \CH3_Timer:TimerUDB:status_tc\ );
        Properties:
        {
            cy_force_order = 1
            cy_int_mask = "1111111"
            cy_md_select = "0000011"
        }
        Clock Polarity: Active High
        Clock Enable: True

    statusicell: Name =\CH4_Timer:TimerUDB:rstSts:stsreg\
        PORT MAP (
            clock => Net_154 ,
            status_3 => \CH4_Timer:TimerUDB:status_3\ ,
            status_2 => \CH4_Timer:TimerUDB:status_2\ ,
            status_1 => \CH4_Timer:TimerUDB:capt_int_temp\ ,
            status_0 => \CH4_Timer:TimerUDB:status_tc\ );
        Properties:
        {
            cy_force_order = 1
            cy_int_mask = "1111111"
            cy_md_select = "0000011"
        }
        Clock Polarity: Active High
        Clock Enable: True
    </CYPRESSTAG>
    <CYPRESSTAG name="Sync listing">
    </CYPRESSTAG>
    <CYPRESSTAG name="Control register listing">

    ------------------------------------------------------------
    Control register listing
    ------------------------------------------------------------

    controlcell: Name =\CH1_Timer:TimerUDB:sCTRLReg:SyncCtl:ctrlreg\
        PORT MAP (
            clock => Net_18 ,
            control_7 => \CH1_Timer:TimerUDB:control_7\ ,
            control_6 => \CH1_Timer:TimerUDB:control_6\ ,
            control_5 => \CH1_Timer:TimerUDB:control_5\ ,
            control_4 => \CH1_Timer:TimerUDB:control_4\ ,
            control_3 => \CH1_Timer:TimerUDB:control_3\ ,
            control_2 => \CH1_Timer:TimerUDB:control_2\ ,
            control_1 => MODIN6_1 ,
            control_0 => MODIN6_0 );
        Properties:
        {
            cy_ctrl_mode_0 = "11111111"
            cy_ctrl_mode_1 = "00000000"
            cy_ext_reset = 0
            cy_force_order = 1
            cy_init_value = "00000000"
        }
        Clock Polarity: Active High
        Clock Enable: True

    controlcell: Name =\CH2_Timer:TimerUDB:sCTRLReg:SyncCtl:ctrlreg\
        PORT MAP (
            clock => Net_131 ,
            control_7 => \CH2_Timer:TimerUDB:control_7\ ,
            control_6 => \CH2_Timer:TimerUDB:control_6\ ,
            control_5 => \CH2_Timer:TimerUDB:control_5\ ,
            control_4 => \CH2_Timer:TimerUDB:control_4\ ,
            control_3 => \CH2_Timer:TimerUDB:control_3\ ,
            control_2 => \CH2_Timer:TimerUDB:control_2\ ,
            control_1 => MODIN9_1 ,
            control_0 => MODIN9_0 );
        Properties:
        {
            cy_ctrl_mode_0 = "11111111"
            cy_ctrl_mode_1 = "00000000"
            cy_ext_reset = 0
            cy_force_order = 1
            cy_init_value = "00000000"
        }
        Clock Polarity: Active High
        Clock Enable: True

    controlcell: Name =\CH3_Timer:TimerUDB:sCTRLReg:SyncCtl:ctrlreg\
        PORT MAP (
            clock => Net_142 ,
            control_7 => \CH3_Timer:TimerUDB:control_7\ ,
            control_6 => \CH3_Timer:TimerUDB:control_6\ ,
            control_5 => \CH3_Timer:TimerUDB:control_5\ ,
            control_4 => \CH3_Timer:TimerUDB:control_4\ ,
            control_3 => \CH3_Timer:TimerUDB:control_3\ ,
            control_2 => \CH3_Timer:TimerUDB:control_2\ ,
            control_1 => MODIN12_1 ,
            control_0 => MODIN12_0 );
        Properties:
        {
            cy_ctrl_mode_0 = "11111111"
            cy_ctrl_mode_1 = "00000000"
            cy_ext_reset = 0
            cy_force_order = 1
            cy_init_value = "00000000"
        }
        Clock Polarity: Active High
        Clock Enable: True

    controlcell: Name =\CH4_Timer:TimerUDB:sCTRLReg:SyncCtl:ctrlreg\
        PORT MAP (
            clock => Net_154 ,
            control_7 => \CH4_Timer:TimerUDB:control_7\ ,
            control_6 => \CH4_Timer:TimerUDB:control_6\ ,
            control_5 => \CH4_Timer:TimerUDB:control_5\ ,
            control_4 => \CH4_Timer:TimerUDB:control_4\ ,
            control_3 => \CH4_Timer:TimerUDB:control_3\ ,
            control_2 => \CH4_Timer:TimerUDB:control_2\ ,
            control_1 => \CH4_Timer:TimerUDB:control_1\ ,
            control_0 => \CH4_Timer:TimerUDB:control_0\ );
        Properties:
        {
            cy_ctrl_mode_0 = "11111111"
            cy_ctrl_mode_1 = "00000000"
            cy_ext_reset = 0
            cy_force_order = 1
            cy_init_value = "00000000"
        }
        Clock Polarity: Active High
        Clock Enable: True
    </CYPRESSTAG>
    <CYPRESSTAG name="Count7 listing">

    ------------------------------------------------------------
    Count7 listing
    ------------------------------------------------------------

    count7cell: Name =\UART_1:BUART:sRX:RxBitCounter\
        PORT MAP (
            clock => \UART_1:Net_9\ ,
            load => \UART_1:BUART:rx_counter_load\ ,
            count_6 => \UART_1:BUART:rx_count_6\ ,
            count_5 => \UART_1:BUART:rx_count_5\ ,
            count_4 => \UART_1:BUART:rx_count_4\ ,
            count_3 => \UART_1:BUART:rx_count_3\ ,
            count_2 => \UART_1:BUART:rx_count_2\ ,
            count_1 => \UART_1:BUART:rx_count_1\ ,
            count_0 => \UART_1:BUART:rx_count_0\ ,
            tc => \UART_1:BUART:rx_count7_tc\ );
        Properties:
        {
            cy_alt_mode = 0
            cy_init_value = "0000000"
            cy_period = "1110010"
            cy_route_en = 1
            cy_route_ld = 1
        }
        Clock Polarity: Active High
        Clock Enable: True
    </CYPRESSTAG>
    <CYPRESSTAG name="DRQ listing">
    </CYPRESSTAG>
    <CYPRESSTAG name="Interrupt listing">

    ------------------------------------------------------------
    Interrupt listing
    ------------------------------------------------------------

    interrupt: Name =isr_1
        PORT MAP (
            interrupt => Net_42 );
        Properties:
        {
            int_type = "10"
            is_nmi = 0
        }

    interrupt: Name =isr_2
        PORT MAP (
            interrupt => Net_563 );
        Properties:
        {
            int_type = "10"
            is_nmi = 0
        }

    interrupt: Name =isr_3
        PORT MAP (
            interrupt => Net_566 );
        Properties:
        {
            int_type = "10"
            is_nmi = 0
        }

    interrupt: Name =isr_4
        PORT MAP (
            interrupt => Net_160 );
        Properties:
        {
            int_type = "10"
            is_nmi = 0
        }

    interrupt: Name =\I2C_1:I2C_IRQ\
        PORT MAP (
            interrupt => \I2C_1:Net_697\ );
        Properties:
        {
            int_type = "00"
            is_nmi = 0
        }
    </CYPRESSTAG>
</CYPRESSTAG>
<CYPRESSTAG name="Technology mapping summary" expanded>

------------------------------------------------------------
Technology mapping summary
------------------------------------------------------------

Resource Type                 : Used : Free :  Max :  % Used
============================================================
Digital Clocks                :    5 :    3 :    8 : 62.50 %
Analog Clocks                 :    0 :    4 :    4 :  0.00 %
CapSense Buffers              :    0 :    2 :    2 :  0.00 %
Digital Filter Block          :    0 :    1 :    1 :  0.00 %
Interrupts                    :    5 :   27 :   32 : 15.63 %
IO                            :   12 :   36 :   48 : 25.00 %
Segment LCD                   :    0 :    1 :    1 :  0.00 %
CAN 2.0b                      :    0 :    1 :    1 :  0.00 %
I2C                           :    1 :    0 :    1 : 100.00 %
USB                           :    0 :    1 :    1 :  0.00 %
DMA Channels                  :    0 :   24 :   24 :  0.00 %
Timer                         :    0 :    4 :    4 :  0.00 %
UDB                           :      :      :      :        
  Macrocells                  :   32 :  160 :  192 : 16.67 %
  Unique P-terms              :   48 :  336 :  384 : 12.50 %
  Total P-terms               :   57 :      :      :        
  Datapath Cells              :   19 :    5 :   24 : 79.17 %
  Status Cells                :    7 :   17 :   24 : 29.17 %
    StatusI Registers         :    6 :      :      :        
    Routed Count7 Load/Enable :    1 :      :      :        
  Control Cells               :    5 :   19 :   24 : 20.83 %
    Control Registers         :    4 :      :      :        
    Count7 Cells              :    1 :      :      :        
Opamp                         :    0 :    4 :    4 :  0.00 %
Comparator                    :    0 :    4 :    4 :  0.00 %
Delta-Sigma ADC               :    0 :    1 :    1 :  0.00 %
LPF                           :    0 :    2 :    2 :  0.00 %
SAR ADC                       :    0 :    2 :    2 :  0.00 %
Analog (SC/CT) Blocks         :    0 :    4 :    4 :  0.00 %
DAC                           :      :      :      :        
  VIDAC                       :    0 :    4 :    4 :  0.00 %
</CYPRESSTAG>
Technology Mapping: Elapsed time ==> 0s.117ms
Tech Mapping phase: Elapsed time ==> 0s.176ms
</CYPRESSTAG>
<CYPRESSTAG name="Analog Placement">
Initial Analog Placement Results:
IO_4@[IOP=(1)][IoId=(4)] : CH1_Pin(0) (fixed)
IO_5@[IOP=(2)][IoId=(5)] : CH2_Pin(0) (fixed)
IO_0@[IOP=(3)][IoId=(0)] : CH3_Pin(0) (fixed)
IO_1@[IOP=(0)][IoId=(1)] : CH4_Pin(0) (fixed)
IO_1@[IOP=(2)][IoId=(1)] : LED_BUILDIN(0) (fixed)
IO_6@[IOP=(12)][IoId=(6)] : Rx_1(0) (fixed)
IO_7@[IOP=(12)][IoId=(7)] : Tx_1(0) (fixed)
Analog Placement phase: Elapsed time ==> 0s.019ms
</CYPRESSTAG>
<CYPRESSTAG name="Analog Routing">
Analog Routing phase: Elapsed time ==> 0s.000ms
</CYPRESSTAG>
<CYPRESSTAG name="Analog Code Generation">
============ Analog Final Answer Routes ============
Dump of CyAnalogRoutingResultsDB
Map of net to items {
}
Map of item to net {
}
Mux Info {
}
Dump of CyP35AnalogRoutingResultsDB
IsVddaHalfUsedForComp = False
IsVddaHalfUsedForSar0 = False
IsVddaHalfUsedForSar1 = False
Analog Code Generation phase: Elapsed time ==> 0s.215ms
</CYPRESSTAG>
<CYPRESSTAG name="Digital Placement">
<CYPRESSTAG name="Detailed placement messages">
I2076: Total run-time: 1.3 sec.

</CYPRESSTAG>
<CYPRESSTAG name="PLD Packing">
<CYPRESSTAG name="PLD Packing Summary" expanded>

------------------------------------------------------------
PLD Packing Summary
------------------------------------------------------------
            Resource Type : Used : Free :  Max :  % Used
    ====================================================
                     PLDs :   17 :   31 :   48 :  35.42%

<CYPRESSTAG name="PLD Statistics">

        PLD Resource Type :     Average/LAB
    =======================================
                   Inputs :            4.24
                   Pterms :            3.00
               Macrocells :            1.88
</CYPRESSTAG>
<CYPRESSTAG name="Packed PLD Contents">
Packed PLD Contents not displayed at this verbose level.</CYPRESSTAG>
</CYPRESSTAG>
PLD Packing: Elapsed time ==> 0s.001ms
</CYPRESSTAG>
<CYPRESSTAG name="Partitioning">
<CYPRESSTAG name="Initial Partitioning Summary">
Initial Partitioning Summary not displayed at this verbose level.</CYPRESSTAG>
<CYPRESSTAG name="Final Partitioning Summary">
Final Partitioning Summary not displayed at this verbose level.</CYPRESSTAG>
Partitioning: Elapsed time ==> 0s.053ms
</CYPRESSTAG>
<CYPRESSTAG name="Final Placement Summary">

------------------------------------------------------------
Final Placement Summary
------------------------------------------------------------

       Resource Type :      Count : Avg Inputs : Avg Outputs
    ========================================================
                 UDB :         20 :       2.55 :       1.60
<CYPRESSTAG name="Final Placement Details">
<CYPRESSTAG name="Component Details">

------------------------------------------------------------
Component Placement Details
------------------------------------------------------------
UDB [UDB=(0,0)] contents:
LAB@[UDB=(0,0)][LB=0] #macrocells=3, #inputs=12, #pterms=8
{
    [McSlotId=0]:     MacroCell: Name=\UART_1:BUART:rx_state_2\, Mode=(T-Register) @ [UDB=(0,0)][LB=0][MC=0]
        Total # of inputs        : 10
        Total # of product terms : 5
        List of special equations: 
            Clock  = (\UART_1:Net_9\) => Global
            Clock Enable: True
        Main Equation            : 5 pterms
        (
              !\UART_1:BUART:tx_ctrl_mark_last\ * !\UART_1:BUART:rx_state_0\ * 
              \UART_1:BUART:rx_bitclk_enable\ * \UART_1:BUART:rx_state_3\
            + !\UART_1:BUART:tx_ctrl_mark_last\ * !\UART_1:BUART:rx_state_0\ * 
              \UART_1:BUART:rx_bitclk_enable\ * \UART_1:BUART:rx_state_2\
            + !\UART_1:BUART:tx_ctrl_mark_last\ * !\UART_1:BUART:rx_state_0\ * 
              !\UART_1:BUART:rx_state_3\ * !\UART_1:BUART:rx_state_2\ * 
              !Net_5 * \UART_1:BUART:rx_last\
            + !\UART_1:BUART:tx_ctrl_mark_last\ * \UART_1:BUART:rx_state_0\ * 
              !\UART_1:BUART:rx_state_3\ * !\UART_1:BUART:rx_state_2\ * 
              !\UART_1:BUART:rx_count_6\ * !\UART_1:BUART:rx_count_5\
            + !\UART_1:BUART:tx_ctrl_mark_last\ * \UART_1:BUART:rx_state_0\ * 
              !\UART_1:BUART:rx_state_3\ * !\UART_1:BUART:rx_state_2\ * 
              !\UART_1:BUART:rx_count_6\ * !\UART_1:BUART:rx_count_4\
        );
        Output = \UART_1:BUART:rx_state_2\ (fanout=7)
        Properties               : 
        {
        }

    [McSlotId=1]:     MacroCell: Name=\UART_1:BUART:rx_load_fifo\, Mode=(D-Register) @ [UDB=(0,0)][LB=0][MC=1]
        Total # of inputs        : 8
        Total # of product terms : 3
        List of special equations: 
            Clock  = (\UART_1:Net_9\) => Global
            Clock Enable: True
        Main Equation            : 3 pterms
        (
              !\UART_1:BUART:tx_ctrl_mark_last\ * !\UART_1:BUART:rx_state_0\ * 
              \UART_1:BUART:rx_bitclk_enable\ * \UART_1:BUART:rx_state_3\ * 
              !\UART_1:BUART:rx_state_2\
            + !\UART_1:BUART:tx_ctrl_mark_last\ * \UART_1:BUART:rx_state_0\ * 
              !\UART_1:BUART:rx_state_3\ * !\UART_1:BUART:rx_state_2\ * 
              !\UART_1:BUART:rx_count_6\ * !\UART_1:BUART:rx_count_5\
            + !\UART_1:BUART:tx_ctrl_mark_last\ * \UART_1:BUART:rx_state_0\ * 
              !\UART_1:BUART:rx_state_3\ * !\UART_1:BUART:rx_state_2\ * 
              !\UART_1:BUART:rx_count_6\ * !\UART_1:BUART:rx_count_4\
        );
        Output = \UART_1:BUART:rx_load_fifo\ (fanout=2)
        Properties               : 
        {
        }

    [McSlotId=2]:     MacroCell: Name=\UART_1:BUART:rx_status_3\, Mode=(D-Register) @ [UDB=(0,0)][LB=0][MC=2]
        Total # of inputs        : 8
        Total # of product terms : 2
        List of special equations: 
            Clock  = (\UART_1:Net_9\) => Global
            Clock Enable: True
        Main Equation            : 2 pterms
        (
              !\UART_1:BUART:tx_ctrl_mark_last\ * !\UART_1:BUART:rx_state_0\ * 
              \UART_1:BUART:rx_bitclk_enable\ * \UART_1:BUART:rx_state_3\ * 
              \UART_1:BUART:rx_state_2\ * !\UART_1:BUART:pollcount_1\ * 
              !Net_5
            + !\UART_1:BUART:tx_ctrl_mark_last\ * !\UART_1:BUART:rx_state_0\ * 
              \UART_1:BUART:rx_bitclk_enable\ * \UART_1:BUART:rx_state_3\ * 
              \UART_1:BUART:rx_state_2\ * !\UART_1:BUART:pollcount_1\ * 
              !\UART_1:BUART:pollcount_0\
        );
        Output = \UART_1:BUART:rx_status_3\ (fanout=1)
        Properties               : 
        {
        }

    [McSlotId=3]: (empty)
}

LAB@[UDB=(0,0)][LB=1] #macrocells=4, #inputs=11, #pterms=8
{
    [McSlotId=0]:     MacroCell: Name=\UART_1:BUART:rx_state_0\, Mode=(T-Register) @ [UDB=(0,0)][LB=1][MC=0]
        Total # of inputs        : 11
        Total # of product terms : 4
        List of special equations: 
            Clock  = (\UART_1:Net_9\) => Global
            Clock Enable: True
        Main Equation            : 4 pterms
        (
              !\UART_1:BUART:tx_ctrl_mark_last\ * !\UART_1:BUART:rx_state_0\ * 
              \UART_1:BUART:rx_bitclk_enable\ * !\UART_1:BUART:rx_state_3\ * 
              \UART_1:BUART:rx_state_2\ * !\UART_1:BUART:pollcount_1\ * 
              !Net_5
            + !\UART_1:BUART:tx_ctrl_mark_last\ * !\UART_1:BUART:rx_state_0\ * 
              \UART_1:BUART:rx_bitclk_enable\ * !\UART_1:BUART:rx_state_3\ * 
              \UART_1:BUART:rx_state_2\ * !\UART_1:BUART:pollcount_1\ * 
              !\UART_1:BUART:pollcount_0\
            + !\UART_1:BUART:tx_ctrl_mark_last\ * \UART_1:BUART:rx_state_0\ * 
              !\UART_1:BUART:rx_state_3\ * !\UART_1:BUART:rx_state_2\ * 
              !\UART_1:BUART:rx_count_6\ * !\UART_1:BUART:rx_count_5\
            + !\UART_1:BUART:tx_ctrl_mark_last\ * \UART_1:BUART:rx_state_0\ * 
              !\UART_1:BUART:rx_state_3\ * !\UART_1:BUART:rx_state_2\ * 
              !\UART_1:BUART:rx_count_6\ * !\UART_1:BUART:rx_count_4\
        );
        Output = \UART_1:BUART:rx_state_0\ (fanout=8)
        Properties               : 
        {
        }

    [McSlotId=1]:     MacroCell: Name=\UART_1:BUART:rx_counter_load\, Mode=(Combinatorial) @ [UDB=(0,0)][LB=1][MC=1]
        Total # of inputs        : 4
        Total # of product terms : 1
            Clock Enable: True
        Main Equation            : 1 pterm
        (
              !\UART_1:BUART:tx_ctrl_mark_last\ * !\UART_1:BUART:rx_state_0\ * 
              !\UART_1:BUART:rx_state_3\ * !\UART_1:BUART:rx_state_2\
        );
        Output = \UART_1:BUART:rx_counter_load\ (fanout=2)
        Properties               : 
        {
        }

    [McSlotId=2]:     MacroCell: Name=\UART_1:BUART:rx_state_3\, Mode=(T-Register) @ [UDB=(0,0)][LB=1][MC=2]
        Total # of inputs        : 8
        Total # of product terms : 3
        List of special equations: 
            Clock  = (\UART_1:Net_9\) => Global
            Clock Enable: True
        Main Equation            : 3 pterms
        (
              !\UART_1:BUART:tx_ctrl_mark_last\ * !\UART_1:BUART:rx_state_0\ * 
              \UART_1:BUART:rx_bitclk_enable\ * \UART_1:BUART:rx_state_3\ * 
              \UART_1:BUART:rx_state_2\
            + !\UART_1:BUART:tx_ctrl_mark_last\ * \UART_1:BUART:rx_state_0\ * 
              !\UART_1:BUART:rx_state_3\ * !\UART_1:BUART:rx_state_2\ * 
              !\UART_1:BUART:rx_count_6\ * !\UART_1:BUART:rx_count_5\
            + !\UART_1:BUART:tx_ctrl_mark_last\ * \UART_1:BUART:rx_state_0\ * 
              !\UART_1:BUART:rx_state_3\ * !\UART_1:BUART:rx_state_2\ * 
              !\UART_1:BUART:rx_count_6\ * !\UART_1:BUART:rx_count_4\
        );
        Output = \UART_1:BUART:rx_state_3\ (fanout=7)
        Properties               : 
        {
        }

    [McSlotId=3]:     MacroCell: Name=\UART_1:BUART:rx_postpoll\, Mode=(Combinatorial) @ [UDB=(0,0)][LB=1][MC=3]
        Total # of inputs        : 3
        Total # of product terms : 2
            Clock Enable: True
        Main Equation            : 2 pterms
        (
              \UART_1:BUART:pollcount_1\
            + Net_5 * \UART_1:BUART:pollcount_0\
        );
        Output = \UART_1:BUART:rx_postpoll\ (fanout=1)
        Properties               : 
        {
        }
}

count7cell: Name =\UART_1:BUART:sRX:RxBitCounter\
    PORT MAP (
        clock => \UART_1:Net_9\ ,
        load => \UART_1:BUART:rx_counter_load\ ,
        count_6 => \UART_1:BUART:rx_count_6\ ,
        count_5 => \UART_1:BUART:rx_count_5\ ,
        count_4 => \UART_1:BUART:rx_count_4\ ,
        count_3 => \UART_1:BUART:rx_count_3\ ,
        count_2 => \UART_1:BUART:rx_count_2\ ,
        count_1 => \UART_1:BUART:rx_count_1\ ,
        count_0 => \UART_1:BUART:rx_count_0\ ,
        tc => \UART_1:BUART:rx_count7_tc\ );
    Properties:
    {
        cy_alt_mode = 0
        cy_init_value = "0000000"
        cy_period = "1110010"
        cy_route_en = 1
        cy_route_ld = 1
    }
    Clock Polarity: Active High
    Clock Enable: True

UDB [UDB=(0,1)] contents:
LAB@[UDB=(0,1)][LB=0] #macrocells=2, #inputs=4, #pterms=2
{
    [McSlotId=0]:     MacroCell: Name=\UART_1:BUART:rx_bitclk_enable\, Mode=(D-Register) @ [UDB=(0,1)][LB=0][MC=0]
        Total # of inputs        : 3
        Total # of product terms : 1
        List of special equations: 
            Clock  = (\UART_1:Net_9\) => Global
            Clock Enable: True
        Main Equation            : 1 pterm
        (
              !\UART_1:BUART:rx_count_2\ * !\UART_1:BUART:rx_count_1\ * 
              !\UART_1:BUART:rx_count_0\
        );
        Output = \UART_1:BUART:rx_bitclk_enable\ (fanout=6)
        Properties               : 
        {
        }

    [McSlotId=1]:     MacroCell: Name=Net_9, Mode=(Combinatorial) @ [UDB=(0,1)][LB=0][MC=1]
        Total # of inputs        : 1
        Total # of product terms : 1
            Clock Enable: True
        Main Equation            : 1 pterm
        (
              !\UART_1:BUART:txn\
        );
        Output = Net_9 (fanout=1)
        Properties               : 
        {
        }

    [McSlotId=2]: (empty)
    [McSlotId=3]: (empty)
}

LAB@[UDB=(0,1)][LB=1] #macrocells=3, #inputs=5, #pterms=6
{
    [McSlotId=0]:     MacroCell: Name=\UART_1:BUART:pollcount_0\, Mode=(D-Register) @ [UDB=(0,1)][LB=1][MC=0]
        Total # of inputs        : 4
        Total # of product terms : 2
        List of special equations: 
            Clock  = (\UART_1:Net_9\) => Global
            Clock Enable: True
        Main Equation            : 2 pterms
        (
              !\UART_1:BUART:rx_count_2\ * !\UART_1:BUART:rx_count_1\ * 
              !Net_5 * \UART_1:BUART:pollcount_0\
            + !\UART_1:BUART:rx_count_2\ * !\UART_1:BUART:rx_count_1\ * Net_5 * 
              !\UART_1:BUART:pollcount_0\
        );
        Output = \UART_1:BUART:pollcount_0\ (fanout=5)
        Properties               : 
        {
        }

    [McSlotId=1]: (empty)
    [McSlotId=2]:     MacroCell: Name=\UART_1:BUART:pollcount_1\, Mode=(D-Register) @ [UDB=(0,1)][LB=1][MC=2]
        Total # of inputs        : 5
        Total # of product terms : 3
        List of special equations: 
            Clock  = (\UART_1:Net_9\) => Global
            Clock Enable: True
        Main Equation            : 3 pterms
        (
              !\UART_1:BUART:rx_count_2\ * !\UART_1:BUART:rx_count_1\ * 
              !\UART_1:BUART:pollcount_1\ * Net_5 * 
              \UART_1:BUART:pollcount_0\
            + !\UART_1:BUART:rx_count_2\ * !\UART_1:BUART:rx_count_1\ * 
              \UART_1:BUART:pollcount_1\ * !Net_5
            + !\UART_1:BUART:rx_count_2\ * !\UART_1:BUART:rx_count_1\ * 
              \UART_1:BUART:pollcount_1\ * !\UART_1:BUART:pollcount_0\
        );
        Output = \UART_1:BUART:pollcount_1\ (fanout=4)
        Properties               : 
        {
        }

    [McSlotId=3]:     MacroCell: Name=\UART_1:BUART:rx_last\, Mode=(D-Register) @ [UDB=(0,1)][LB=1][MC=3]
        Total # of inputs        : 1
        Total # of product terms : 1
        List of special equations: 
            Clock  = (\UART_1:Net_9\) => Global
            Clock Enable: True
        Main Equation            : 1 pterm
        (
              Net_5
        );
        Output = \UART_1:BUART:rx_last\ (fanout=1)
        Properties               : 
        {
        }
}

datapathcell: Name =\UART_1:BUART:sTX:sCLOCK:TxBitClkGen\
    PORT MAP (
        clock => \UART_1:Net_9\ ,
        cs_addr_0 => \UART_1:BUART:counter_load_not\ ,
        ce0_reg => \UART_1:BUART:tx_bitclk_enable_pre\ ,
        ce1_reg => \UART_1:BUART:tx_counter_dp\ );
    Properties:
    {
        a0_init = "00000000"
        a1_init = "00000000"
        ce0_sync = 1
        ce1_sync = 1
        cl0_sync = 1
        cl1_sync = 1
        cmsb_sync = 1
        co_msb_sync = 1
        cy_dpconfig = "1010100001000000001000000100000000000000000000000000000000000000000000000000000000000000000000000000000000000000000000000000000011111111000000001111111100000111001000000100000000000101111100000000000000001000"
        d0_init = "00000000"
        d1_init = "00000000"
        f0_blk_sync = 1
        f0_bus_sync = 1
        f1_blk_sync = 1
        f1_bus_sync = 1
        ff0_sync = 1
        ff1_sync = 1
        ov_msb_sync = 1
        so_sync = 1
        z0_sync = 1
        z1_sync = 1
    }
    Clock Polarity: Active High
    Clock Enable: True

UDB [UDB=(0,2)] contents:
datapathcell: Name =\CH4_Timer:TimerUDB:sT32:timerdp:u1\
    PORT MAP (
        clock => Net_154 ,
        cs_addr_1 => \CH4_Timer:TimerUDB:control_7\ ,
        cs_addr_0 => \CH4_Timer:TimerUDB:per_zero\ ,
        chain_in => \CH4_Timer:TimerUDB:sT32:timerdp:carry0\ ,
        chain_out => \CH4_Timer:TimerUDB:sT32:timerdp:carry1\ );
    Properties:
    {
        a0_init = "00000000"
        a1_init = "00000000"
        ce0_sync = 1
        ce1_sync = 1
        cl0_sync = 1
        cl1_sync = 1
        cmsb_sync = 1
        co_msb_sync = 1
        cy_dpconfig = "0000000001000000000000000100000001000000010000000000000010000000000000001000000000000000100000000000000010000000000000001000000011111111000000001111111111111111100000110000000000000001000000110000000000011000"
        d0_init = "00000000"
        d1_init = "00000000"
        f0_blk_sync = 1
        f0_bus_sync = 1
        f1_blk_sync = 1
        f1_bus_sync = 1
        ff0_sync = 1
        ff1_sync = 1
        ov_msb_sync = 1
        so_sync = 1
        z0_sync = 1
        z1_sync = 1
    }
    Clock Polarity: Active High
    Clock Enable: True
    Previous in chain : \CH4_Timer:TimerUDB:sT32:timerdp:u0\
    Next in chain : \CH4_Timer:TimerUDB:sT32:timerdp:u2\

UDB [UDB=(0,3)] contents:
datapathcell: Name =\CH4_Timer:TimerUDB:sT32:timerdp:u2\
    PORT MAP (
        clock => Net_154 ,
        cs_addr_1 => \CH4_Timer:TimerUDB:control_7\ ,
        cs_addr_0 => \CH4_Timer:TimerUDB:per_zero\ ,
        chain_in => \CH4_Timer:TimerUDB:sT32:timerdp:carry1\ ,
        chain_out => \CH4_Timer:TimerUDB:sT32:timerdp:carry2\ );
    Properties:
    {
        a0_init = "00000000"
        a1_init = "00000000"
        ce0_sync = 1
        ce1_sync = 1
        cl0_sync = 1
        cl1_sync = 1
        cmsb_sync = 1
        co_msb_sync = 1
        cy_dpconfig = "0000000001000000000000000100000001000000010000000000000010000000000000001000000000000000100000000000000010000000000000001000000011111111000000001111111111111111100000110000000000000001000000110000000000011000"
        d0_init = "00000000"
        d1_init = "00000000"
        f0_blk_sync = 1
        f0_bus_sync = 1
        f1_blk_sync = 1
        f1_bus_sync = 1
        ff0_sync = 1
        ff1_sync = 1
        ov_msb_sync = 1
        so_sync = 1
        z0_sync = 1
        z1_sync = 1
    }
    Clock Polarity: Active High
    Clock Enable: True
    Previous in chain : \CH4_Timer:TimerUDB:sT32:timerdp:u1\
    Next in chain : \CH4_Timer:TimerUDB:sT32:timerdp:u3\

UDB [UDB=(0,4)] is empty.
UDB [UDB=(0,5)] is empty.
UDB [UDB=(1,0)] contents:
LAB@[UDB=(1,0)][LB=0] #macrocells=2, #inputs=2, #pterms=1
{
    [McSlotId=0]:     MacroCell: Name=\UART_1:BUART:rx_status_5\, Mode=(Combinatorial) @ [UDB=(1,0)][LB=0][MC=0]
        Total # of inputs        : 2
        Total # of product terms : 1
            Clock Enable: True
        Main Equation            : 1 pterm
        (
              \UART_1:BUART:rx_fifonotempty\ * 
              \UART_1:BUART:rx_state_stop1_reg\
        );
        Output = \UART_1:BUART:rx_status_5\ (fanout=1)
        Properties               : 
        {
        }

    [McSlotId=1]: (empty)
    [McSlotId=2]: (empty)
    [McSlotId=3]:     MacroCell: Name=\UART_1:BUART:tx_ctrl_mark_last\, Mode=(T-Register) @ [UDB=(1,0)][LB=0][MC=3]
        Total # of inputs        : 0
        Total # of product terms : 0
        List of special equations: 
            Clock  = (\UART_1:Net_9\) => Global
            Clock Enable: True
        Main Equation            : 0 pterms
        (
            0
        );
        Output = \UART_1:BUART:tx_ctrl_mark_last\ (fanout=8)
        Properties               : 
        {
        }
}

LAB@[UDB=(1,0)][LB=1] #macrocells=2, #inputs=6, #pterms=2
{
    [McSlotId=0]: (empty)
    [McSlotId=1]:     MacroCell: Name=\UART_1:BUART:rx_state_stop1_reg\, Mode=(D-Register) @ [UDB=(1,0)][LB=1][MC=1]
        Total # of inputs        : 4
        Total # of product terms : 1
        List of special equations: 
            Clock  = (\UART_1:Net_9\) => Global
            Clock Enable: True
        Main Equation            : 1 pterm
        !(
              !\UART_1:BUART:tx_ctrl_mark_last\ * !\UART_1:BUART:rx_state_0\ * 
              \UART_1:BUART:rx_state_3\ * \UART_1:BUART:rx_state_2\
        );
        Output = \UART_1:BUART:rx_state_stop1_reg\ (fanout=1)
        Properties               : 
        {
        }

    [McSlotId=2]:     MacroCell: Name=\UART_1:BUART:rx_status_4\, Mode=(Combinatorial) @ [UDB=(1,0)][LB=1][MC=2]
        Total # of inputs        : 2
        Total # of product terms : 1
            Clock Enable: True
        Main Equation            : 1 pterm
        (
              \UART_1:BUART:rx_load_fifo\ * \UART_1:BUART:rx_fifofull\
        );
        Output = \UART_1:BUART:rx_status_4\ (fanout=1)
        Properties               : 
        {
        }

    [McSlotId=3]: (empty)
}

datapathcell: Name =\UART_1:BUART:sRX:RxShifter:u0\
    PORT MAP (
        clock => \UART_1:Net_9\ ,
        cs_addr_2 => \UART_1:BUART:tx_ctrl_mark_last\ ,
        cs_addr_1 => \UART_1:BUART:rx_state_0\ ,
        cs_addr_0 => \UART_1:BUART:rx_bitclk_enable\ ,
        route_si => \UART_1:BUART:rx_postpoll\ ,
        f0_load => \UART_1:BUART:rx_load_fifo\ ,
        f0_bus_stat_comb => \UART_1:BUART:rx_fifonotempty\ ,
        f0_blk_stat_comb => \UART_1:BUART:rx_fifofull\ );
    Properties:
    {
        a0_init = "00000000"
        a1_init = "00000000"
        ce0_sync = 1
        ce1_sync = 1
        cl0_sync = 1
        cl1_sync = 1
        cmsb_sync = 1
        co_msb_sync = 1
        cy_dpconfig = "0000000000000000000000000000000000000000000000000000001001000000000100000000000000010000001100000001000000000000000100100001000011111111000000001111111111111111101000000110001001000001111100000000000000001100"
        d0_init = "00000000"
        d1_init = "00000000"
        f0_blk_sync = 1
        f0_bus_sync = 1
        f1_blk_sync = 1
        f1_bus_sync = 1
        ff0_sync = 1
        ff1_sync = 1
        ov_msb_sync = 1
        so_sync = 1
        z0_sync = 1
        z1_sync = 1
    }
    Clock Polarity: Active High
    Clock Enable: True

statusicell: Name =\UART_1:BUART:sRX:RxSts\
    PORT MAP (
        clock => \UART_1:Net_9\ ,
        status_5 => \UART_1:BUART:rx_status_5\ ,
        status_4 => \UART_1:BUART:rx_status_4\ ,
        status_3 => \UART_1:BUART:rx_status_3\ );
    Properties:
    {
        cy_force_order = 1
        cy_int_mask = "1111111"
        cy_md_select = "1011111"
    }
    Clock Polarity: Active High
    Clock Enable: True

UDB [UDB=(1,1)] contents:
LAB@[UDB=(1,1)][LB=0] #macrocells=2, #inputs=8, #pterms=6
{
    [McSlotId=0]:     MacroCell: Name=\UART_1:BUART:txn\, Mode=(D-Register) @ [UDB=(1,1)][LB=0][MC=0]
        Total # of inputs        : 7
        Total # of product terms : 5
        List of special equations: 
            Clock  = (\UART_1:Net_9\) => Global
            Clock Enable: True
        Main Equation            : 5 pterms
        (
              \UART_1:BUART:txn\ * \UART_1:BUART:tx_state_1\ * 
              !\UART_1:BUART:tx_bitclk\
            + \UART_1:BUART:txn\ * \UART_1:BUART:tx_state_2\
            + !\UART_1:BUART:tx_state_1\ * \UART_1:BUART:tx_state_0\ * 
              !\UART_1:BUART:tx_shift_out\ * !\UART_1:BUART:tx_state_2\
            + !\UART_1:BUART:tx_state_1\ * \UART_1:BUART:tx_state_0\ * 
              !\UART_1:BUART:tx_state_2\ * !\UART_1:BUART:tx_bitclk\
            + \UART_1:BUART:tx_state_1\ * !\UART_1:BUART:tx_state_0\ * 
              !\UART_1:BUART:tx_shift_out\ * !\UART_1:BUART:tx_state_2\ * 
              !\UART_1:BUART:tx_counter_dp\ * \UART_1:BUART:tx_bitclk\
        );
        Output = \UART_1:BUART:txn\ (fanout=2)
        Properties               : 
        {
        }

    [McSlotId=1]: (empty)
    [McSlotId=2]: (empty)
    [McSlotId=3]:     MacroCell: Name=\UART_1:BUART:tx_status_2\, Mode=(Combinatorial) @ [UDB=(1,1)][LB=0][MC=3]
        Total # of inputs        : 1
        Total # of product terms : 1
            Clock Enable: True
        Main Equation            : 1 pterm
        (
              !\UART_1:BUART:tx_fifo_notfull\
        );
        Output = \UART_1:BUART:tx_status_2\ (fanout=1)
        Properties               : 
        {
        }
}

LAB@[UDB=(1,1)][LB=1] #macrocells=3, #inputs=6, #pterms=7
{
    [McSlotId=0]:     MacroCell: Name=\UART_1:BUART:tx_state_0\, Mode=(T-Register) @ [UDB=(1,1)][LB=1][MC=0]
        Total # of inputs        : 6
        Total # of product terms : 4
        List of special equations: 
            Clock  = (\UART_1:Net_9\) => Global
            Clock Enable: True
        Main Equation            : 4 pterms
        (
              !\UART_1:BUART:tx_state_1\ * !\UART_1:BUART:tx_state_0\ * 
              \UART_1:BUART:tx_bitclk_enable_pre\ * 
              !\UART_1:BUART:tx_fifo_empty\
            + !\UART_1:BUART:tx_state_1\ * !\UART_1:BUART:tx_state_0\ * 
              !\UART_1:BUART:tx_fifo_empty\ * !\UART_1:BUART:tx_state_2\
            + \UART_1:BUART:tx_state_1\ * \UART_1:BUART:tx_state_0\ * 
              \UART_1:BUART:tx_bitclk_enable_pre\ * 
              \UART_1:BUART:tx_fifo_empty\ * \UART_1:BUART:tx_state_2\
            + \UART_1:BUART:tx_state_0\ * !\UART_1:BUART:tx_state_2\ * 
              \UART_1:BUART:tx_bitclk\
        );
        Output = \UART_1:BUART:tx_state_0\ (fanout=8)
        Properties               : 
        {
        }

    [McSlotId=1]:     MacroCell: Name=\UART_1:BUART:counter_load_not\, Mode=(Combinatorial) @ [UDB=(1,1)][LB=1][MC=1]
        Total # of inputs        : 4
        Total # of product terms : 2
            Clock Enable: True
        Main Equation            : 2 pterms
        !(
              !\UART_1:BUART:tx_state_1\ * !\UART_1:BUART:tx_state_0\ * 
              \UART_1:BUART:tx_bitclk_enable_pre\
            + !\UART_1:BUART:tx_state_1\ * !\UART_1:BUART:tx_state_0\ * 
              !\UART_1:BUART:tx_state_2\
        );
        Output = \UART_1:BUART:counter_load_not\ (fanout=1)
        Properties               : 
        {
        }

    [McSlotId=2]:     MacroCell: Name=\UART_1:BUART:tx_status_0\, Mode=(Combinatorial) @ [UDB=(1,1)][LB=1][MC=2]
        Total # of inputs        : 5
        Total # of product terms : 1
            Clock Enable: True
        Main Equation            : 1 pterm
        (
              !\UART_1:BUART:tx_state_1\ * !\UART_1:BUART:tx_state_0\ * 
              \UART_1:BUART:tx_bitclk_enable_pre\ * 
              \UART_1:BUART:tx_fifo_empty\ * \UART_1:BUART:tx_state_2\
        );
        Output = \UART_1:BUART:tx_status_0\ (fanout=1)
        Properties               : 
        {
        }

    [McSlotId=3]: (empty)
}

datapathcell: Name =\UART_1:BUART:sTX:TxShifter:u0\
    PORT MAP (
        clock => \UART_1:Net_9\ ,
        cs_addr_2 => \UART_1:BUART:tx_state_1\ ,
        cs_addr_1 => \UART_1:BUART:tx_state_0\ ,
        cs_addr_0 => \UART_1:BUART:tx_bitclk_enable_pre\ ,
        so_comb => \UART_1:BUART:tx_shift_out\ ,
        f0_bus_stat_comb => \UART_1:BUART:tx_fifo_notfull\ ,
        f0_blk_stat_comb => \UART_1:BUART:tx_fifo_empty\ );
    Properties:
    {
        a0_init = "00000000"
        a1_init = "00000000"
        ce0_sync = 1
        ce1_sync = 1
        cl0_sync = 1
        cl1_sync = 1
        cmsb_sync = 1
        co_msb_sync = 1
        cy_dpconfig = "0000000000000000000000000000000000000000000000000000000011000000000000000000000000000010010000000000000000000000000000000000000011111111000000001111111111111111000000000000000001000100111100000000000000001100"
        d0_init = "00000000"
        d1_init = "00000000"
        f0_blk_sync = 1
        f0_bus_sync = 1
        f1_blk_sync = 1
        f1_bus_sync = 1
        ff0_sync = 1
        ff1_sync = 1
        ov_msb_sync = 1
        so_sync = 1
        z0_sync = 1
        z1_sync = 1
    }
    Clock Polarity: Active High
    Clock Enable: True

statusicell: Name =\UART_1:BUART:sTX:TxSts\
    PORT MAP (
        clock => \UART_1:Net_9\ ,
        status_3 => \UART_1:BUART:tx_fifo_notfull\ ,
        status_2 => \UART_1:BUART:tx_status_2\ ,
        status_1 => \UART_1:BUART:tx_fifo_empty\ ,
        status_0 => \UART_1:BUART:tx_status_0\ );
    Properties:
    {
        cy_force_order = 1
        cy_int_mask = "1111111"
        cy_md_select = "0000001"
    }
    Clock Polarity: Active High
    Clock Enable: True

UDB [UDB=(1,2)] contents:
LAB@[UDB=(1,2)][LB=0] #macrocells=1, #inputs=4, #pterms=2
{
    [McSlotId=0]: (empty)
    [McSlotId=1]: (empty)
    [McSlotId=2]: (empty)
    [McSlotId=3]:     MacroCell: Name=\UART_1:BUART:tx_bitclk\, Mode=(D-Register) @ [UDB=(1,2)][LB=0][MC=3]
        Total # of inputs        : 4
        Total # of product terms : 2
        List of special equations: 
            Clock  = (\UART_1:Net_9\) => Global
            Clock Enable: True
        Main Equation            : 2 pterms
        !(
              !\UART_1:BUART:tx_state_1\ * !\UART_1:BUART:tx_state_0\ * 
              \UART_1:BUART:tx_state_2\
            + !\UART_1:BUART:tx_bitclk_enable_pre\
        );
        Output = \UART_1:BUART:tx_bitclk\ (fanout=4)
        Properties               : 
        {
        }
}

LAB@[UDB=(1,2)][LB=1] #macrocells=2, #inputs=6, #pterms=5
{
    [McSlotId=0]:     MacroCell: Name=\UART_1:BUART:tx_state_2\, Mode=(T-Register) @ [UDB=(1,2)][LB=1][MC=0]
        Total # of inputs        : 6
        Total # of product terms : 4
        List of special equations: 
            Clock  = (\UART_1:Net_9\) => Global
            Clock Enable: True
        Main Equation            : 4 pterms
        (
              !\UART_1:BUART:tx_state_1\ * !\UART_1:BUART:tx_state_0\ * 
              \UART_1:BUART:tx_bitclk_enable_pre\ * \UART_1:BUART:tx_state_2\
            + \UART_1:BUART:tx_state_1\ * \UART_1:BUART:tx_state_0\ * 
              \UART_1:BUART:tx_bitclk_enable_pre\ * \UART_1:BUART:tx_state_2\
            + \UART_1:BUART:tx_state_1\ * \UART_1:BUART:tx_state_0\ * 
              !\UART_1:BUART:tx_state_2\ * \UART_1:BUART:tx_bitclk\
            + \UART_1:BUART:tx_state_1\ * !\UART_1:BUART:tx_state_2\ * 
              \UART_1:BUART:tx_counter_dp\ * \UART_1:BUART:tx_bitclk\
        );
        Output = \UART_1:BUART:tx_state_2\ (fanout=7)
        Properties               : 
        {
        }

    [McSlotId=1]:     MacroCell: Name=\UART_1:BUART:tx_state_1\, Mode=(T-Register) @ [UDB=(1,2)][LB=1][MC=1]
        Total # of inputs        : 6
        Total # of product terms : 3
        List of special equations: 
            Clock  = (\UART_1:Net_9\) => Global
            Clock Enable: True
        Main Equation            : 3 pterms
        (
              \UART_1:BUART:tx_state_1\ * \UART_1:BUART:tx_state_0\ * 
              \UART_1:BUART:tx_bitclk_enable_pre\ * \UART_1:BUART:tx_state_2\
            + \UART_1:BUART:tx_state_1\ * !\UART_1:BUART:tx_state_2\ * 
              \UART_1:BUART:tx_counter_dp\ * \UART_1:BUART:tx_bitclk\
            + \UART_1:BUART:tx_state_0\ * !\UART_1:BUART:tx_state_2\ * 
              \UART_1:BUART:tx_bitclk\
        );
        Output = \UART_1:BUART:tx_state_1\ (fanout=8)
        Properties               : 
        {
        }

    [McSlotId=2]: (empty)
    [McSlotId=3]: (empty)
}

datapathcell: Name =\CH4_Timer:TimerUDB:sT32:timerdp:u0\
    PORT MAP (
        clock => Net_154 ,
        cs_addr_1 => \CH4_Timer:TimerUDB:control_7\ ,
        cs_addr_0 => \CH4_Timer:TimerUDB:per_zero\ ,
        chain_out => \CH4_Timer:TimerUDB:sT32:timerdp:carry0\ );
    Properties:
    {
        a0_init = "00000000"
        a1_init = "00000000"
        ce0_sync = 1
        ce1_sync = 1
        cl0_sync = 1
        cl1_sync = 1
        cmsb_sync = 1
        co_msb_sync = 1
        cy_dpconfig = "0000000001000000000000000100000001000000010000000000000010000000000000001000000000000000100000000000000010000000000000001000000011111111000000001111111111111111000000000000000000000001000000000000000000011000"
        d0_init = "00000000"
        d1_init = "00000000"
        f0_blk_sync = 1
        f0_bus_sync = 1
        f1_blk_sync = 1
        f1_bus_sync = 1
        ff0_sync = 1
        ff1_sync = 1
        ov_msb_sync = 1
        so_sync = 1
        z0_sync = 1
        z1_sync = 1
    }
    Clock Polarity: Active High
    Clock Enable: True
    Next in chain : \CH4_Timer:TimerUDB:sT32:timerdp:u1\

UDB [UDB=(1,3)] contents:
LAB@[UDB=(1,3)][LB=0] #macrocells=1, #inputs=0, #pterms=0
{
    [McSlotId=0]:     MacroCell: Name=\CH4_Timer:TimerUDB:capt_int_temp\, Mode=(D-Register) @ [UDB=(1,3)][LB=0][MC=0]
        Total # of inputs        : 0
        Total # of product terms : 0
        List of special equations: 
            Clock  = (Net_154) => Global
            Clock Enable: True
        Main Equation            : 0 pterms
        (
            0
        );
        Output = \CH4_Timer:TimerUDB:capt_int_temp\ (fanout=1)
        Properties               : 
        {
        }

    [McSlotId=1]: (empty)
    [McSlotId=2]: (empty)
    [McSlotId=3]: (empty)
}

LAB@[UDB=(1,3)][LB=1] #macrocells=1, #inputs=2, #pterms=1
{
    [McSlotId=0]: (empty)
    [McSlotId=1]: (empty)
    [McSlotId=2]:     MacroCell: Name=\CH4_Timer:TimerUDB:status_tc\, Mode=(Combinatorial) @ [UDB=(1,3)][LB=1][MC=2]
        Total # of inputs        : 2
        Total # of product terms : 1
            Clock Enable: True
        Main Equation            : 1 pterm
        (
              \CH4_Timer:TimerUDB:control_7\ * \CH4_Timer:TimerUDB:per_zero\
        );
        Output = \CH4_Timer:TimerUDB:status_tc\ (fanout=1)
        Properties               : 
        {
        }

    [McSlotId=3]: (empty)
}

datapathcell: Name =\CH4_Timer:TimerUDB:sT32:timerdp:u3\
    PORT MAP (
        clock => Net_154 ,
        cs_addr_1 => \CH4_Timer:TimerUDB:control_7\ ,
        cs_addr_0 => \CH4_Timer:TimerUDB:per_zero\ ,
        z0_comb => \CH4_Timer:TimerUDB:per_zero\ ,
        f0_bus_stat_comb => \CH4_Timer:TimerUDB:status_3\ ,
        f0_blk_stat_comb => \CH4_Timer:TimerUDB:status_2\ ,
        chain_in => \CH4_Timer:TimerUDB:sT32:timerdp:carry2\ );
    Properties:
    {
        a0_init = "00000000"
        a1_init = "00000000"
        ce0_sync = 1
        ce1_sync = 1
        cl0_sync = 1
        cl1_sync = 1
        cmsb_sync = 1
        co_msb_sync = 1
        cy_dpconfig = "0000000001000000000000000100000001000000010000000000000010000000000000001000000000000000100000000000000010000000000000001000000011111111000000001111111111111111100000110000000000000001000000110000000000011000"
        d0_init = "00000000"
        d1_init = "00000000"
        f0_blk_sync = 1
        f0_bus_sync = 1
        f1_blk_sync = 1
        f1_bus_sync = 1
        ff0_sync = 1
        ff1_sync = 1
        ov_msb_sync = 1
        so_sync = 1
        z0_sync = 1
        z1_sync = 1
    }
    Clock Polarity: Active High
    Clock Enable: True
    Previous in chain : \CH4_Timer:TimerUDB:sT32:timerdp:u2\

statusicell: Name =\CH4_Timer:TimerUDB:rstSts:stsreg\
    PORT MAP (
        clock => Net_154 ,
        status_3 => \CH4_Timer:TimerUDB:status_3\ ,
        status_2 => \CH4_Timer:TimerUDB:status_2\ ,
        status_1 => \CH4_Timer:TimerUDB:capt_int_temp\ ,
        status_0 => \CH4_Timer:TimerUDB:status_tc\ );
    Properties:
    {
        cy_force_order = 1
        cy_int_mask = "1111111"
        cy_md_select = "0000011"
    }
    Clock Polarity: Active High
    Clock Enable: True

controlcell: Name =\CH4_Timer:TimerUDB:sCTRLReg:SyncCtl:ctrlreg\
    PORT MAP (
        clock => Net_154 ,
        control_7 => \CH4_Timer:TimerUDB:control_7\ ,
        control_6 => \CH4_Timer:TimerUDB:control_6\ ,
        control_5 => \CH4_Timer:TimerUDB:control_5\ ,
        control_4 => \CH4_Timer:TimerUDB:control_4\ ,
        control_3 => \CH4_Timer:TimerUDB:control_3\ ,
        control_2 => \CH4_Timer:TimerUDB:control_2\ ,
        control_1 => \CH4_Timer:TimerUDB:control_1\ ,
        control_0 => \CH4_Timer:TimerUDB:control_0\ );
    Properties:
    {
        cy_ctrl_mode_0 = "11111111"
        cy_ctrl_mode_1 = "00000000"
        cy_ext_reset = 0
        cy_force_order = 1
        cy_init_value = "00000000"
    }
    Clock Polarity: Active High
    Clock Enable: True

UDB [UDB=(1,4)] is empty.
UDB [UDB=(1,5)] is empty.
UDB [UDB=(2,0)] contents:
datapathcell: Name =\CH1_Timer:TimerUDB:sT32:timerdp:u0\
    PORT MAP (
        clock => Net_18 ,
        cs_addr_1 => \CH1_Timer:TimerUDB:control_7\ ,
        cs_addr_0 => \CH1_Timer:TimerUDB:per_zero\ ,
        chain_out => \CH1_Timer:TimerUDB:sT32:timerdp:carry0\ );
    Properties:
    {
        a0_init = "00000000"
        a1_init = "00000000"
        ce0_sync = 1
        ce1_sync = 1
        cl0_sync = 1
        cl1_sync = 1
        cmsb_sync = 1
        co_msb_sync = 1
        cy_dpconfig = "0000000001000000000000000100000001000000010000000000000010000000000000001000000000000000100000000000000010000000000000001000000011111111000000001111111111111111000000000000000000000001000000000000000000011000"
        d0_init = "00000000"
        d1_init = "00000000"
        f0_blk_sync = 1
        f0_bus_sync = 1
        f1_blk_sync = 1
        f1_bus_sync = 1
        ff0_sync = 1
        ff1_sync = 1
        ov_msb_sync = 1
        so_sync = 1
        z0_sync = 1
        z1_sync = 1
    }
    Clock Polarity: Active High
    Clock Enable: True
    Next in chain : \CH1_Timer:TimerUDB:sT32:timerdp:u1\

controlcell: Name =\CH1_Timer:TimerUDB:sCTRLReg:SyncCtl:ctrlreg\
    PORT MAP (
        clock => Net_18 ,
        control_7 => \CH1_Timer:TimerUDB:control_7\ ,
        control_6 => \CH1_Timer:TimerUDB:control_6\ ,
        control_5 => \CH1_Timer:TimerUDB:control_5\ ,
        control_4 => \CH1_Timer:TimerUDB:control_4\ ,
        control_3 => \CH1_Timer:TimerUDB:control_3\ ,
        control_2 => \CH1_Timer:TimerUDB:control_2\ ,
        control_1 => MODIN6_1 ,
        control_0 => MODIN6_0 );
    Properties:
    {
        cy_ctrl_mode_0 = "11111111"
        cy_ctrl_mode_1 = "00000000"
        cy_ext_reset = 0
        cy_force_order = 1
        cy_init_value = "00000000"
    }
    Clock Polarity: Active High
    Clock Enable: True

UDB [UDB=(2,1)] contents:
LAB@[UDB=(2,1)][LB=0] #macrocells=1, #inputs=2, #pterms=1
{
    [McSlotId=0]: (empty)
    [McSlotId=1]:     MacroCell: Name=\CH1_Timer:TimerUDB:status_tc\, Mode=(Combinatorial) @ [UDB=(2,1)][LB=0][MC=1]
        Total # of inputs        : 2
        Total # of product terms : 1
            Clock Enable: True
        Main Equation            : 1 pterm
        (
              \CH1_Timer:TimerUDB:control_7\ * \CH1_Timer:TimerUDB:per_zero\
        );
        Output = \CH1_Timer:TimerUDB:status_tc\ (fanout=1)
        Properties               : 
        {
        }

    [McSlotId=2]: (empty)
    [McSlotId=3]: (empty)
}

LAB@[UDB=(2,1)][LB=1] #macrocells=1, #inputs=0, #pterms=0
{
    [McSlotId=0]: (empty)
    [McSlotId=1]: (empty)
    [McSlotId=2]: (empty)
    [McSlotId=3]:     MacroCell: Name=\CH1_Timer:TimerUDB:capt_int_temp\, Mode=(D-Register) @ [UDB=(2,1)][LB=1][MC=3]
        Total # of inputs        : 0
        Total # of product terms : 0
        List of special equations: 
            Clock  = (Net_18) => Global
            Clock Enable: True
        Main Equation            : 0 pterms
        (
            0
        );
        Output = \CH1_Timer:TimerUDB:capt_int_temp\ (fanout=1)
        Properties               : 
        {
        }
}

datapathcell: Name =\CH1_Timer:TimerUDB:sT32:timerdp:u3\
    PORT MAP (
        clock => Net_18 ,
        cs_addr_1 => \CH1_Timer:TimerUDB:control_7\ ,
        cs_addr_0 => \CH1_Timer:TimerUDB:per_zero\ ,
        z0_comb => \CH1_Timer:TimerUDB:per_zero\ ,
        f0_bus_stat_comb => \CH1_Timer:TimerUDB:status_3\ ,
        f0_blk_stat_comb => \CH1_Timer:TimerUDB:status_2\ ,
        chain_in => \CH1_Timer:TimerUDB:sT32:timerdp:carry2\ );
    Properties:
    {
        a0_init = "00000000"
        a1_init = "00000000"
        ce0_sync = 1
        ce1_sync = 1
        cl0_sync = 1
        cl1_sync = 1
        cmsb_sync = 1
        co_msb_sync = 1
        cy_dpconfig = "0000000001000000000000000100000001000000010000000000000010000000000000001000000000000000100000000000000010000000000000001000000011111111000000001111111111111111100000110000000000000001000000110000000000011000"
        d0_init = "00000000"
        d1_init = "00000000"
        f0_blk_sync = 1
        f0_bus_sync = 1
        f1_blk_sync = 1
        f1_bus_sync = 1
        ff0_sync = 1
        ff1_sync = 1
        ov_msb_sync = 1
        so_sync = 1
        z0_sync = 1
        z1_sync = 1
    }
    Clock Polarity: Active High
    Clock Enable: True
    Previous in chain : \CH1_Timer:TimerUDB:sT32:timerdp:u2\

statusicell: Name =\CH1_Timer:TimerUDB:rstSts:stsreg\
    PORT MAP (
        clock => Net_18 ,
        status_3 => \CH1_Timer:TimerUDB:status_3\ ,
        status_2 => \CH1_Timer:TimerUDB:status_2\ ,
        status_1 => \CH1_Timer:TimerUDB:capt_int_temp\ ,
        status_0 => \CH1_Timer:TimerUDB:status_tc\ );
    Properties:
    {
        cy_force_order = 1
        cy_int_mask = "1111111"
        cy_md_select = "0000011"
    }
    Clock Polarity: Active High
    Clock Enable: True

UDB [UDB=(2,2)] contents:
LAB@[UDB=(2,2)][LB=0] #macrocells=1, #inputs=2, #pterms=1
{
    [McSlotId=0]: (empty)
    [McSlotId=1]: (empty)
    [McSlotId=2]: (empty)
    [McSlotId=3]:     MacroCell: Name=\CH2_Timer:TimerUDB:status_tc\, Mode=(Combinatorial) @ [UDB=(2,2)][LB=0][MC=3]
        Total # of inputs        : 2
        Total # of product terms : 1
            Clock Enable: True
        Main Equation            : 1 pterm
        (
              \CH2_Timer:TimerUDB:control_7\ * \CH2_Timer:TimerUDB:per_zero\
        );
        Output = \CH2_Timer:TimerUDB:status_tc\ (fanout=1)
        Properties               : 
        {
        }
}

LAB@[UDB=(2,2)][LB=1] #macrocells=1, #inputs=0, #pterms=0
{
    [McSlotId=0]:     MacroCell: Name=\CH2_Timer:TimerUDB:capt_int_temp\, Mode=(D-Register) @ [UDB=(2,2)][LB=1][MC=0]
        Total # of inputs        : 0
        Total # of product terms : 0
        List of special equations: 
            Clock  = (Net_131) => Global
            Clock Enable: True
        Main Equation            : 0 pterms
        (
            0
        );
        Output = \CH2_Timer:TimerUDB:capt_int_temp\ (fanout=1)
        Properties               : 
        {
        }

    [McSlotId=1]: (empty)
    [McSlotId=2]: (empty)
    [McSlotId=3]: (empty)
}

datapathcell: Name =\CH2_Timer:TimerUDB:sT32:timerdp:u3\
    PORT MAP (
        clock => Net_131 ,
        cs_addr_1 => \CH2_Timer:TimerUDB:control_7\ ,
        cs_addr_0 => \CH2_Timer:TimerUDB:per_zero\ ,
        z0_comb => \CH2_Timer:TimerUDB:per_zero\ ,
        f0_bus_stat_comb => \CH2_Timer:TimerUDB:status_3\ ,
        f0_blk_stat_comb => \CH2_Timer:TimerUDB:status_2\ ,
        chain_in => \CH2_Timer:TimerUDB:sT32:timerdp:carry2\ );
    Properties:
    {
        a0_init = "00000000"
        a1_init = "00000000"
        ce0_sync = 1
        ce1_sync = 1
        cl0_sync = 1
        cl1_sync = 1
        cmsb_sync = 1
        co_msb_sync = 1
        cy_dpconfig = "0000000001000000000000000100000001000000010000000000000010000000000000001000000000000000100000000000000010000000000000001000000011111111000000001111111111111111100000110000000000000001000000110000000000011000"
        d0_init = "00000000"
        d1_init = "00000000"
        f0_blk_sync = 1
        f0_bus_sync = 1
        f1_blk_sync = 1
        f1_bus_sync = 1
        ff0_sync = 1
        ff1_sync = 1
        ov_msb_sync = 1
        so_sync = 1
        z0_sync = 1
        z1_sync = 1
    }
    Clock Polarity: Active High
    Clock Enable: True
    Previous in chain : \CH2_Timer:TimerUDB:sT32:timerdp:u2\

statusicell: Name =\CH2_Timer:TimerUDB:rstSts:stsreg\
    PORT MAP (
        clock => Net_131 ,
        status_3 => \CH2_Timer:TimerUDB:status_3\ ,
        status_2 => \CH2_Timer:TimerUDB:status_2\ ,
        status_1 => \CH2_Timer:TimerUDB:capt_int_temp\ ,
        status_0 => \CH2_Timer:TimerUDB:status_tc\ );
    Properties:
    {
        cy_force_order = 1
        cy_int_mask = "1111111"
        cy_md_select = "0000011"
    }
    Clock Polarity: Active High
    Clock Enable: True

UDB [UDB=(2,3)] contents:
datapathcell: Name =\CH2_Timer:TimerUDB:sT32:timerdp:u0\
    PORT MAP (
        clock => Net_131 ,
        cs_addr_1 => \CH2_Timer:TimerUDB:control_7\ ,
        cs_addr_0 => \CH2_Timer:TimerUDB:per_zero\ ,
        chain_out => \CH2_Timer:TimerUDB:sT32:timerdp:carry0\ );
    Properties:
    {
        a0_init = "00000000"
        a1_init = "00000000"
        ce0_sync = 1
        ce1_sync = 1
        cl0_sync = 1
        cl1_sync = 1
        cmsb_sync = 1
        co_msb_sync = 1
        cy_dpconfig = "0000000001000000000000000100000001000000010000000000000010000000000000001000000000000000100000000000000010000000000000001000000011111111000000001111111111111111000000000000000000000001000000000000000000011000"
        d0_init = "00000000"
        d1_init = "00000000"
        f0_blk_sync = 1
        f0_bus_sync = 1
        f1_blk_sync = 1
        f1_bus_sync = 1
        ff0_sync = 1
        ff1_sync = 1
        ov_msb_sync = 1
        so_sync = 1
        z0_sync = 1
        z1_sync = 1
    }
    Clock Polarity: Active High
    Clock Enable: True
    Next in chain : \CH2_Timer:TimerUDB:sT32:timerdp:u1\

UDB [UDB=(2,4)] contents:
LAB@[UDB=(2,4)][LB=1] #macrocells=2, #inputs=2, #pterms=1
{
    [McSlotId=0]:     MacroCell: Name=\CH3_Timer:TimerUDB:capt_int_temp\, Mode=(D-Register) @ [UDB=(2,4)][LB=1][MC=0]
        Total # of inputs        : 0
        Total # of product terms : 0
        List of special equations: 
            Clock  = (Net_142) => Global
            Clock Enable: True
        Main Equation            : 0 pterms
        (
            0
        );
        Output = \CH3_Timer:TimerUDB:capt_int_temp\ (fanout=1)
        Properties               : 
        {
        }

    [McSlotId=1]: (empty)
    [McSlotId=2]: (empty)
    [McSlotId=3]:     MacroCell: Name=\CH3_Timer:TimerUDB:status_tc\, Mode=(Combinatorial) @ [UDB=(2,4)][LB=1][MC=3]
        Total # of inputs        : 2
        Total # of product terms : 1
            Clock Enable: True
        Main Equation            : 1 pterm
        (
              \CH3_Timer:TimerUDB:control_7\ * \CH3_Timer:TimerUDB:per_zero\
        );
        Output = \CH3_Timer:TimerUDB:status_tc\ (fanout=1)
        Properties               : 
        {
        }
}

datapathcell: Name =\CH3_Timer:TimerUDB:sT32:timerdp:u3\
    PORT MAP (
        clock => Net_142 ,
        cs_addr_1 => \CH3_Timer:TimerUDB:control_7\ ,
        cs_addr_0 => \CH3_Timer:TimerUDB:per_zero\ ,
        z0_comb => \CH3_Timer:TimerUDB:per_zero\ ,
        f0_bus_stat_comb => \CH3_Timer:TimerUDB:status_3\ ,
        f0_blk_stat_comb => \CH3_Timer:TimerUDB:status_2\ ,
        chain_in => \CH3_Timer:TimerUDB:sT32:timerdp:carry2\ );
    Properties:
    {
        a0_init = "00000000"
        a1_init = "00000000"
        ce0_sync = 1
        ce1_sync = 1
        cl0_sync = 1
        cl1_sync = 1
        cmsb_sync = 1
        co_msb_sync = 1
        cy_dpconfig = "0000000001000000000000000100000001000000010000000000000010000000000000001000000000000000100000000000000010000000000000001000000011111111000000001111111111111111100000110000000000000001000000110000000000011000"
        d0_init = "00000000"
        d1_init = "00000000"
        f0_blk_sync = 1
        f0_bus_sync = 1
        f1_blk_sync = 1
        f1_bus_sync = 1
        ff0_sync = 1
        ff1_sync = 1
        ov_msb_sync = 1
        so_sync = 1
        z0_sync = 1
        z1_sync = 1
    }
    Clock Polarity: Active High
    Clock Enable: True
    Previous in chain : \CH3_Timer:TimerUDB:sT32:timerdp:u2\

statusicell: Name =\CH3_Timer:TimerUDB:rstSts:stsreg\
    PORT MAP (
        clock => Net_142 ,
        status_3 => \CH3_Timer:TimerUDB:status_3\ ,
        status_2 => \CH3_Timer:TimerUDB:status_2\ ,
        status_1 => \CH3_Timer:TimerUDB:capt_int_temp\ ,
        status_0 => \CH3_Timer:TimerUDB:status_tc\ );
    Properties:
    {
        cy_force_order = 1
        cy_int_mask = "1111111"
        cy_md_select = "0000011"
    }
    Clock Polarity: Active High
    Clock Enable: True

UDB [UDB=(2,5)] contents:
datapathcell: Name =\CH3_Timer:TimerUDB:sT32:timerdp:u0\
    PORT MAP (
        clock => Net_142 ,
        cs_addr_1 => \CH3_Timer:TimerUDB:control_7\ ,
        cs_addr_0 => \CH3_Timer:TimerUDB:per_zero\ ,
        chain_out => \CH3_Timer:TimerUDB:sT32:timerdp:carry0\ );
    Properties:
    {
        a0_init = "00000000"
        a1_init = "00000000"
        ce0_sync = 1
        ce1_sync = 1
        cl0_sync = 1
        cl1_sync = 1
        cmsb_sync = 1
        co_msb_sync = 1
        cy_dpconfig = "0000000001000000000000000100000001000000010000000000000010000000000000001000000000000000100000000000000010000000000000001000000011111111000000001111111111111111000000000000000000000001000000000000000000011000"
        d0_init = "00000000"
        d1_init = "00000000"
        f0_blk_sync = 1
        f0_bus_sync = 1
        f1_blk_sync = 1
        f1_bus_sync = 1
        ff0_sync = 1
        ff1_sync = 1
        ov_msb_sync = 1
        so_sync = 1
        z0_sync = 1
        z1_sync = 1
    }
    Clock Polarity: Active High
    Clock Enable: True
    Next in chain : \CH3_Timer:TimerUDB:sT32:timerdp:u1\

controlcell: Name =\CH3_Timer:TimerUDB:sCTRLReg:SyncCtl:ctrlreg\
    PORT MAP (
        clock => Net_142 ,
        control_7 => \CH3_Timer:TimerUDB:control_7\ ,
        control_6 => \CH3_Timer:TimerUDB:control_6\ ,
        control_5 => \CH3_Timer:TimerUDB:control_5\ ,
        control_4 => \CH3_Timer:TimerUDB:control_4\ ,
        control_3 => \CH3_Timer:TimerUDB:control_3\ ,
        control_2 => \CH3_Timer:TimerUDB:control_2\ ,
        control_1 => MODIN12_1 ,
        control_0 => MODIN12_0 );
    Properties:
    {
        cy_ctrl_mode_0 = "11111111"
        cy_ctrl_mode_1 = "00000000"
        cy_ext_reset = 0
        cy_force_order = 1
        cy_init_value = "00000000"
    }
    Clock Polarity: Active High
    Clock Enable: True

UDB [UDB=(3,0)] contents:
datapathcell: Name =\CH1_Timer:TimerUDB:sT32:timerdp:u1\
    PORT MAP (
        clock => Net_18 ,
        cs_addr_1 => \CH1_Timer:TimerUDB:control_7\ ,
        cs_addr_0 => \CH1_Timer:TimerUDB:per_zero\ ,
        chain_in => \CH1_Timer:TimerUDB:sT32:timerdp:carry0\ ,
        chain_out => \CH1_Timer:TimerUDB:sT32:timerdp:carry1\ );
    Properties:
    {
        a0_init = "00000000"
        a1_init = "00000000"
        ce0_sync = 1
        ce1_sync = 1
        cl0_sync = 1
        cl1_sync = 1
        cmsb_sync = 1
        co_msb_sync = 1
        cy_dpconfig = "0000000001000000000000000100000001000000010000000000000010000000000000001000000000000000100000000000000010000000000000001000000011111111000000001111111111111111100000110000000000000001000000110000000000011000"
        d0_init = "00000000"
        d1_init = "00000000"
        f0_blk_sync = 1
        f0_bus_sync = 1
        f1_blk_sync = 1
        f1_bus_sync = 1
        ff0_sync = 1
        ff1_sync = 1
        ov_msb_sync = 1
        so_sync = 1
        z0_sync = 1
        z1_sync = 1
    }
    Clock Polarity: Active High
    Clock Enable: True
    Previous in chain : \CH1_Timer:TimerUDB:sT32:timerdp:u0\
    Next in chain : \CH1_Timer:TimerUDB:sT32:timerdp:u2\

UDB [UDB=(3,1)] contents:
datapathcell: Name =\CH1_Timer:TimerUDB:sT32:timerdp:u2\
    PORT MAP (
        clock => Net_18 ,
        cs_addr_1 => \CH1_Timer:TimerUDB:control_7\ ,
        cs_addr_0 => \CH1_Timer:TimerUDB:per_zero\ ,
        chain_in => \CH1_Timer:TimerUDB:sT32:timerdp:carry1\ ,
        chain_out => \CH1_Timer:TimerUDB:sT32:timerdp:carry2\ );
    Properties:
    {
        a0_init = "00000000"
        a1_init = "00000000"
        ce0_sync = 1
        ce1_sync = 1
        cl0_sync = 1
        cl1_sync = 1
        cmsb_sync = 1
        co_msb_sync = 1
        cy_dpconfig = "0000000001000000000000000100000001000000010000000000000010000000000000001000000000000000100000000000000010000000000000001000000011111111000000001111111111111111100000110000000000000001000000110000000000011000"
        d0_init = "00000000"
        d1_init = "00000000"
        f0_blk_sync = 1
        f0_bus_sync = 1
        f1_blk_sync = 1
        f1_bus_sync = 1
        ff0_sync = 1
        ff1_sync = 1
        ov_msb_sync = 1
        so_sync = 1
        z0_sync = 1
        z1_sync = 1
    }
    Clock Polarity: Active High
    Clock Enable: True
    Previous in chain : \CH1_Timer:TimerUDB:sT32:timerdp:u1\
    Next in chain : \CH1_Timer:TimerUDB:sT32:timerdp:u3\

UDB [UDB=(3,2)] contents:
datapathcell: Name =\CH2_Timer:TimerUDB:sT32:timerdp:u2\
    PORT MAP (
        clock => Net_131 ,
        cs_addr_1 => \CH2_Timer:TimerUDB:control_7\ ,
        cs_addr_0 => \CH2_Timer:TimerUDB:per_zero\ ,
        chain_in => \CH2_Timer:TimerUDB:sT32:timerdp:carry1\ ,
        chain_out => \CH2_Timer:TimerUDB:sT32:timerdp:carry2\ );
    Properties:
    {
        a0_init = "00000000"
        a1_init = "00000000"
        ce0_sync = 1
        ce1_sync = 1
        cl0_sync = 1
        cl1_sync = 1
        cmsb_sync = 1
        co_msb_sync = 1
        cy_dpconfig = "0000000001000000000000000100000001000000010000000000000010000000000000001000000000000000100000000000000010000000000000001000000011111111000000001111111111111111100000110000000000000001000000110000000000011000"
        d0_init = "00000000"
        d1_init = "00000000"
        f0_blk_sync = 1
        f0_bus_sync = 1
        f1_blk_sync = 1
        f1_bus_sync = 1
        ff0_sync = 1
        ff1_sync = 1
        ov_msb_sync = 1
        so_sync = 1
        z0_sync = 1
        z1_sync = 1
    }
    Clock Polarity: Active High
    Clock Enable: True
    Previous in chain : \CH2_Timer:TimerUDB:sT32:timerdp:u1\
    Next in chain : \CH2_Timer:TimerUDB:sT32:timerdp:u3\

UDB [UDB=(3,3)] contents:
datapathcell: Name =\CH2_Timer:TimerUDB:sT32:timerdp:u1\
    PORT MAP (
        clock => Net_131 ,
        cs_addr_1 => \CH2_Timer:TimerUDB:control_7\ ,
        cs_addr_0 => \CH2_Timer:TimerUDB:per_zero\ ,
        chain_in => \CH2_Timer:TimerUDB:sT32:timerdp:carry0\ ,
        chain_out => \CH2_Timer:TimerUDB:sT32:timerdp:carry1\ );
    Properties:
    {
        a0_init = "00000000"
        a1_init = "00000000"
        ce0_sync = 1
        ce1_sync = 1
        cl0_sync = 1
        cl1_sync = 1
        cmsb_sync = 1
        co_msb_sync = 1
        cy_dpconfig = "0000000001000000000000000100000001000000010000000000000010000000000000001000000000000000100000000000000010000000000000001000000011111111000000001111111111111111100000110000000000000001000000110000000000011000"
        d0_init = "00000000"
        d1_init = "00000000"
        f0_blk_sync = 1
        f0_bus_sync = 1
        f1_blk_sync = 1
        f1_bus_sync = 1
        ff0_sync = 1
        ff1_sync = 1
        ov_msb_sync = 1
        so_sync = 1
        z0_sync = 1
        z1_sync = 1
    }
    Clock Polarity: Active High
    Clock Enable: True
    Previous in chain : \CH2_Timer:TimerUDB:sT32:timerdp:u0\
    Next in chain : \CH2_Timer:TimerUDB:sT32:timerdp:u2\

controlcell: Name =\CH2_Timer:TimerUDB:sCTRLReg:SyncCtl:ctrlreg\
    PORT MAP (
        clock => Net_131 ,
        control_7 => \CH2_Timer:TimerUDB:control_7\ ,
        control_6 => \CH2_Timer:TimerUDB:control_6\ ,
        control_5 => \CH2_Timer:TimerUDB:control_5\ ,
        control_4 => \CH2_Timer:TimerUDB:control_4\ ,
        control_3 => \CH2_Timer:TimerUDB:control_3\ ,
        control_2 => \CH2_Timer:TimerUDB:control_2\ ,
        control_1 => MODIN9_1 ,
        control_0 => MODIN9_0 );
    Properties:
    {
        cy_ctrl_mode_0 = "11111111"
        cy_ctrl_mode_1 = "00000000"
        cy_ext_reset = 0
        cy_force_order = 1
        cy_init_value = "00000000"
    }
    Clock Polarity: Active High
    Clock Enable: True

UDB [UDB=(3,4)] contents:
datapathcell: Name =\CH3_Timer:TimerUDB:sT32:timerdp:u2\
    PORT MAP (
        clock => Net_142 ,
        cs_addr_1 => \CH3_Timer:TimerUDB:control_7\ ,
        cs_addr_0 => \CH3_Timer:TimerUDB:per_zero\ ,
        chain_in => \CH3_Timer:TimerUDB:sT32:timerdp:carry1\ ,
        chain_out => \CH3_Timer:TimerUDB:sT32:timerdp:carry2\ );
    Properties:
    {
        a0_init = "00000000"
        a1_init = "00000000"
        ce0_sync = 1
        ce1_sync = 1
        cl0_sync = 1
        cl1_sync = 1
        cmsb_sync = 1
        co_msb_sync = 1
        cy_dpconfig = "0000000001000000000000000100000001000000010000000000000010000000000000001000000000000000100000000000000010000000000000001000000011111111000000001111111111111111100000110000000000000001000000110000000000011000"
        d0_init = "00000000"
        d1_init = "00000000"
        f0_blk_sync = 1
        f0_bus_sync = 1
        f1_blk_sync = 1
        f1_bus_sync = 1
        ff0_sync = 1
        ff1_sync = 1
        ov_msb_sync = 1
        so_sync = 1
        z0_sync = 1
        z1_sync = 1
    }
    Clock Polarity: Active High
    Clock Enable: True
    Previous in chain : \CH3_Timer:TimerUDB:sT32:timerdp:u1\
    Next in chain : \CH3_Timer:TimerUDB:sT32:timerdp:u3\

UDB [UDB=(3,5)] contents:
datapathcell: Name =\CH3_Timer:TimerUDB:sT32:timerdp:u1\
    PORT MAP (
        clock => Net_142 ,
        cs_addr_1 => \CH3_Timer:TimerUDB:control_7\ ,
        cs_addr_0 => \CH3_Timer:TimerUDB:per_zero\ ,
        chain_in => \CH3_Timer:TimerUDB:sT32:timerdp:carry0\ ,
        chain_out => \CH3_Timer:TimerUDB:sT32:timerdp:carry1\ );
    Properties:
    {
        a0_init = "00000000"
        a1_init = "00000000"
        ce0_sync = 1
        ce1_sync = 1
        cl0_sync = 1
        cl1_sync = 1
        cmsb_sync = 1
        co_msb_sync = 1
        cy_dpconfig = "0000000001000000000000000100000001000000010000000000000010000000000000001000000000000000100000000000000010000000000000001000000011111111000000001111111111111111100000110000000000000001000000110000000000011000"
        d0_init = "00000000"
        d1_init = "00000000"
        f0_blk_sync = 1
        f0_bus_sync = 1
        f1_blk_sync = 1
        f1_bus_sync = 1
        ff0_sync = 1
        ff1_sync = 1
        ov_msb_sync = 1
        so_sync = 1
        z0_sync = 1
        z1_sync = 1
    }
    Clock Polarity: Active High
    Clock Enable: True
    Previous in chain : \CH3_Timer:TimerUDB:sT32:timerdp:u0\
    Next in chain : \CH3_Timer:TimerUDB:sT32:timerdp:u2\

Intr container @ [IntrContainer=(0)]: 
  Intr@ [IntrContainer=(0)][IntrId=(4)] 
    interrupt: Name =isr_4
        PORT MAP (
            interrupt => Net_160 );
        Properties:
        {
            int_type = "10"
            is_nmi = 0
        }
  Intr@ [IntrContainer=(0)][IntrId=(5)] 
    interrupt: Name =isr_1
        PORT MAP (
            interrupt => Net_42 );
        Properties:
        {
            int_type = "10"
            is_nmi = 0
        }
  Intr@ [IntrContainer=(0)][IntrId=(6)] 
    interrupt: Name =isr_2
        PORT MAP (
            interrupt => Net_563 );
        Properties:
        {
            int_type = "10"
            is_nmi = 0
        }
  Intr@ [IntrContainer=(0)][IntrId=(7)] 
    interrupt: Name =isr_3
        PORT MAP (
            interrupt => Net_566 );
        Properties:
        {
            int_type = "10"
            is_nmi = 0
        }
  Intr@ [IntrContainer=(0)][IntrId=(15)] 
    interrupt: Name =\I2C_1:I2C_IRQ\
        PORT MAP (
            interrupt => \I2C_1:Net_697\ );
        Properties:
        {
            int_type = "00"
            is_nmi = 0
        }
Drq container @ [DrqContainer=(0)]: empty
Port 0 generates interrupt for logical port:
    logicalport: Name =CH4_Pin
        PORT MAP (
            in_clock_en => one ,
            in_reset => zero ,
            out_clock_en => one ,
            out_reset => zero ,
            interrupt => Net_160 );
        Properties:
        {
            drive_mode = "010"
            ibuf_enabled = "1"
            id = "dec5d80c-a5c4-4e54-92cb-f82587b64254"
            init_dr_st = "1"
            input_buffer_sel = "00"
            input_clk_en = 0
            input_sync = "0"
            input_sync_mode = "0"
            intr_mode = "11"
            invert_in_clock = 0
            invert_in_clock_en = 0
            invert_in_reset = 0
            invert_out_clock = 0
            invert_out_clock_en = 0
            invert_out_reset = 0
            io_voltage = ""
            layout_mode = "CONTIGUOUS"
            oe_conn = "0"
            oe_reset = 0
            oe_sync = "0"
            output_clk_en = 0
            output_clock_mode = "0"
            output_conn = "0"
            output_mode = "0"
            output_reset = 0
            output_sync = "0"
            ovt_hyst_trim = "0"
            ovt_needed = "0"
            ovt_slew_control = "00"
            pa_in_clock = -1
            pa_in_clock_en = -1
            pa_in_reset = -1
            pa_out_clock = -1
            pa_out_clock_en = -1
            pa_out_reset = -1
            pin_aliases = ""
            pin_mode = "I"
            por_state = 4
            port_alias_group = ""
            port_alias_required = 0
            sio_group_cnt = 0
            sio_hifreq = "00000000"
            sio_hyst = "1"
            sio_ibuf = "00000000"
            sio_info = "00"
            sio_obuf = "00000000"
            sio_refsel = "00000000"
            sio_vohsel = "00000000"
            sio_vtrip = "00000000"
            slew_rate = "0"
            spanning = 0
            sw_only = 0
            use_annotation = "0"
            vtrip = "00"
            width = 1
        }
    and contains the following IO cells:
[IoId=0]: 
Pin : Name = SCL_1(0)
    Attributes:
        In Group/Port: True
        In Sync Option: SYNC
        Out Sync Option: NOSYNC
        Interrupt generated: False
        Interrupt mode: NONE
        Drive mode: OPEN_DRAIN_LO
        VTrip: CMOS
        Slew: FAST
        Input Sync needed: True
        Output Sync needed: False
        SC shield enabled: False
        POR State: ANY
        LCD Mode: COMMON
        Register Mode: RegComb
        CaSense Mode: NEITHER
        Treat as pin: True
        Is OE Registered: False
        Uses Analog: False
        Can contain Digital: True
        Is SIO: False
        SIO Output Buf: NONREGULATED
        SIO Input Buf: SINGLE_ENDED
        SIO HiFreq: LOW
        SIO Hyst: DISABLED
        SIO Vtrip: MULTIPLIER_0_5
        SIO Multiplier Index: 0
        SIO RefSel: VCC_IO
        Required Capabilities: DIGITAL, ROUTABLE
        Initial Value: 1
        IO Voltage: 0
    PORT MAP (
        pa_out => SCL_1(0)__PA ,
        fb => \I2C_1:Net_1109_0\ ,
        pin_input => \I2C_1:Net_643_0\ ,
        pad => SCL_1(0)_PAD );
    Properties:
    {
    }

[IoId=1]: 
Pin : Name = CH4_Pin(0)
    Attributes:
        In Group/Port: True
        In Sync Option: NOSYNC
        Out Sync Option: AUTO
        Interrupt generated: True
        Interrupt mode: ON_CHANGE
        Drive mode: RES_PULL_UP
        VTrip: CMOS
        Slew: FAST
        Input Sync needed: False
        Output Sync needed: False
        SC shield enabled: False
        POR State: ANY
        LCD Mode: COMMON
        Register Mode: RegComb
        CaSense Mode: NEITHER
        Treat as pin: False
        Is OE Registered: False
        Uses Analog: False
        Can contain Digital: True
        Is SIO: False
        SIO Output Buf: NONREGULATED
        SIO Input Buf: SINGLE_ENDED
        SIO HiFreq: LOW
        SIO Hyst: DISABLED
        SIO Vtrip: MULTIPLIER_0_5
        SIO Multiplier Index: 0
        SIO RefSel: VCC_IO
        Required Capabilities: DIGITAL, PORT_INTERRUPT
        Initial Value: 1
        IO Voltage: 0
    PORT MAP (
        pa_out => CH4_Pin(0)__PA ,
        pad => CH4_Pin(0)_PAD );
    Properties:
    {
    }

[IoId=2]: 
Pin : Name = SDA_1(0)
    Attributes:
        In Group/Port: True
        In Sync Option: SYNC
        Out Sync Option: NOSYNC
        Interrupt generated: False
        Interrupt mode: NONE
        Drive mode: OPEN_DRAIN_LO
        VTrip: CMOS
        Slew: FAST
        Input Sync needed: True
        Output Sync needed: False
        SC shield enabled: False
        POR State: ANY
        LCD Mode: COMMON
        Register Mode: RegComb
        CaSense Mode: NEITHER
        Treat as pin: True
        Is OE Registered: False
        Uses Analog: False
        Can contain Digital: True
        Is SIO: False
        SIO Output Buf: NONREGULATED
        SIO Input Buf: SINGLE_ENDED
        SIO HiFreq: LOW
        SIO Hyst: DISABLED
        SIO Vtrip: MULTIPLIER_0_5
        SIO Multiplier Index: 0
        SIO RefSel: VCC_IO
        Required Capabilities: DIGITAL, ROUTABLE
        Initial Value: 1
        IO Voltage: 0
    PORT MAP (
        pa_out => SDA_1(0)__PA ,
        fb => \I2C_1:Net_1109_1\ ,
        pin_input => \I2C_1:sda_x_wire\ ,
        pad => SDA_1(0)_PAD );
    Properties:
    {
    }

Port 1 generates interrupt for logical port:
    logicalport: Name =CH1_Pin
        PORT MAP (
            in_clock_en => one ,
            in_reset => zero ,
            out_clock_en => one ,
            out_reset => zero ,
            interrupt => Net_42 );
        Properties:
        {
            drive_mode = "010"
            ibuf_enabled = "1"
            id = "8d318d8b-cf7b-4b6b-b02c-ab1c5c49d0ba"
            init_dr_st = "1"
            input_buffer_sel = "00"
            input_clk_en = 0
            input_sync = "0"
            input_sync_mode = "0"
            intr_mode = "11"
            invert_in_clock = 0
            invert_in_clock_en = 0
            invert_in_reset = 0
            invert_out_clock = 0
            invert_out_clock_en = 0
            invert_out_reset = 0
            io_voltage = ""
            layout_mode = "CONTIGUOUS"
            oe_conn = "0"
            oe_reset = 0
            oe_sync = "0"
            output_clk_en = 0
            output_clock_mode = "0"
            output_conn = "0"
            output_mode = "0"
            output_reset = 0
            output_sync = "0"
            ovt_hyst_trim = "0"
            ovt_needed = "0"
            ovt_slew_control = "00"
            pa_in_clock = -1
            pa_in_clock_en = -1
            pa_in_reset = -1
            pa_out_clock = -1
            pa_out_clock_en = -1
            pa_out_reset = -1
            pin_aliases = ""
            pin_mode = "I"
            por_state = 4
            port_alias_group = ""
            port_alias_required = 0
            sio_group_cnt = 0
            sio_hifreq = "00000000"
            sio_hyst = "1"
            sio_ibuf = "00000000"
            sio_info = "00"
            sio_obuf = "00000000"
            sio_refsel = "00000000"
            sio_vohsel = "00000000"
            sio_vtrip = "00000000"
            slew_rate = "0"
            spanning = 0
            sw_only = 0
            use_annotation = "0"
            vtrip = "00"
            width = 1
        }
    and contains the following IO cells:
[IoId=4]: 
Pin : Name = CH1_Pin(0)
    Attributes:
        In Group/Port: True
        In Sync Option: NOSYNC
        Out Sync Option: AUTO
        Interrupt generated: True
        Interrupt mode: ON_CHANGE
        Drive mode: RES_PULL_UP
        VTrip: CMOS
        Slew: FAST
        Input Sync needed: False
        Output Sync needed: False
        SC shield enabled: False
        POR State: ANY
        LCD Mode: COMMON
        Register Mode: RegComb
        CaSense Mode: NEITHER
        Treat as pin: False
        Is OE Registered: False
        Uses Analog: False
        Can contain Digital: True
        Is SIO: False
        SIO Output Buf: NONREGULATED
        SIO Input Buf: SINGLE_ENDED
        SIO HiFreq: LOW
        SIO Hyst: DISABLED
        SIO Vtrip: MULTIPLIER_0_5
        SIO Multiplier Index: 0
        SIO RefSel: VCC_IO
        Required Capabilities: DIGITAL, PORT_INTERRUPT
        Initial Value: 1
        IO Voltage: 0
    PORT MAP (
        pa_out => CH1_Pin(0)__PA ,
        pad => CH1_Pin(0)_PAD );
    Properties:
    {
    }

Port 2 generates interrupt for logical port:
    logicalport: Name =CH2_Pin
        PORT MAP (
            in_clock_en => one ,
            in_reset => zero ,
            out_clock_en => one ,
            out_reset => zero ,
            interrupt => Net_563 );
        Properties:
        {
            drive_mode = "010"
            ibuf_enabled = "1"
            id = "feaa529e-47b2-4c83-af8f-cd04b612bc03"
            init_dr_st = "1"
            input_buffer_sel = "00"
            input_clk_en = 0
            input_sync = "0"
            input_sync_mode = "0"
            intr_mode = "11"
            invert_in_clock = 0
            invert_in_clock_en = 0
            invert_in_reset = 0
            invert_out_clock = 0
            invert_out_clock_en = 0
            invert_out_reset = 0
            io_voltage = ""
            layout_mode = "CONTIGUOUS"
            oe_conn = "0"
            oe_reset = 0
            oe_sync = "0"
            output_clk_en = 0
            output_clock_mode = "0"
            output_conn = "0"
            output_mode = "0"
            output_reset = 0
            output_sync = "0"
            ovt_hyst_trim = "0"
            ovt_needed = "0"
            ovt_slew_control = "00"
            pa_in_clock = -1
            pa_in_clock_en = -1
            pa_in_reset = -1
            pa_out_clock = -1
            pa_out_clock_en = -1
            pa_out_reset = -1
            pin_aliases = ""
            pin_mode = "I"
            por_state = 4
            port_alias_group = ""
            port_alias_required = 0
            sio_group_cnt = 0
            sio_hifreq = "00000000"
            sio_hyst = "1"
            sio_ibuf = "00000000"
            sio_info = "00"
            sio_obuf = "00000000"
            sio_refsel = "00000000"
            sio_vohsel = "00000000"
            sio_vtrip = "00000000"
            slew_rate = "0"
            spanning = 0
            sw_only = 0
            use_annotation = "0"
            vtrip = "00"
            width = 1
        }
    and contains the following IO cells:
[IoId=1]: 
Pin : Name = LED_BUILDIN(0)
    Attributes:
        In Group/Port: True
        In Sync Option: AUTO
        Out Sync Option: NOSYNC
        Interrupt generated: False
        Interrupt mode: NONE
        Drive mode: CMOS_OUT
        VTrip: EITHER
        Slew: FAST
        Input Sync needed: False
        Output Sync needed: False
        SC shield enabled: False
        POR State: ANY
        LCD Mode: COMMON
        Register Mode: RegComb
        CaSense Mode: NEITHER
        Treat as pin: True
        Is OE Registered: False
        Uses Analog: False
        Can contain Digital: True
        Is SIO: False
        SIO Output Buf: NONREGULATED
        SIO Input Buf: SINGLE_ENDED
        SIO HiFreq: LOW
        SIO Hyst: DISABLED
        SIO Vtrip: MULTIPLIER_0_5
        SIO Multiplier Index: 0
        SIO RefSel: VCC_IO
        Required Capabilities: DIGITAL
        Initial Value: 0
        IO Voltage: 0
    PORT MAP (
        pa_out => LED_BUILDIN(0)__PA ,
        pad => LED_BUILDIN(0)_PAD );
    Properties:
    {
    }

[IoId=5]: 
Pin : Name = CH2_Pin(0)
    Attributes:
        In Group/Port: True
        In Sync Option: NOSYNC
        Out Sync Option: AUTO
        Interrupt generated: True
        Interrupt mode: ON_CHANGE
        Drive mode: RES_PULL_UP
        VTrip: CMOS
        Slew: FAST
        Input Sync needed: False
        Output Sync needed: False
        SC shield enabled: False
        POR State: ANY
        LCD Mode: COMMON
        Register Mode: RegComb
        CaSense Mode: NEITHER
        Treat as pin: False
        Is OE Registered: False
        Uses Analog: False
        Can contain Digital: True
        Is SIO: False
        SIO Output Buf: NONREGULATED
        SIO Input Buf: SINGLE_ENDED
        SIO HiFreq: LOW
        SIO Hyst: DISABLED
        SIO Vtrip: MULTIPLIER_0_5
        SIO Multiplier Index: 0
        SIO RefSel: VCC_IO
        Required Capabilities: DIGITAL, PORT_INTERRUPT
        Initial Value: 1
        IO Voltage: 0
    PORT MAP (
        pa_out => CH2_Pin(0)__PA ,
        pad => CH2_Pin(0)_PAD );
    Properties:
    {
    }

Port 3 generates interrupt for logical port:
    logicalport: Name =CH3_Pin
        PORT MAP (
            in_clock_en => one ,
            in_reset => zero ,
            out_clock_en => one ,
            out_reset => zero ,
            interrupt => Net_566 );
        Properties:
        {
            drive_mode = "010"
            ibuf_enabled = "1"
            id = "e18607ce-431c-494b-b251-b4d10a31eb70"
            init_dr_st = "1"
            input_buffer_sel = "00"
            input_clk_en = 0
            input_sync = "0"
            input_sync_mode = "0"
            intr_mode = "11"
            invert_in_clock = 0
            invert_in_clock_en = 0
            invert_in_reset = 0
            invert_out_clock = 0
            invert_out_clock_en = 0
            invert_out_reset = 0
            io_voltage = ""
            layout_mode = "CONTIGUOUS"
            oe_conn = "0"
            oe_reset = 0
            oe_sync = "0"
            output_clk_en = 0
            output_clock_mode = "0"
            output_conn = "0"
            output_mode = "0"
            output_reset = 0
            output_sync = "0"
            ovt_hyst_trim = "0"
            ovt_needed = "0"
            ovt_slew_control = "00"
            pa_in_clock = -1
            pa_in_clock_en = -1
            pa_in_reset = -1
            pa_out_clock = -1
            pa_out_clock_en = -1
            pa_out_reset = -1
            pin_aliases = ""
            pin_mode = "I"
            por_state = 4
            port_alias_group = ""
            port_alias_required = 0
            sio_group_cnt = 0
            sio_hifreq = "00000000"
            sio_hyst = "1"
            sio_ibuf = "00000000"
            sio_info = "00"
            sio_obuf = "00000000"
            sio_refsel = "00000000"
            sio_vohsel = "00000000"
            sio_vtrip = "00000000"
            slew_rate = "0"
            spanning = 0
            sw_only = 0
            use_annotation = "0"
            vtrip = "00"
            width = 1
        }
    and contains the following IO cells:
[IoId=0]: 
Pin : Name = CH3_Pin(0)
    Attributes:
        In Group/Port: True
        In Sync Option: NOSYNC
        Out Sync Option: AUTO
        Interrupt generated: True
        Interrupt mode: ON_CHANGE
        Drive mode: RES_PULL_UP
        VTrip: CMOS
        Slew: FAST
        Input Sync needed: False
        Output Sync needed: False
        SC shield enabled: False
        POR State: ANY
        LCD Mode: COMMON
        Register Mode: RegComb
        CaSense Mode: NEITHER
        Treat as pin: False
        Is OE Registered: False
        Uses Analog: False
        Can contain Digital: True
        Is SIO: False
        SIO Output Buf: NONREGULATED
        SIO Input Buf: SINGLE_ENDED
        SIO HiFreq: LOW
        SIO Hyst: DISABLED
        SIO Vtrip: MULTIPLIER_0_5
        SIO Multiplier Index: 0
        SIO RefSel: VCC_IO
        Required Capabilities: DIGITAL, PORT_INTERRUPT
        Initial Value: 1
        IO Voltage: 0
    PORT MAP (
        pa_out => CH3_Pin(0)__PA ,
        pad => CH3_Pin(0)_PAD );
    Properties:
    {
    }

Port 12 contains the following IO cells:
[IoId=6]: 
Pin : Name = Rx_1(0)
    Attributes:
        In Group/Port: True
        In Sync Option: SYNC
        Out Sync Option: AUTO
        Interrupt generated: False
        Interrupt mode: NONE
        Drive mode: HI_Z_DIGITAL
        VTrip: CMOS
        Slew: FAST
        Input Sync needed: True
        Output Sync needed: False
        SC shield enabled: False
        POR State: ANY
        LCD Mode: COMMON
        Register Mode: RegComb
        CaSense Mode: NEITHER
        Treat as pin: True
        Is OE Registered: False
        Uses Analog: False
        Can contain Digital: True
        Is SIO: False
        SIO Output Buf: NONREGULATED
        SIO Input Buf: SINGLE_ENDED
        SIO HiFreq: LOW
        SIO Hyst: DISABLED
        SIO Vtrip: MULTIPLIER_0_5
        SIO Multiplier Index: 0
        SIO RefSel: VCC_IO
        Required Capabilities: DIGITAL, ROUTABLE
        Initial Value: 0
        IO Voltage: 0
    PORT MAP (
        pa_out => Rx_1(0)__PA ,
        fb => Net_5 ,
        pad => Rx_1(0)_PAD );
    Properties:
    {
    }

[IoId=7]: 
Pin : Name = Tx_1(0)
    Attributes:
        In Group/Port: True
        In Sync Option: AUTO
        Out Sync Option: NOSYNC
        Interrupt generated: False
        Interrupt mode: NONE
        Drive mode: CMOS_OUT
        VTrip: EITHER
        Slew: FAST
        Input Sync needed: False
        Output Sync needed: False
        SC shield enabled: False
        POR State: ANY
        LCD Mode: COMMON
        Register Mode: RegComb
        CaSense Mode: NEITHER
        Treat as pin: True
        Is OE Registered: False
        Uses Analog: False
        Can contain Digital: True
        Is SIO: False
        SIO Output Buf: NONREGULATED
        SIO Input Buf: SINGLE_ENDED
        SIO HiFreq: LOW
        SIO Hyst: DISABLED
        SIO Vtrip: MULTIPLIER_0_5
        SIO Multiplier Index: 0
        SIO RefSel: VCC_IO
        Required Capabilities: DIGITAL, ROUTABLE
        Initial Value: 1
        IO Voltage: 0
    PORT MAP (
        pa_out => Tx_1(0)__PA ,
        pin_input => Net_9 ,
        pad => Tx_1(0)_PAD );
    Properties:
    {
    }

Port 15 contains the following IO cells:
ARM group 0: empty
CAN group 0: empty
Cache group 0: empty
CapSense group 0: empty
Clock group 0: 
    Clock Block @ F(Clock,0): 
    clockblockcell: Name =ClockBlock
        PORT MAP (
            imo => ClockBlock_IMO ,
            pllout => ClockBlock_PLL_OUT ,
            ilo => ClockBlock_ILO ,
            clk_100k => ClockBlock_100k ,
            clk_1k => ClockBlock_1k ,
            clk_32k => ClockBlock_32k ,
            xtal => ClockBlock_XTAL ,
            clk_32k_xtal => ClockBlock_XTAL_32KHZ ,
            clk_sync => ClockBlock_MASTER_CLK ,
            clk_bus_glb => ClockBlock_BUS_CLK ,
            clk_bus => ClockBlock_BUS_CLK_local ,
            dclk_glb_0 => Net_131 ,
            dclk_0 => Net_131_local ,
            dclk_glb_1 => Net_142 ,
            dclk_1 => Net_142_local ,
            dclk_glb_2 => Net_18 ,
            dclk_2 => Net_18_local ,
            dclk_glb_3 => Net_154 ,
            dclk_3 => Net_154_local ,
            dclk_glb_4 => \UART_1:Net_9\ ,
            dclk_4 => \UART_1:Net_9_local\ );
        Properties:
        {
        }
Comparator group 0: empty
DFB group 0: empty
DSM group 0: empty
Decimator group 0: empty
EMIF group 0: empty
I2C group 0: 
    I2C Block @ F(I2C,0): 
    i2ccell: Name =\I2C_1:I2C_FF\
        PORT MAP (
            clock => ClockBlock_BUS_CLK ,
            scl_in => \I2C_1:Net_1109_0\ ,
            sda_in => \I2C_1:Net_1109_1\ ,
            scl_out => \I2C_1:Net_643_0\ ,
            sda_out => \I2C_1:sda_x_wire\ ,
            interrupt => \I2C_1:Net_697\ );
        Properties:
        {
            cy_registers = ""
            use_wakeup = 0
        }
LCD group 0: empty
LVD group 0: empty
PICU group 0: empty
PM group 0: empty
SC group 0: empty
SPC group 0: empty
Timer group 0: empty
USB group 0: empty
VIDAC group 0: empty
OpAmp group 0: empty
CsAbuf group 0: empty
Vref group 0: empty
LPF group 0: empty
SAR group 0: empty
ANAIF group 0: empty
PHUB group 0: empty
</CYPRESSTAG>
<CYPRESSTAG name="Port Configuration Details">

------------------------------------------------------------
Port Configuration report
------------------------------------------------------------
     |     |       | Interrupt |                  |                | 
Port | Pin | Fixed |      Type |       Drive Mode |           Name | Connections
-----+-----+-------+-----------+------------------+----------------+-----------------------------------------------
   0 |   0 |       |      NONE |    OPEN_DRAIN_LO |       SCL_1(0) | FB(\I2C_1:Net_1109_0\), In(\I2C_1:Net_643_0\)
     |   1 |     * | ON_CHANGE |      RES_PULL_UP |     CH4_Pin(0) | 
     |   2 |       |      NONE |    OPEN_DRAIN_LO |       SDA_1(0) | FB(\I2C_1:Net_1109_1\), In(\I2C_1:sda_x_wire\)
-----+-----+-------+-----------+------------------+----------------+-----------------------------------------------
   1 |   4 |     * | ON_CHANGE |      RES_PULL_UP |     CH1_Pin(0) | 
-----+-----+-------+-----------+------------------+----------------+-----------------------------------------------
   2 |   1 |     * |      NONE |         CMOS_OUT | LED_BUILDIN(0) | 
     |   5 |     * | ON_CHANGE |      RES_PULL_UP |     CH2_Pin(0) | 
-----+-----+-------+-----------+------------------+----------------+-----------------------------------------------
   3 |   0 |     * | ON_CHANGE |      RES_PULL_UP |     CH3_Pin(0) | 
-----+-----+-------+-----------+------------------+----------------+-----------------------------------------------
  12 |   6 |     * |      NONE |     HI_Z_DIGITAL |        Rx_1(0) | FB(Net_5)
     |   7 |     * |      NONE |         CMOS_OUT |        Tx_1(0) | In(Net_9)
-------------------------------------------------------------------------------------------------------------------
</CYPRESSTAG>
</CYPRESSTAG>
</CYPRESSTAG>
Digital component placer commit/Report: Elapsed time ==> 0s.061ms
Digital Placement phase: Elapsed time ==> 1s.616ms
</CYPRESSTAG>
<CYPRESSTAG name="Digital Routing">
"C:\Program Files (x86)\Cypress\PSoC Creator\4.4\PSoC Creator\bin/sjrouter.exe" --xml-path "C:\Program Files (x86)\Cypress\PSoC Creator\4.4\PSoC Creator\dev\psoc5/psoc5lp/route_arch-rrg.cydata" --vh2-path "FreeRTOS_PSoC_r.vh2" --pcf-path "FreeRTOS_PSoC.pco" --des-name "FreeRTOS_PSoC" --dsf-path "FreeRTOS_PSoC.dsf" --sdc-path "FreeRTOS_PSoC.sdc" --lib-path "FreeRTOS_PSoC_r.lib"
Routing successful.
Digital Routing phase: Elapsed time ==> 1s.146ms
</CYPRESSTAG>
<CYPRESSTAG name="Bitstream Generation">
Bitstream Generation phase: Elapsed time ==> 0s.132ms
</CYPRESSTAG>
<CYPRESSTAG name="Bitstream Verification">
Bitstream Verification phase: Elapsed time ==> 0s.025ms
</CYPRESSTAG>
<CYPRESSTAG name="Static timing analysis">
Timing report is in FreeRTOS_PSoC_timing.html.
Static timing analysis phase: Elapsed time ==> 0s.313ms
</CYPRESSTAG>
<CYPRESSTAG name="Data reporting">
Data reporting phase: Elapsed time ==> 0s.000ms
</CYPRESSTAG>
<CYPRESSTAG name="Database update...">
Design database save phase: Elapsed time ==> 0s.183ms
</CYPRESSTAG>
cydsfit: Elapsed time ==> 3s.906ms
</CYPRESSTAG>
Fitter phase: Elapsed time ==> 3s.907ms
API generation phase: Elapsed time ==> 1s.122ms
Dependency generation phase: Elapsed time ==> 0s.008ms
Cleanup phase: Elapsed time ==> 0s.000ms
