Loading plugins phase: Elapsed time ==> 0s.111ms
<CYPRESSTAG name="CyDsfit arguments...">
cydsfit arguments: -.fdsnotice -.fdswarpdepfile=warp_dependencies.txt -.fdselabdepfile=elab_dependencies.txt -.fdsbldfile=generated_files.txt -.fdsreffile=referenced_files.txt -p C:\Users\Perijn\Documents\Git-projects\Robo-dagoe\firmware\platform\PSoC\PSoC-workspace\RobotDog.cydsn\RobotDog.cyprj -d CY8C5888LTI-LP097 -s C:\Users\Perijn\Documents\Git-projects\Robo-dagoe\firmware\platform\PSoC\PSoC-workspace\RobotDog.cydsn\Generated_Source\PSoC5 -- -yv2 -q10 -ygs -o2 -v3 -.fftcfgtype=LE
</CYPRESSTAG>
<CYPRESSTAG name="Design elaboration results...">
ADD: sdb.M0060: warning: Warning in component: CAN. The BUS_CLK clock accuracy should be 0.5% or better. Please, use an external XTAL or external clock source to meet the CAN accurate clocking requirements.
 * C:\Users\Perijn\Documents\Git-projects\Robo-dagoe\firmware\platform\PSoC\PSoC-workspace\RobotDog.cydsn\TopDesign\TopDesign.cysch (Instance:CAN)

</CYPRESSTAG>
Elaboration phase: Elapsed time ==> 1s.270ms
<CYPRESSTAG name="HDL generation results...">
</CYPRESSTAG>
HDL generation phase: Elapsed time ==> 0s.029ms
<CYPRESSTAG name="Synthesis results...">

     | | | | | | |
   _________________
  -|               |-
  -|               |-
  -|               |-
  -|    CYPRESS    |-
  -|               |-
  -|               |-   Warp Verilog Synthesis Compiler: Version 6.3 IR 41
  -|               |-   Copyright (C) 1991-2001 Cypress Semiconductor
   |_______________|
     | | | | | | |

======================================================================
Compiling:  RobotDog.v
Program  :   C:\Program Files (x86)\Cypress\PSoC Creator\4.4\PSoC Creator\warp\bin\warp.exe
Options  :    -yv2 -q10 -ygs -o2 -v3 -.fftcfgtype=LE -ya -.fftprj=C:\Users\Perijn\Documents\Git-projects\Robo-dagoe\firmware\platform\PSoC\PSoC-workspace\RobotDog.cydsn\RobotDog.cyprj -dcpsoc3 RobotDog.v -verilog
======================================================================

======================================================================
Compiling:  RobotDog.v
Program  :   C:\Program Files (x86)\Cypress\PSoC Creator\4.4\PSoC Creator\warp\bin\warp.exe
Options  :    -yv2 -q10 -ygs -o2 -v3 -.fftcfgtype=LE -ya -.fftprj=C:\Users\Perijn\Documents\Git-projects\Robo-dagoe\firmware\platform\PSoC\PSoC-workspace\RobotDog.cydsn\RobotDog.cyprj -dcpsoc3 RobotDog.v -verilog
======================================================================

======================================================================
Compiling:  RobotDog.v
Program  :   vlogfe
Options  :    -yv2 -q10 -ygs -o2 -v3 -.fftcfgtype=LE -ya -.fftprj=C:\Users\Perijn\Documents\Git-projects\Robo-dagoe\firmware\platform\PSoC\PSoC-workspace\RobotDog.cydsn\RobotDog.cyprj -dcpsoc3 -verilog RobotDog.v
======================================================================

vlogfe V6.3 IR 41:  Verilog parser
Thu Jan 01 19:19:22 2026


======================================================================
Compiling:  RobotDog.v
Program  :   vpp
Options  :    -yv2 -q10 RobotDog.v
======================================================================

vpp V6.3 IR 41:  Verilog Pre-Processor
Thu Jan 01 19:19:22 2026

Flattening file 'C:\Program Files (x86)\Cypress\PSoC Creator\4.4\PSoC Creator\psoc\content\CyPrimitives\cyprimitives.cylib\or_v1_0\or_v1_0.v'
Flattening file 'C:\Program Files (x86)\Cypress\PSoC Creator\4.4\PSoC Creator\psoc\content\CyPrimitives\cyprimitives.cylib\ZeroTerminal\ZeroTerminal.v'
Flattening file 'C:\Users\Perijn\Documents\Git-projects\Robo-dagoe\firmware\platform\PSoC\PSoC-workspace\RobotDog.cydsn\bCORDIC\bCORDIC.v'
Flattening file 'C:\Program Files (x86)\Cypress\PSoC Creator\4.4\PSoC Creator\warp\lib\common\cypress.v'
Flattening file 'C:\Program Files (x86)\Cypress\PSoC Creator\4.4\PSoC Creator\warp\lib\common\cy_psoc3_inc.v'
Flattening file 'C:\Program Files (x86)\Cypress\PSoC Creator\4.4\PSoC Creator\warp\..\psoc\content\CyPrimitives\cyprimitives.cylib\CyStatusReg_v1_90\CyStatusReg_v1_90.v'
Flattening file 'C:\Program Files (x86)\Cypress\PSoC Creator\4.4\PSoC Creator\warp\lib\common\cypress.v'
Flattening file 'C:\Program Files (x86)\Cypress\PSoC Creator\4.4\PSoC Creator\psoc\content\CyPrimitives\cyprimitives.cylib\cy_constant_v1_0\cy_constant_v1_0.v'
Flattening file 'C:\Program Files (x86)\Cypress\PSoC Creator\4.4\PSoC Creator\psoc\content\CyPrimitives\cyprimitives.cylib\cy_virtualmux_v1_0\cy_virtualmux_v1_0.v'
Flattening file 'C:\Program Files (x86)\Cypress\PSoC Creator\4.4\PSoC Creator\psoc\content\CyPrimitives\cyprimitives.cylib\OneTerminal\OneTerminal.v'

vpp:  No errors.

Library 'work' => directory 'lcpsoc3'
General_symbol_table
General_symbol_table
Linking 'C:\Program Files (x86)\Cypress\PSoC Creator\4.4\PSoC Creator\warp\lib\common\std.vhd'.
Linking 'C:\Program Files (x86)\Cypress\PSoC Creator\4.4\PSoC Creator\warp\lib\common\cypress.vhd'.
Linking 'C:\Program Files (x86)\Cypress\PSoC Creator\4.4\PSoC Creator\warp\lib\common\work\cypress.vif'.
Linking 'C:\Program Files (x86)\Cypress\PSoC Creator\4.4\PSoC Creator\warp\lib\ieee\work\stdlogic.vif'.
Linking 'C:\Program Files (x86)\Cypress\PSoC Creator\4.4\PSoC Creator\warp\lib\common\stdlogic\lpmpkg.vif'.
Linking 'C:\Program Files (x86)\Cypress\PSoC Creator\4.4\PSoC Creator\warp\lib\common\stdlogic\rtlpkg.vif'.
Linking 'C:\Program Files (x86)\Cypress\PSoC Creator\4.4\PSoC Creator\warp\lib\common\stdlogic\mod_cnst.vif'.
Linking 'C:\Program Files (x86)\Cypress\PSoC Creator\4.4\PSoC Creator\warp\lib\common\stdlogic\mod_mthv.vif'.
Linking 'C:\Program Files (x86)\Cypress\PSoC Creator\4.4\PSoC Creator\warp\lib\common\stdlogic\mod_genv.vif'.
Using control file 'RobotDog.ctl'.
C:\Users\Perijn\Documents\Git-projects\Robo-dagoe\firmware\platform\PSoC\PSoC-workspace\RobotDog.cydsn\bCORDIC\bCORDIC.v (line 393, col 46):  Note: Substituting module 'add_vi_vv' for '+'.
C:\Users\Perijn\Documents\Git-projects\Robo-dagoe\firmware\platform\PSoC\PSoC-workspace\RobotDog.cydsn\bCORDIC\bCORDIC.v (line 401, col 38):  Note: Substituting module 'add_vi_vv' for '+'.

vlogfe:  No errors.


======================================================================
Compiling:  RobotDog.v
Program  :   tovif
Options  :    -yv2 -q10 -ygs -o2 -v3 -.fftcfgtype=LE -ya -.fftprj=C:\Users\Perijn\Documents\Git-projects\Robo-dagoe\firmware\platform\PSoC\PSoC-workspace\RobotDog.cydsn\RobotDog.cyprj -dcpsoc3 -verilog RobotDog.v
======================================================================

tovif V6.3 IR 41:  High-level synthesis
Thu Jan 01 19:19:22 2026

Linking 'C:\Program Files (x86)\Cypress\PSoC Creator\4.4\PSoC Creator\warp\lib\common\std.vhd'.
Linking 'C:\Program Files (x86)\Cypress\PSoC Creator\4.4\PSoC Creator\warp\lib\common\cypress.vhd'.
Linking 'C:\Program Files (x86)\Cypress\PSoC Creator\4.4\PSoC Creator\warp\lib\common\work\cypress.vif'.
Linking 'C:\Program Files (x86)\Cypress\PSoC Creator\4.4\PSoC Creator\warp\lib\ieee\work\stdlogic.vif'.
Linking 'C:\Program Files (x86)\Cypress\PSoC Creator\4.4\PSoC Creator\warp\lib\common\stdlogic\lpmpkg.vif'.
Linking 'C:\Program Files (x86)\Cypress\PSoC Creator\4.4\PSoC Creator\warp\lib\common\stdlogic\rtlpkg.vif'.
Linking 'C:\Program Files (x86)\Cypress\PSoC Creator\4.4\PSoC Creator\warp\lib\common\stdlogic\mod_cnst.vif'.
Linking 'C:\Program Files (x86)\Cypress\PSoC Creator\4.4\PSoC Creator\warp\lib\common\stdlogic\mod_mthv.vif'.
Linking 'C:\Program Files (x86)\Cypress\PSoC Creator\4.4\PSoC Creator\warp\lib\common\stdlogic\mod_genv.vif'.
Linking 'C:\Users\Perijn\Documents\Git-projects\Robo-dagoe\firmware\platform\PSoC\PSoC-workspace\RobotDog.cydsn\codegentemp\RobotDog.ctl'.
Linking 'C:\Program Files (x86)\Cypress\PSoC Creator\4.4\PSoC Creator\psoc\content\CyPrimitives\cyprimitives.cylib\or_v1_0\or_v1_0.v'.
Linking 'C:\Users\Perijn\Documents\Git-projects\Robo-dagoe\firmware\platform\PSoC\PSoC-workspace\RobotDog.cydsn\codegentemp\RobotDog.v'.
Linking 'C:\Program Files (x86)\Cypress\PSoC Creator\4.4\PSoC Creator\psoc\content\CyPrimitives\cyprimitives.cylib\ZeroTerminal\ZeroTerminal.v'.
Linking 'C:\Users\Perijn\Documents\Git-projects\Robo-dagoe\firmware\platform\PSoC\PSoC-workspace\RobotDog.cydsn\bCORDIC\bCORDIC.v'.
Linking 'C:\Program Files (x86)\Cypress\PSoC Creator\4.4\PSoC Creator\warp\lib\common\cypress.v'.
Linking 'C:\Program Files (x86)\Cypress\PSoC Creator\4.4\PSoC Creator\warp\lib\common\cy_psoc3_inc.v'.
Linking 'C:\Program Files (x86)\Cypress\PSoC Creator\4.4\PSoC Creator\psoc\content\CyPrimitives\cyprimitives.cylib\CyStatusReg_v1_90\CyStatusReg_v1_90.v'.
Linking 'C:\Program Files (x86)\Cypress\PSoC Creator\4.4\PSoC Creator\psoc\content\CyPrimitives\cyprimitives.cylib\cy_constant_v1_0\cy_constant_v1_0.v'.
Linking 'C:\Program Files (x86)\Cypress\PSoC Creator\4.4\PSoC Creator\psoc\content\CyPrimitives\cyprimitives.cylib\cy_virtualmux_v1_0\cy_virtualmux_v1_0.v'.
Linking 'C:\Program Files (x86)\Cypress\PSoC Creator\4.4\PSoC Creator\psoc\content\CyPrimitives\cyprimitives.cylib\OneTerminal\OneTerminal.v'.
Linking 'C:\Program Files (x86)\Cypress\PSoC Creator\4.4\PSoC Creator\warp\lib\lcpsoc3\stdlogic\mod_cnst.vif'.

tovif:  No errors.


======================================================================
Compiling:  RobotDog.v
Program  :   topld
Options  :    -yv2 -q10 -ygs -o2 -v3 -.fftcfgtype=LE -ya -.fftprj=C:\Users\Perijn\Documents\Git-projects\Robo-dagoe\firmware\platform\PSoC\PSoC-workspace\RobotDog.cydsn\RobotDog.cyprj -dcpsoc3 -verilog RobotDog.v
======================================================================

topld V6.3 IR 41:  Synthesis and optimization
Thu Jan 01 19:19:22 2026

Linking 'C:\Program Files (x86)\Cypress\PSoC Creator\4.4\PSoC Creator\warp\lib\common\std.vhd'.
Linking 'C:\Program Files (x86)\Cypress\PSoC Creator\4.4\PSoC Creator\warp\lib\common\cypress.vhd'.
Linking 'C:\Program Files (x86)\Cypress\PSoC Creator\4.4\PSoC Creator\warp\lib\common\work\cypress.vif'.
Linking 'C:\Program Files (x86)\Cypress\PSoC Creator\4.4\PSoC Creator\warp\lib\ieee\work\stdlogic.vif'.
Linking 'C:\Program Files (x86)\Cypress\PSoC Creator\4.4\PSoC Creator\warp\lib\common\stdlogic\lpmpkg.vif'.
Linking 'C:\Program Files (x86)\Cypress\PSoC Creator\4.4\PSoC Creator\warp\lib\common\stdlogic\rtlpkg.vif'.
Linking 'C:\Program Files (x86)\Cypress\PSoC Creator\4.4\PSoC Creator\warp\lib\common\stdlogic\mod_cnst.vif'.
Linking 'C:\Program Files (x86)\Cypress\PSoC Creator\4.4\PSoC Creator\warp\lib\common\stdlogic\mod_mthv.vif'.
Linking 'C:\Program Files (x86)\Cypress\PSoC Creator\4.4\PSoC Creator\warp\lib\common\stdlogic\mod_genv.vif'.
Linking 'C:\Users\Perijn\Documents\Git-projects\Robo-dagoe\firmware\platform\PSoC\PSoC-workspace\RobotDog.cydsn\codegentemp\RobotDog.ctl'.
Linking 'C:\Program Files (x86)\Cypress\PSoC Creator\4.4\PSoC Creator\psoc\content\CyPrimitives\cyprimitives.cylib\or_v1_0\or_v1_0.v'.
Linking 'C:\Users\Perijn\Documents\Git-projects\Robo-dagoe\firmware\platform\PSoC\PSoC-workspace\RobotDog.cydsn\codegentemp\RobotDog.v'.
Linking 'C:\Program Files (x86)\Cypress\PSoC Creator\4.4\PSoC Creator\psoc\content\CyPrimitives\cyprimitives.cylib\ZeroTerminal\ZeroTerminal.v'.
Linking 'C:\Users\Perijn\Documents\Git-projects\Robo-dagoe\firmware\platform\PSoC\PSoC-workspace\RobotDog.cydsn\bCORDIC\bCORDIC.v'.
Linking 'C:\Program Files (x86)\Cypress\PSoC Creator\4.4\PSoC Creator\warp\lib\common\cypress.v'.
Linking 'C:\Program Files (x86)\Cypress\PSoC Creator\4.4\PSoC Creator\warp\lib\common\cy_psoc3_inc.v'.
Linking 'C:\Program Files (x86)\Cypress\PSoC Creator\4.4\PSoC Creator\psoc\content\CyPrimitives\cyprimitives.cylib\CyStatusReg_v1_90\CyStatusReg_v1_90.v'.
Linking 'C:\Program Files (x86)\Cypress\PSoC Creator\4.4\PSoC Creator\psoc\content\CyPrimitives\cyprimitives.cylib\cy_constant_v1_0\cy_constant_v1_0.v'.
Linking 'C:\Program Files (x86)\Cypress\PSoC Creator\4.4\PSoC Creator\psoc\content\CyPrimitives\cyprimitives.cylib\cy_virtualmux_v1_0\cy_virtualmux_v1_0.v'.
Linking 'C:\Program Files (x86)\Cypress\PSoC Creator\4.4\PSoC Creator\psoc\content\CyPrimitives\cyprimitives.cylib\OneTerminal\OneTerminal.v'.
Linking 'C:\Program Files (x86)\Cypress\PSoC Creator\4.4\PSoC Creator\warp\lib\lcpsoc3\stdlogic\mod_cnst.vif'.
Linking 'C:\Program Files (x86)\Cypress\PSoC Creator\4.4\PSoC Creator\warp\lib\lcpsoc3\stdlogic\cpsoc3.vif'.

----------------------------------------------------------
Detecting unused logic.
----------------------------------------------------------
    User names
	\CAN:Net_31\
	\CAN:Net_30\
	\CORDIC:StatusIntReg_1:status_7\
	\CORDIC:core_init\
	\CORDIC:MODULE_1:b_31\
	\CORDIC:MODULE_1:b_30\
	\CORDIC:MODULE_1:b_29\
	\CORDIC:MODULE_1:b_28\
	\CORDIC:MODULE_1:b_27\
	\CORDIC:MODULE_1:b_26\
	\CORDIC:MODULE_1:b_25\
	\CORDIC:MODULE_1:b_24\
	\CORDIC:MODULE_1:b_23\
	\CORDIC:MODULE_1:b_22\
	\CORDIC:MODULE_1:b_21\
	\CORDIC:MODULE_1:b_20\
	\CORDIC:MODULE_1:b_19\
	\CORDIC:MODULE_1:b_18\
	\CORDIC:MODULE_1:b_17\
	\CORDIC:MODULE_1:b_16\
	\CORDIC:MODULE_1:b_15\
	\CORDIC:MODULE_1:b_14\
	\CORDIC:MODULE_1:b_13\
	\CORDIC:MODULE_1:b_12\
	\CORDIC:MODULE_1:b_11\
	\CORDIC:MODULE_1:b_10\
	\CORDIC:MODULE_1:b_9\
	\CORDIC:MODULE_1:b_8\
	\CORDIC:MODULE_1:b_7\
	\CORDIC:MODULE_1:b_6\
	\CORDIC:MODULE_1:b_5\
	\CORDIC:MODULE_1:b_4\
	\CORDIC:MODULE_1:b_3\
	\CORDIC:MODULE_1:b_2\
	\CORDIC:MODULE_1:b_1\
	\CORDIC:MODULE_1:b_0\
	\CORDIC:MODULE_1:g2:a0:a_31\
	\CORDIC:MODULE_1:g2:a0:a_30\
	\CORDIC:MODULE_1:g2:a0:a_29\
	\CORDIC:MODULE_1:g2:a0:a_28\
	\CORDIC:MODULE_1:g2:a0:a_27\
	\CORDIC:MODULE_1:g2:a0:a_26\
	\CORDIC:MODULE_1:g2:a0:a_25\
	\CORDIC:MODULE_1:g2:a0:a_24\
	\CORDIC:MODULE_1:g2:a0:b_31\
	\CORDIC:MODULE_1:g2:a0:b_30\
	\CORDIC:MODULE_1:g2:a0:b_29\
	\CORDIC:MODULE_1:g2:a0:b_28\
	\CORDIC:MODULE_1:g2:a0:b_27\
	\CORDIC:MODULE_1:g2:a0:b_26\
	\CORDIC:MODULE_1:g2:a0:b_25\
	\CORDIC:MODULE_1:g2:a0:b_24\
	\CORDIC:MODULE_1:g2:a0:b_23\
	\CORDIC:MODULE_1:g2:a0:b_22\
	\CORDIC:MODULE_1:g2:a0:b_21\
	\CORDIC:MODULE_1:g2:a0:b_20\
	\CORDIC:MODULE_1:g2:a0:b_19\
	\CORDIC:MODULE_1:g2:a0:b_18\
	\CORDIC:MODULE_1:g2:a0:b_17\
	\CORDIC:MODULE_1:g2:a0:b_16\
	\CORDIC:MODULE_1:g2:a0:b_15\
	\CORDIC:MODULE_1:g2:a0:b_14\
	\CORDIC:MODULE_1:g2:a0:b_13\
	\CORDIC:MODULE_1:g2:a0:b_12\
	\CORDIC:MODULE_1:g2:a0:b_11\
	\CORDIC:MODULE_1:g2:a0:b_10\
	\CORDIC:MODULE_1:g2:a0:b_9\
	\CORDIC:MODULE_1:g2:a0:b_8\
	\CORDIC:MODULE_1:g2:a0:b_7\
	\CORDIC:MODULE_1:g2:a0:b_6\
	\CORDIC:MODULE_1:g2:a0:b_5\
	\CORDIC:MODULE_1:g2:a0:b_4\
	\CORDIC:MODULE_1:g2:a0:b_3\
	\CORDIC:MODULE_1:g2:a0:b_2\
	\CORDIC:MODULE_1:g2:a0:b_1\
	\CORDIC:MODULE_1:g2:a0:b_0\
	\CORDIC:MODULE_1:g2:a0:s_31\
	\CORDIC:MODULE_1:g2:a0:s_30\
	\CORDIC:MODULE_1:g2:a0:s_29\
	\CORDIC:MODULE_1:g2:a0:s_28\
	\CORDIC:MODULE_1:g2:a0:s_27\
	\CORDIC:MODULE_1:g2:a0:s_26\
	\CORDIC:MODULE_1:g2:a0:s_25\
	\CORDIC:MODULE_1:g2:a0:s_24\
	\CORDIC:MODULE_1:g2:a0:s_23\
	\CORDIC:MODULE_1:g2:a0:s_22\
	\CORDIC:MODULE_1:g2:a0:s_21\
	\CORDIC:MODULE_1:g2:a0:s_20\
	\CORDIC:MODULE_1:g2:a0:s_19\
	\CORDIC:MODULE_1:g2:a0:s_18\
	\CORDIC:MODULE_1:g2:a0:s_17\
	\CORDIC:MODULE_1:g2:a0:s_16\
	\CORDIC:MODULE_1:g2:a0:s_15\
	\CORDIC:MODULE_1:g2:a0:s_14\
	\CORDIC:MODULE_1:g2:a0:s_13\
	\CORDIC:MODULE_1:g2:a0:s_12\
	\CORDIC:MODULE_1:g2:a0:s_11\
	\CORDIC:MODULE_1:g2:a0:s_10\
	\CORDIC:MODULE_1:g2:a0:s_9\
	\CORDIC:MODULE_1:g2:a0:s_8\
	\CORDIC:MODULE_1:g2:a0:s_7\
	\CORDIC:MODULE_1:g2:a0:s_6\
	\CORDIC:MODULE_1:g2:a0:s_5\
	\CORDIC:MODULE_1:g2:a0:s_4\
	\CORDIC:MODULE_1:g2:a0:s_3\
	\CORDIC:MODULE_1:g2:a0:g1:z1:s0:g1:u0:c_31\
	\CORDIC:MODULE_1:g2:a0:g1:z1:s0:g1:u0:c_30\
	\CORDIC:MODULE_1:g2:a0:g1:z1:s0:g1:u0:c_29\
	\CORDIC:MODULE_1:g2:a0:g1:z1:s0:g1:u0:c_28\
	\CORDIC:MODULE_1:g2:a0:g1:z1:s0:g1:u0:c_27\
	\CORDIC:MODULE_1:g2:a0:g1:z1:s0:g1:u0:c_26\
	\CORDIC:MODULE_1:g2:a0:g1:z1:s0:g1:u0:c_25\
	\CORDIC:MODULE_2:b_31\
	\CORDIC:MODULE_2:b_30\
	\CORDIC:MODULE_2:b_29\
	\CORDIC:MODULE_2:b_28\
	\CORDIC:MODULE_2:b_27\
	\CORDIC:MODULE_2:b_26\
	\CORDIC:MODULE_2:b_25\
	\CORDIC:MODULE_2:b_24\
	\CORDIC:MODULE_2:b_23\
	\CORDIC:MODULE_2:b_22\
	\CORDIC:MODULE_2:b_21\
	\CORDIC:MODULE_2:b_20\
	\CORDIC:MODULE_2:b_19\
	\CORDIC:MODULE_2:b_18\
	\CORDIC:MODULE_2:b_17\
	\CORDIC:MODULE_2:b_16\
	\CORDIC:MODULE_2:b_15\
	\CORDIC:MODULE_2:b_14\
	\CORDIC:MODULE_2:b_13\
	\CORDIC:MODULE_2:b_12\
	\CORDIC:MODULE_2:b_11\
	\CORDIC:MODULE_2:b_10\
	\CORDIC:MODULE_2:b_9\
	\CORDIC:MODULE_2:b_8\
	\CORDIC:MODULE_2:b_7\
	\CORDIC:MODULE_2:b_6\
	\CORDIC:MODULE_2:b_5\
	\CORDIC:MODULE_2:b_4\
	\CORDIC:MODULE_2:b_3\
	\CORDIC:MODULE_2:b_2\
	\CORDIC:MODULE_2:b_1\
	\CORDIC:MODULE_2:b_0\
	\CORDIC:MODULE_2:g2:a0:a_31\
	\CORDIC:MODULE_2:g2:a0:a_30\
	\CORDIC:MODULE_2:g2:a0:a_29\
	\CORDIC:MODULE_2:g2:a0:a_28\
	\CORDIC:MODULE_2:g2:a0:a_27\
	\CORDIC:MODULE_2:g2:a0:a_26\
	\CORDIC:MODULE_2:g2:a0:a_25\
	\CORDIC:MODULE_2:g2:a0:a_24\
	\CORDIC:MODULE_2:g2:a0:b_31\
	\CORDIC:MODULE_2:g2:a0:b_30\
	\CORDIC:MODULE_2:g2:a0:b_29\
	\CORDIC:MODULE_2:g2:a0:b_28\
	\CORDIC:MODULE_2:g2:a0:b_27\
	\CORDIC:MODULE_2:g2:a0:b_26\
	\CORDIC:MODULE_2:g2:a0:b_25\
	\CORDIC:MODULE_2:g2:a0:b_24\
	\CORDIC:MODULE_2:g2:a0:b_23\
	\CORDIC:MODULE_2:g2:a0:b_22\
	\CORDIC:MODULE_2:g2:a0:b_21\
	\CORDIC:MODULE_2:g2:a0:b_20\
	\CORDIC:MODULE_2:g2:a0:b_19\
	\CORDIC:MODULE_2:g2:a0:b_18\
	\CORDIC:MODULE_2:g2:a0:b_17\
	\CORDIC:MODULE_2:g2:a0:b_16\
	\CORDIC:MODULE_2:g2:a0:b_15\
	\CORDIC:MODULE_2:g2:a0:b_14\
	\CORDIC:MODULE_2:g2:a0:b_13\
	\CORDIC:MODULE_2:g2:a0:b_12\
	\CORDIC:MODULE_2:g2:a0:b_11\
	\CORDIC:MODULE_2:g2:a0:b_10\
	\CORDIC:MODULE_2:g2:a0:b_9\
	\CORDIC:MODULE_2:g2:a0:b_8\
	\CORDIC:MODULE_2:g2:a0:b_7\
	\CORDIC:MODULE_2:g2:a0:b_6\
	\CORDIC:MODULE_2:g2:a0:b_5\
	\CORDIC:MODULE_2:g2:a0:b_4\
	\CORDIC:MODULE_2:g2:a0:b_3\
	\CORDIC:MODULE_2:g2:a0:b_2\
	\CORDIC:MODULE_2:g2:a0:b_1\
	\CORDIC:MODULE_2:g2:a0:b_0\
	\CORDIC:MODULE_2:g2:a0:s_31\
	\CORDIC:MODULE_2:g2:a0:s_30\
	\CORDIC:MODULE_2:g2:a0:s_29\
	\CORDIC:MODULE_2:g2:a0:s_28\
	\CORDIC:MODULE_2:g2:a0:s_27\
	\CORDIC:MODULE_2:g2:a0:s_26\
	\CORDIC:MODULE_2:g2:a0:s_25\
	\CORDIC:MODULE_2:g2:a0:s_24\
	\CORDIC:MODULE_2:g2:a0:s_23\
	\CORDIC:MODULE_2:g2:a0:s_22\
	\CORDIC:MODULE_2:g2:a0:s_21\
	\CORDIC:MODULE_2:g2:a0:s_20\
	\CORDIC:MODULE_2:g2:a0:s_19\
	\CORDIC:MODULE_2:g2:a0:s_18\
	\CORDIC:MODULE_2:g2:a0:s_17\
	\CORDIC:MODULE_2:g2:a0:s_16\
	\CORDIC:MODULE_2:g2:a0:s_15\
	\CORDIC:MODULE_2:g2:a0:s_14\
	\CORDIC:MODULE_2:g2:a0:s_13\
	\CORDIC:MODULE_2:g2:a0:s_12\
	\CORDIC:MODULE_2:g2:a0:s_11\
	\CORDIC:MODULE_2:g2:a0:s_10\
	\CORDIC:MODULE_2:g2:a0:s_9\
	\CORDIC:MODULE_2:g2:a0:s_8\
	\CORDIC:MODULE_2:g2:a0:s_7\
	\CORDIC:MODULE_2:g2:a0:s_6\
	\CORDIC:MODULE_2:g2:a0:s_5\
	\CORDIC:MODULE_2:g2:a0:s_4\
	\CORDIC:MODULE_2:g2:a0:g1:z1:s0:g1:u0:c_31\
	\CORDIC:MODULE_2:g2:a0:g1:z1:s0:g1:u0:c_30\
	\CORDIC:MODULE_2:g2:a0:g1:z1:s0:g1:u0:c_29\
	\CORDIC:MODULE_2:g2:a0:g1:z1:s0:g1:u0:c_28\
	\CORDIC:MODULE_2:g2:a0:g1:z1:s0:g1:u0:c_27\
	\CORDIC:MODULE_2:g2:a0:g1:z1:s0:g1:u0:c_26\
	\CORDIC:MODULE_2:g2:a0:g1:z1:s0:g1:u0:c_25\
	\I2C_1:udb_clk\
	Net_45
	\I2C_1:Net_973\
	Net_47
	\I2C_1:Net_974\
	\I2C_1:timeout_clk\
	Net_48
	\I2C_1:Net_975\
	Net_51
	Net_53

    Synthesized names
	\CORDIC:add_vi_vv_MODGEN_1_31\
	\CORDIC:add_vi_vv_MODGEN_1_30\
	\CORDIC:add_vi_vv_MODGEN_1_29\
	\CORDIC:add_vi_vv_MODGEN_1_28\
	\CORDIC:add_vi_vv_MODGEN_1_27\
	\CORDIC:add_vi_vv_MODGEN_1_26\
	\CORDIC:add_vi_vv_MODGEN_1_25\
	\CORDIC:add_vi_vv_MODGEN_1_24\
	\CORDIC:add_vi_vv_MODGEN_1_23\
	\CORDIC:add_vi_vv_MODGEN_1_22\
	\CORDIC:add_vi_vv_MODGEN_1_21\
	\CORDIC:add_vi_vv_MODGEN_1_20\
	\CORDIC:add_vi_vv_MODGEN_1_19\
	\CORDIC:add_vi_vv_MODGEN_1_18\
	\CORDIC:add_vi_vv_MODGEN_1_17\
	\CORDIC:add_vi_vv_MODGEN_1_16\
	\CORDIC:add_vi_vv_MODGEN_1_15\
	\CORDIC:add_vi_vv_MODGEN_1_14\
	\CORDIC:add_vi_vv_MODGEN_1_13\
	\CORDIC:add_vi_vv_MODGEN_1_12\
	\CORDIC:add_vi_vv_MODGEN_1_11\
	\CORDIC:add_vi_vv_MODGEN_1_10\
	\CORDIC:add_vi_vv_MODGEN_1_9\
	\CORDIC:add_vi_vv_MODGEN_1_8\
	\CORDIC:add_vi_vv_MODGEN_1_7\
	\CORDIC:add_vi_vv_MODGEN_1_6\
	\CORDIC:add_vi_vv_MODGEN_1_5\
	\CORDIC:add_vi_vv_MODGEN_1_4\
	\CORDIC:add_vi_vv_MODGEN_1_3\
	\CORDIC:add_vi_vv_MODGEN_2_31\
	\CORDIC:add_vi_vv_MODGEN_2_30\
	\CORDIC:add_vi_vv_MODGEN_2_29\
	\CORDIC:add_vi_vv_MODGEN_2_28\
	\CORDIC:add_vi_vv_MODGEN_2_27\
	\CORDIC:add_vi_vv_MODGEN_2_26\
	\CORDIC:add_vi_vv_MODGEN_2_25\
	\CORDIC:add_vi_vv_MODGEN_2_24\
	\CORDIC:add_vi_vv_MODGEN_2_23\
	\CORDIC:add_vi_vv_MODGEN_2_22\
	\CORDIC:add_vi_vv_MODGEN_2_21\
	\CORDIC:add_vi_vv_MODGEN_2_20\
	\CORDIC:add_vi_vv_MODGEN_2_19\
	\CORDIC:add_vi_vv_MODGEN_2_18\
	\CORDIC:add_vi_vv_MODGEN_2_17\
	\CORDIC:add_vi_vv_MODGEN_2_16\
	\CORDIC:add_vi_vv_MODGEN_2_15\
	\CORDIC:add_vi_vv_MODGEN_2_14\
	\CORDIC:add_vi_vv_MODGEN_2_13\
	\CORDIC:add_vi_vv_MODGEN_2_12\
	\CORDIC:add_vi_vv_MODGEN_2_11\
	\CORDIC:add_vi_vv_MODGEN_2_10\
	\CORDIC:add_vi_vv_MODGEN_2_9\
	\CORDIC:add_vi_vv_MODGEN_2_8\
	\CORDIC:add_vi_vv_MODGEN_2_7\
	\CORDIC:add_vi_vv_MODGEN_2_6\
	\CORDIC:add_vi_vv_MODGEN_2_5\
	\CORDIC:add_vi_vv_MODGEN_2_4\

Deleted 229 User equations/components.
Deleted 57 Synthesized equations/components.

------------------------------------------------------
Alias Detection
------------------------------------------------------
Aliasing one to tmpOE__RX_1_net_0
Aliasing tmpOE__TX_1_net_0 to tmpOE__RX_1_net_0
Aliasing \CORDIC:hold_reset\ to zero
Aliasing \CORDIC:core_reset\ to zero
Aliasing \CORDIC:StatusIntReg_1_status1\ to zero
Aliasing \CORDIC:StatusIntReg_1_status2\ to zero
Aliasing \CORDIC:StatusIntReg_1_status3\ to zero
Aliasing \CORDIC:StatusIntReg_1_status4\ to zero
Aliasing \CORDIC:StatusIntReg_1_status5\ to zero
Aliasing \CORDIC:StatusIntReg_1_status6\ to zero
Aliasing Net_23 to tmpOE__RX_1_net_0
Aliasing Net_24 to zero
Aliasing \CORDIC:mystatus_7\ to zero
Aliasing \CORDIC:mystatus_6\ to zero
Aliasing \CORDIC:mystatus_5\ to zero
Aliasing \CORDIC:mystatus_2\ to \CORDIC:StatusIntReg_1_status0\
Aliasing \CORDIC:MODULE_1:g2:a0:a_23\ to zero
Aliasing \CORDIC:MODULE_1:g2:a0:a_22\ to zero
Aliasing \CORDIC:MODULE_1:g2:a0:a_21\ to zero
Aliasing \CORDIC:MODULE_1:g2:a0:a_20\ to zero
Aliasing \CORDIC:MODULE_1:g2:a0:a_19\ to zero
Aliasing \CORDIC:MODULE_1:g2:a0:a_18\ to zero
Aliasing \CORDIC:MODULE_1:g2:a0:a_17\ to zero
Aliasing \CORDIC:MODULE_1:g2:a0:a_16\ to zero
Aliasing \CORDIC:MODULE_1:g2:a0:a_15\ to zero
Aliasing \CORDIC:MODULE_1:g2:a0:a_14\ to zero
Aliasing \CORDIC:MODULE_1:g2:a0:a_13\ to zero
Aliasing \CORDIC:MODULE_1:g2:a0:a_12\ to zero
Aliasing \CORDIC:MODULE_1:g2:a0:a_11\ to zero
Aliasing \CORDIC:MODULE_1:g2:a0:a_10\ to zero
Aliasing \CORDIC:MODULE_1:g2:a0:a_9\ to zero
Aliasing \CORDIC:MODULE_1:g2:a0:a_8\ to zero
Aliasing \CORDIC:MODULE_1:g2:a0:a_7\ to zero
Aliasing \CORDIC:MODULE_1:g2:a0:a_6\ to zero
Aliasing \CORDIC:MODULE_1:g2:a0:a_5\ to zero
Aliasing \CORDIC:MODULE_1:g2:a0:a_4\ to zero
Aliasing \CORDIC:MODULE_1:g2:a0:a_3\ to zero
Aliasing \CORDIC:MODULE_1:g2:a0:g1:z1:s0:g1:u0:b_0\ to tmpOE__RX_1_net_0
Aliasing \CORDIC:MODULE_2:g2:a0:a_23\ to zero
Aliasing \CORDIC:MODULE_2:g2:a0:a_22\ to zero
Aliasing \CORDIC:MODULE_2:g2:a0:a_21\ to zero
Aliasing \CORDIC:MODULE_2:g2:a0:a_20\ to zero
Aliasing \CORDIC:MODULE_2:g2:a0:a_19\ to zero
Aliasing \CORDIC:MODULE_2:g2:a0:a_18\ to zero
Aliasing \CORDIC:MODULE_2:g2:a0:a_17\ to zero
Aliasing \CORDIC:MODULE_2:g2:a0:a_16\ to zero
Aliasing \CORDIC:MODULE_2:g2:a0:a_15\ to zero
Aliasing \CORDIC:MODULE_2:g2:a0:a_14\ to zero
Aliasing \CORDIC:MODULE_2:g2:a0:a_13\ to zero
Aliasing \CORDIC:MODULE_2:g2:a0:a_12\ to zero
Aliasing \CORDIC:MODULE_2:g2:a0:a_11\ to zero
Aliasing \CORDIC:MODULE_2:g2:a0:a_10\ to zero
Aliasing \CORDIC:MODULE_2:g2:a0:a_9\ to zero
Aliasing \CORDIC:MODULE_2:g2:a0:a_8\ to zero
Aliasing \CORDIC:MODULE_2:g2:a0:a_7\ to zero
Aliasing \CORDIC:MODULE_2:g2:a0:a_6\ to zero
Aliasing \CORDIC:MODULE_2:g2:a0:a_5\ to zero
Aliasing \CORDIC:MODULE_2:g2:a0:a_4\ to zero
Aliasing \CORDIC:MODULE_2:g2:a0:g1:z1:s0:g1:u0:b_0\ to tmpOE__RX_1_net_0
Aliasing tmpOE__SDA_1_net_0 to tmpOE__RX_1_net_0
Aliasing tmpOE__SCL_1_net_0 to tmpOE__RX_1_net_0
Aliasing \I2C_1:Net_969\ to tmpOE__RX_1_net_0
Aliasing \I2C_1:Net_968\ to tmpOE__RX_1_net_0
Aliasing \CORDIC:current_atan_15\\D\ to zero
Aliasing \CORDIC:current_atan_14\\D\ to zero
Removing Lhs of wire one[6] = tmpOE__RX_1_net_0[1]
Removing Lhs of wire tmpOE__TX_1_net_0[9] = tmpOE__RX_1_net_0[1]
Removing Lhs of wire \CORDIC:hold_reset\[28] = zero[2]
Removing Lhs of wire \CORDIC:core_reset\[29] = zero[2]
Removing Rhs of wire \CORDIC:load_out_fifo\[30] = \CORDIC:load_out\[31]
Removing Rhs of wire \CORDIC:z_pi_lsb_7\[32] = \CORDIC:z_pi_7\[33]
Removing Rhs of wire \CORDIC:z_pi_lsb_6\[34] = \CORDIC:z_pi_6\[35]
Removing Rhs of wire \CORDIC:z_pi_lsb_5\[36] = \CORDIC:z_pi_5\[37]
Removing Rhs of wire \CORDIC:z_pi_lsb_4\[38] = \CORDIC:z_pi_4\[39]
Removing Rhs of wire \CORDIC:z_pi_lsb_3\[40] = \CORDIC:z_pi_3\[41]
Removing Rhs of wire \CORDIC:z_pi_lsb_2\[42] = \CORDIC:z_pi_2\[43]
Removing Rhs of wire \CORDIC:z_pi_lsb_1\[44] = \CORDIC:z_pi_1\[45]
Removing Rhs of wire \CORDIC:z_pi_lsb_0\[46] = \CORDIC:z_pi_0\[47]
Removing Rhs of wire \CORDIC:z_pi_msb_7\[48] = \CORDIC:z_pi_15\[49]
Removing Rhs of wire \CORDIC:z_pi_msb_6\[50] = \CORDIC:z_pi_14\[51]
Removing Rhs of wire \CORDIC:z_pi_msb_5\[52] = \CORDIC:z_pi_13\[53]
Removing Rhs of wire \CORDIC:z_pi_msb_4\[54] = \CORDIC:z_pi_12\[55]
Removing Rhs of wire \CORDIC:z_pi_msb_3\[56] = \CORDIC:z_pi_11\[57]
Removing Rhs of wire \CORDIC:z_pi_msb_2\[58] = \CORDIC:z_pi_10\[59]
Removing Rhs of wire \CORDIC:z_pi_msb_1\[60] = \CORDIC:z_pi_9\[61]
Removing Rhs of wire \CORDIC:z_pi_msb_0\[62] = \CORDIC:z_pi_8\[63]
Removing Rhs of wire \CORDIC:y_pi_lsb_7\[64] = \CORDIC:dY_in_temp_7\[65]
Removing Rhs of wire \CORDIC:y_pi_lsb_6\[66] = \CORDIC:dY_in_temp_6\[67]
Removing Rhs of wire \CORDIC:y_pi_lsb_5\[68] = \CORDIC:dY_in_temp_5\[69]
Removing Rhs of wire \CORDIC:y_pi_lsb_4\[70] = \CORDIC:dY_in_temp_4\[71]
Removing Rhs of wire \CORDIC:y_pi_lsb_3\[72] = \CORDIC:dY_in_temp_3\[73]
Removing Rhs of wire \CORDIC:y_pi_lsb_2\[74] = \CORDIC:dY_in_temp_2\[75]
Removing Rhs of wire \CORDIC:y_pi_lsb_1\[76] = \CORDIC:dY_in_temp_1\[77]
Removing Rhs of wire \CORDIC:y_pi_lsb_0\[78] = \CORDIC:dY_in_temp_0\[79]
Removing Rhs of wire \CORDIC:y_pi_msb_7\[80] = \CORDIC:dY_in_temp_15\[81]
Removing Rhs of wire \CORDIC:y_pi_msb_6\[82] = \CORDIC:dY_in_temp_14\[83]
Removing Rhs of wire \CORDIC:y_pi_msb_5\[84] = \CORDIC:dY_in_temp_13\[85]
Removing Rhs of wire \CORDIC:y_pi_msb_4\[86] = \CORDIC:dY_in_temp_12\[87]
Removing Rhs of wire \CORDIC:y_pi_msb_3\[88] = \CORDIC:dY_in_temp_11\[89]
Removing Rhs of wire \CORDIC:y_pi_msb_2\[90] = \CORDIC:dY_in_temp_10\[91]
Removing Rhs of wire \CORDIC:y_pi_msb_1\[92] = \CORDIC:dY_in_temp_9\[93]
Removing Rhs of wire \CORDIC:y_pi_msb_0\[94] = \CORDIC:dY_in_temp_8\[95]
Removing Rhs of wire \CORDIC:x_pi_lsb_7\[96] = \CORDIC:dX_in_temp_7\[97]
Removing Rhs of wire \CORDIC:x_pi_lsb_6\[98] = \CORDIC:dX_in_temp_6\[99]
Removing Rhs of wire \CORDIC:x_pi_lsb_5\[100] = \CORDIC:dX_in_temp_5\[101]
Removing Rhs of wire \CORDIC:x_pi_lsb_4\[102] = \CORDIC:dX_in_temp_4\[103]
Removing Rhs of wire \CORDIC:x_pi_lsb_3\[104] = \CORDIC:dX_in_temp_3\[105]
Removing Rhs of wire \CORDIC:x_pi_lsb_2\[106] = \CORDIC:dX_in_temp_2\[107]
Removing Rhs of wire \CORDIC:x_pi_lsb_1\[108] = \CORDIC:dX_in_temp_1\[109]
Removing Rhs of wire \CORDIC:x_pi_lsb_0\[110] = \CORDIC:dX_in_temp_0\[111]
Removing Rhs of wire \CORDIC:x_pi_msb_7\[112] = \CORDIC:dX_in_temp_15\[113]
Removing Rhs of wire \CORDIC:x_pi_msb_6\[114] = \CORDIC:dX_in_temp_14\[115]
Removing Rhs of wire \CORDIC:x_pi_msb_5\[116] = \CORDIC:dX_in_temp_13\[117]
Removing Rhs of wire \CORDIC:x_pi_msb_4\[118] = \CORDIC:dX_in_temp_12\[119]
Removing Rhs of wire \CORDIC:x_pi_msb_3\[120] = \CORDIC:dX_in_temp_11\[121]
Removing Rhs of wire \CORDIC:x_pi_msb_2\[122] = \CORDIC:dX_in_temp_10\[123]
Removing Rhs of wire \CORDIC:x_pi_msb_1\[124] = \CORDIC:dX_in_temp_9\[125]
Removing Rhs of wire \CORDIC:x_pi_msb_0\[126] = \CORDIC:dX_in_temp_8\[127]
Removing Rhs of wire \CORDIC:StatusIntReg_1_status0\[131] = \CORDIC:cordic_done\[132]
Removing Lhs of wire \CORDIC:StatusIntReg_1_status1\[133] = zero[2]
Removing Lhs of wire \CORDIC:StatusIntReg_1_status2\[134] = zero[2]
Removing Lhs of wire \CORDIC:StatusIntReg_1_status3\[135] = zero[2]
Removing Lhs of wire \CORDIC:StatusIntReg_1_status4\[136] = zero[2]
Removing Lhs of wire \CORDIC:StatusIntReg_1_status5\[137] = zero[2]
Removing Lhs of wire \CORDIC:StatusIntReg_1_status6\[138] = zero[2]
Removing Lhs of wire \CORDIC:StatusIntReg_1:status_0\[139] = \CORDIC:StatusIntReg_1_status0\[131]
Removing Lhs of wire \CORDIC:StatusIntReg_1:status_1\[140] = zero[2]
Removing Lhs of wire \CORDIC:StatusIntReg_1:status_2\[141] = zero[2]
Removing Lhs of wire \CORDIC:StatusIntReg_1:status_3\[142] = zero[2]
Removing Lhs of wire \CORDIC:StatusIntReg_1:status_4\[143] = zero[2]
Removing Lhs of wire \CORDIC:StatusIntReg_1:status_5\[144] = zero[2]
Removing Lhs of wire \CORDIC:StatusIntReg_1:status_6\[145] = zero[2]
Removing Lhs of wire Net_23[179] = tmpOE__RX_1_net_0[1]
Removing Lhs of wire Net_24[181] = zero[2]
Removing Lhs of wire \CORDIC:mystatus_7\[185] = zero[2]
Removing Lhs of wire \CORDIC:mystatus_6\[186] = zero[2]
Removing Lhs of wire \CORDIC:mystatus_5\[187] = zero[2]
Removing Lhs of wire \CORDIC:mystatus_2\[190] = \CORDIC:StatusIntReg_1_status0\[131]
Removing Lhs of wire \CORDIC:mystatus_0\[192] = zero[2]
Removing Lhs of wire \CORDIC:add_vi_vv_MODGEN_2_3\[196] = \CORDIC:MODULE_2:g2:a0:s_3\[681]
Removing Lhs of wire \CORDIC:add_vi_vv_MODGEN_2_2\[197] = \CORDIC:MODULE_2:g2:a0:s_2\[682]
Removing Lhs of wire \CORDIC:add_vi_vv_MODGEN_2_1\[198] = \CORDIC:MODULE_2:g2:a0:s_1\[683]
Removing Lhs of wire \CORDIC:add_vi_vv_MODGEN_2_0\[199] = \CORDIC:MODULE_2:g2:a0:s_0\[684]
Removing Lhs of wire \CORDIC:add_vi_vv_MODGEN_1_2\[202] = \CORDIC:MODULE_1:g2:a0:s_2\[483]
Removing Lhs of wire \CORDIC:add_vi_vv_MODGEN_1_1\[204] = \CORDIC:MODULE_1:g2:a0:s_1\[484]
Removing Lhs of wire \CORDIC:add_vi_vv_MODGEN_1_0\[206] = \CORDIC:MODULE_1:g2:a0:s_0\[485]
Removing Lhs of wire \CORDIC:MODULE_1:g2:a0:a_23\[366] = zero[2]
Removing Lhs of wire \CORDIC:MODULE_1:g2:a0:a_22\[367] = zero[2]
Removing Lhs of wire \CORDIC:MODULE_1:g2:a0:a_21\[368] = zero[2]
Removing Lhs of wire \CORDIC:MODULE_1:g2:a0:a_20\[369] = zero[2]
Removing Lhs of wire \CORDIC:MODULE_1:g2:a0:a_19\[370] = zero[2]
Removing Lhs of wire \CORDIC:MODULE_1:g2:a0:a_18\[371] = zero[2]
Removing Lhs of wire \CORDIC:MODULE_1:g2:a0:a_17\[372] = zero[2]
Removing Lhs of wire \CORDIC:MODULE_1:g2:a0:a_16\[373] = zero[2]
Removing Lhs of wire \CORDIC:MODULE_1:g2:a0:a_15\[374] = zero[2]
Removing Lhs of wire \CORDIC:MODULE_1:g2:a0:a_14\[375] = zero[2]
Removing Lhs of wire \CORDIC:MODULE_1:g2:a0:a_13\[376] = zero[2]
Removing Lhs of wire \CORDIC:MODULE_1:g2:a0:a_12\[377] = zero[2]
Removing Lhs of wire \CORDIC:MODULE_1:g2:a0:a_11\[378] = zero[2]
Removing Lhs of wire \CORDIC:MODULE_1:g2:a0:a_10\[379] = zero[2]
Removing Lhs of wire \CORDIC:MODULE_1:g2:a0:a_9\[380] = zero[2]
Removing Lhs of wire \CORDIC:MODULE_1:g2:a0:a_8\[381] = zero[2]
Removing Lhs of wire \CORDIC:MODULE_1:g2:a0:a_7\[382] = zero[2]
Removing Lhs of wire \CORDIC:MODULE_1:g2:a0:a_6\[383] = zero[2]
Removing Lhs of wire \CORDIC:MODULE_1:g2:a0:a_5\[384] = zero[2]
Removing Lhs of wire \CORDIC:MODULE_1:g2:a0:a_4\[385] = zero[2]
Removing Lhs of wire \CORDIC:MODULE_1:g2:a0:a_3\[386] = zero[2]
Removing Lhs of wire \CORDIC:MODULE_1:g2:a0:a_2\[387] = \CORDIC:MODIN1_2\[388]
Removing Lhs of wire \CORDIC:MODIN1_2\[388] = \CORDIC:core_state_2\[200]
Removing Lhs of wire \CORDIC:MODULE_1:g2:a0:a_1\[389] = \CORDIC:MODIN1_1\[390]
Removing Lhs of wire \CORDIC:MODIN1_1\[390] = \CORDIC:core_state_1\[203]
Removing Lhs of wire \CORDIC:MODULE_1:g2:a0:a_0\[391] = \CORDIC:MODIN1_0\[392]
Removing Lhs of wire \CORDIC:MODIN1_0\[392] = \CORDIC:core_state_0\[205]
Removing Lhs of wire \CORDIC:MODULE_1:g2:a0:g1:z1:s0:g1:u0:c_0\[523] = tmpOE__RX_1_net_0[1]
Removing Lhs of wire \CORDIC:MODULE_1:g2:a0:g1:z1:s0:g1:u0:b_0\[524] = tmpOE__RX_1_net_0[1]
Removing Lhs of wire \CORDIC:MODULE_2:g2:a0:a_23\[565] = zero[2]
Removing Lhs of wire \CORDIC:MODULE_2:g2:a0:a_22\[566] = zero[2]
Removing Lhs of wire \CORDIC:MODULE_2:g2:a0:a_21\[567] = zero[2]
Removing Lhs of wire \CORDIC:MODULE_2:g2:a0:a_20\[568] = zero[2]
Removing Lhs of wire \CORDIC:MODULE_2:g2:a0:a_19\[569] = zero[2]
Removing Lhs of wire \CORDIC:MODULE_2:g2:a0:a_18\[570] = zero[2]
Removing Lhs of wire \CORDIC:MODULE_2:g2:a0:a_17\[571] = zero[2]
Removing Lhs of wire \CORDIC:MODULE_2:g2:a0:a_16\[572] = zero[2]
Removing Lhs of wire \CORDIC:MODULE_2:g2:a0:a_15\[573] = zero[2]
Removing Lhs of wire \CORDIC:MODULE_2:g2:a0:a_14\[574] = zero[2]
Removing Lhs of wire \CORDIC:MODULE_2:g2:a0:a_13\[575] = zero[2]
Removing Lhs of wire \CORDIC:MODULE_2:g2:a0:a_12\[576] = zero[2]
Removing Lhs of wire \CORDIC:MODULE_2:g2:a0:a_11\[577] = zero[2]
Removing Lhs of wire \CORDIC:MODULE_2:g2:a0:a_10\[578] = zero[2]
Removing Lhs of wire \CORDIC:MODULE_2:g2:a0:a_9\[579] = zero[2]
Removing Lhs of wire \CORDIC:MODULE_2:g2:a0:a_8\[580] = zero[2]
Removing Lhs of wire \CORDIC:MODULE_2:g2:a0:a_7\[581] = zero[2]
Removing Lhs of wire \CORDIC:MODULE_2:g2:a0:a_6\[582] = zero[2]
Removing Lhs of wire \CORDIC:MODULE_2:g2:a0:a_5\[583] = zero[2]
Removing Lhs of wire \CORDIC:MODULE_2:g2:a0:a_4\[584] = zero[2]
Removing Lhs of wire \CORDIC:MODULE_2:g2:a0:a_3\[585] = \CORDIC:MODIN2_3\[586]
Removing Lhs of wire \CORDIC:MODIN2_3\[586] = \CORDIC:iter_3\[150]
Removing Lhs of wire \CORDIC:MODULE_2:g2:a0:a_2\[587] = \CORDIC:MODIN2_2\[588]
Removing Lhs of wire \CORDIC:MODIN2_2\[588] = \CORDIC:iter_2\[151]
Removing Lhs of wire \CORDIC:MODULE_2:g2:a0:a_1\[589] = \CORDIC:MODIN2_1\[590]
Removing Lhs of wire \CORDIC:MODIN2_1\[590] = \CORDIC:iter_1\[152]
Removing Lhs of wire \CORDIC:MODULE_2:g2:a0:a_0\[591] = \CORDIC:MODIN2_0\[592]
Removing Lhs of wire \CORDIC:MODIN2_0\[592] = \CORDIC:iter_0\[153]
Removing Lhs of wire \CORDIC:MODULE_2:g2:a0:g1:z1:s0:g1:u0:c_0\[722] = tmpOE__RX_1_net_0[1]
Removing Lhs of wire \CORDIC:MODULE_2:g2:a0:g1:z1:s0:g1:u0:b_0\[723] = tmpOE__RX_1_net_0[1]
Removing Lhs of wire tmpOE__SDA_1_net_0[727] = tmpOE__RX_1_net_0[1]
Removing Lhs of wire tmpOE__SCL_1_net_0[733] = tmpOE__RX_1_net_0[1]
Removing Rhs of wire \I2C_1:sda_x_wire\[738] = \I2C_1:Net_643_1\[739]
Removing Rhs of wire \I2C_1:Net_697\[741] = \I2C_1:Net_643_2\[747]
Removing Rhs of wire \I2C_1:Net_1109_0\[744] = \I2C_1:scl_yfb\[757]
Removing Rhs of wire \I2C_1:Net_1109_1\[745] = \I2C_1:sda_yfb\[758]
Removing Lhs of wire \I2C_1:scl_x_wire\[748] = \I2C_1:Net_643_0\[746]
Removing Lhs of wire \I2C_1:Net_969\[749] = tmpOE__RX_1_net_0[1]
Removing Lhs of wire \I2C_1:Net_968\[750] = tmpOE__RX_1_net_0[1]
Removing Lhs of wire \I2C_1:tmpOE__Bufoe_scl_net_0\[760] = tmpOE__RX_1_net_0[1]
Removing Lhs of wire \I2C_1:tmpOE__Bufoe_sda_net_0\[762] = tmpOE__RX_1_net_0[1]
Removing Lhs of wire \CORDIC:z_pi_7\\D\[769] = \CORDIC:current_atan_7\[161]
Removing Lhs of wire \CORDIC:z_pi_6\\D\[770] = \CORDIC:current_atan_6\[162]
Removing Lhs of wire \CORDIC:z_pi_5\\D\[771] = \CORDIC:current_atan_5\[163]
Removing Lhs of wire \CORDIC:z_pi_4\\D\[772] = \CORDIC:current_atan_4\[164]
Removing Lhs of wire \CORDIC:z_pi_3\\D\[773] = \CORDIC:current_atan_3\[165]
Removing Lhs of wire \CORDIC:z_pi_2\\D\[774] = \CORDIC:current_atan_2\[166]
Removing Lhs of wire \CORDIC:z_pi_1\\D\[775] = \CORDIC:current_atan_1\[167]
Removing Lhs of wire \CORDIC:z_pi_0\\D\[776] = \CORDIC:current_atan_0\[168]
Removing Lhs of wire \CORDIC:z_pi_15\\D\[777] = \CORDIC:current_atan_15\[149]
Removing Lhs of wire \CORDIC:z_pi_14\\D\[778] = \CORDIC:current_atan_14\[154]
Removing Lhs of wire \CORDIC:z_pi_13\\D\[779] = \CORDIC:current_atan_13\[155]
Removing Lhs of wire \CORDIC:z_pi_12\\D\[780] = \CORDIC:current_atan_12\[156]
Removing Lhs of wire \CORDIC:z_pi_11\\D\[781] = \CORDIC:current_atan_11\[157]
Removing Lhs of wire \CORDIC:z_pi_10\\D\[782] = \CORDIC:current_atan_10\[158]
Removing Lhs of wire \CORDIC:z_pi_9\\D\[783] = \CORDIC:current_atan_9\[159]
Removing Lhs of wire \CORDIC:z_pi_8\\D\[784] = \CORDIC:current_atan_8\[160]
Removing Lhs of wire \CORDIC:current_atan_15\\D\[818] = zero[2]
Removing Lhs of wire \CORDIC:current_atan_14\\D\[823] = zero[2]
Removing Lhs of wire \CORDIC:cordic_enable_buf\\D\[838] = \CORDIC:cordic_enable\[178]

------------------------------------------------------
Aliased 0 equations, 170 wires.
------------------------------------------------------

----------------------------------------------------------
Circuit simplification
----------------------------------------------------------

Substituting virtuals - pass 1:

Note:  Expanding virtual equation for 'tmpOE__RX_1_net_0' (cost = 0):
tmpOE__RX_1_net_0 <=  ('1') ;

Note:  Expanding virtual equation for 'zero' (cost = 0):
zero <=  ('0') ;

Note:  Virtual signal \CORDIC:fifo_ready\ with ( cost: 208 or cost_inv: 4)  > 90 or with size: 1 > 102 has been made a (soft) node.
\CORDIC:fifo_ready\ <= ((not \CORDIC:F0_x_lsb_empty\ and not \CORDIC:F0_x_msb_empty\ and not \CORDIC:F0_y_lsb_empty\ and not \CORDIC:F0_y_msb_empty\));

Note:  Expanding virtual equation for '\CORDIC:cordic_enable\' (cost = 0):
\CORDIC:cordic_enable\ <=  ('1') ;

Note:  Expanding virtual equation for '\CORDIC:cordic_reset\' (cost = 0):
\CORDIC:cordic_reset\ <= (\CORDIC:ctrl_2\);

Note:  Expanding virtual equation for '\CORDIC:MODULE_1:g2:a0:g1:z1:s0:g1:u0:c_1\' (cost = 0):
\CORDIC:MODULE_1:g2:a0:g1:z1:s0:g1:u0:c_1\ <= (\CORDIC:core_state_0\);

Note:  Expanding virtual equation for '\CORDIC:MODULE_1:g2:a0:s_0\' (cost = 0):
\CORDIC:MODULE_1:g2:a0:s_0\ <= (not \CORDIC:core_state_0\);

Note:  Expanding virtual equation for '\CORDIC:MODULE_1:g2:a0:g1:z1:s0:g1:u0:c_17\' (cost = 0):
\CORDIC:MODULE_1:g2:a0:g1:z1:s0:g1:u0:c_17\ <=  ('0') ;

Note:  Expanding virtual equation for '\CORDIC:MODULE_1:g2:a0:g1:z1:s0:g1:u0:c_9\' (cost = 0):
\CORDIC:MODULE_1:g2:a0:g1:z1:s0:g1:u0:c_9\ <=  ('0') ;

Note:  Expanding virtual equation for '\CORDIC:MODULE_2:g2:a0:g1:z1:s0:g1:u0:c_1\' (cost = 0):
\CORDIC:MODULE_2:g2:a0:g1:z1:s0:g1:u0:c_1\ <= (\CORDIC:iter_0\);

Note:  Expanding virtual equation for '\CORDIC:MODULE_2:g2:a0:s_0\' (cost = 0):
\CORDIC:MODULE_2:g2:a0:s_0\ <= (not \CORDIC:iter_0\);

Note:  Expanding virtual equation for '\CORDIC:MODULE_2:g2:a0:g1:z1:s0:g1:u0:c_17\' (cost = 0):
\CORDIC:MODULE_2:g2:a0:g1:z1:s0:g1:u0:c_17\ <=  ('0') ;

Note:  Expanding virtual equation for '\CORDIC:MODULE_2:g2:a0:g1:z1:s0:g1:u0:c_9\' (cost = 0):
\CORDIC:MODULE_2:g2:a0:g1:z1:s0:g1:u0:c_9\ <=  ('0') ;


Substituting virtuals - pass 2:

Note:  Expanding virtual equation for '\CORDIC:MODULE_1:g2:a0:g1:z1:s0:g1:u0:c_2\' (cost = 4):
\CORDIC:MODULE_1:g2:a0:g1:z1:s0:g1:u0:c_2\ <= ((\CORDIC:core_state_1\ and \CORDIC:core_state_0\));

Note:  Expanding virtual equation for '\CORDIC:MODULE_1:g2:a0:s_1\' (cost = 2):
\CORDIC:MODULE_1:g2:a0:s_1\ <= ((not \CORDIC:core_state_0\ and \CORDIC:core_state_1\)
	OR (not \CORDIC:core_state_1\ and \CORDIC:core_state_0\));

Note:  Expanding virtual equation for '\CORDIC:MODULE_1:g2:a0:g1:z1:s0:g1:u0:c_18\' (cost = 0):
\CORDIC:MODULE_1:g2:a0:g1:z1:s0:g1:u0:c_18\ <=  ('0') ;

Note:  Expanding virtual equation for '\CORDIC:MODULE_1:g2:a0:g1:z1:s0:g1:u0:c_10\' (cost = 0):
\CORDIC:MODULE_1:g2:a0:g1:z1:s0:g1:u0:c_10\ <=  ('0') ;

Note:  Expanding virtual equation for '\CORDIC:MODULE_1:g2:a0:g1:z1:s0:g1:u0:c_3\' (cost = 0):
\CORDIC:MODULE_1:g2:a0:g1:z1:s0:g1:u0:c_3\ <= ((\CORDIC:core_state_2\ and \CORDIC:core_state_1\ and \CORDIC:core_state_0\));

Note:  Expanding virtual equation for '\CORDIC:MODULE_2:g2:a0:g1:z1:s0:g1:u0:c_2\' (cost = 4):
\CORDIC:MODULE_2:g2:a0:g1:z1:s0:g1:u0:c_2\ <= ((\CORDIC:iter_1\ and \CORDIC:iter_0\));

Note:  Expanding virtual equation for '\CORDIC:MODULE_2:g2:a0:s_1\' (cost = 2):
\CORDIC:MODULE_2:g2:a0:s_1\ <= ((not \CORDIC:iter_0\ and \CORDIC:iter_1\)
	OR (not \CORDIC:iter_1\ and \CORDIC:iter_0\));

Note:  Expanding virtual equation for '\CORDIC:MODULE_2:g2:a0:g1:z1:s0:g1:u0:c_18\' (cost = 0):
\CORDIC:MODULE_2:g2:a0:g1:z1:s0:g1:u0:c_18\ <=  ('0') ;

Note:  Expanding virtual equation for '\CORDIC:MODULE_2:g2:a0:g1:z1:s0:g1:u0:c_10\' (cost = 0):
\CORDIC:MODULE_2:g2:a0:g1:z1:s0:g1:u0:c_10\ <=  ('0') ;


Substituting virtuals - pass 3:

Note:  Expanding virtual equation for '\CORDIC:MODULE_1:g2:a0:s_2\' (cost = 3):
\CORDIC:MODULE_1:g2:a0:s_2\ <= ((not \CORDIC:core_state_1\ and \CORDIC:core_state_2\)
	OR (not \CORDIC:core_state_0\ and \CORDIC:core_state_2\)
	OR (not \CORDIC:core_state_2\ and \CORDIC:core_state_1\ and \CORDIC:core_state_0\));

Note:  Expanding virtual equation for '\CORDIC:MODULE_1:g2:a0:g1:z1:s0:g1:u0:c_19\' (cost = 0):
\CORDIC:MODULE_1:g2:a0:g1:z1:s0:g1:u0:c_19\ <=  ('0') ;

Note:  Expanding virtual equation for '\CORDIC:MODULE_1:g2:a0:g1:z1:s0:g1:u0:c_11\' (cost = 0):
\CORDIC:MODULE_1:g2:a0:g1:z1:s0:g1:u0:c_11\ <=  ('0') ;

Note:  Expanding virtual equation for '\CORDIC:MODULE_1:g2:a0:g1:z1:s0:g1:u0:c_4\' (cost = 0):
\CORDIC:MODULE_1:g2:a0:g1:z1:s0:g1:u0:c_4\ <=  ('0') ;

Note:  Expanding virtual equation for '\CORDIC:MODULE_2:g2:a0:g1:z1:s0:g1:u0:c_3\' (cost = 5):
\CORDIC:MODULE_2:g2:a0:g1:z1:s0:g1:u0:c_3\ <= ((\CORDIC:iter_2\ and \CORDIC:iter_1\ and \CORDIC:iter_0\));

Note:  Expanding virtual equation for '\CORDIC:MODULE_2:g2:a0:s_2\' (cost = 3):
\CORDIC:MODULE_2:g2:a0:s_2\ <= ((not \CORDIC:iter_1\ and \CORDIC:iter_2\)
	OR (not \CORDIC:iter_0\ and \CORDIC:iter_2\)
	OR (not \CORDIC:iter_2\ and \CORDIC:iter_1\ and \CORDIC:iter_0\));

Note:  Expanding virtual equation for '\CORDIC:MODULE_2:g2:a0:g1:z1:s0:g1:u0:c_19\' (cost = 0):
\CORDIC:MODULE_2:g2:a0:g1:z1:s0:g1:u0:c_19\ <=  ('0') ;

Note:  Expanding virtual equation for '\CORDIC:MODULE_2:g2:a0:g1:z1:s0:g1:u0:c_11\' (cost = 0):
\CORDIC:MODULE_2:g2:a0:g1:z1:s0:g1:u0:c_11\ <=  ('0') ;

Note:  Expanding virtual equation for '\CORDIC:MODULE_2:g2:a0:g1:z1:s0:g1:u0:c_4\' (cost = 0):
\CORDIC:MODULE_2:g2:a0:g1:z1:s0:g1:u0:c_4\ <= ((\CORDIC:iter_3\ and \CORDIC:iter_2\ and \CORDIC:iter_1\ and \CORDIC:iter_0\));


Substituting virtuals - pass 4:

Note:  Expanding virtual equation for '\CORDIC:MODULE_1:g2:a0:g1:z1:s0:g1:u0:c_20\' (cost = 0):
\CORDIC:MODULE_1:g2:a0:g1:z1:s0:g1:u0:c_20\ <=  ('0') ;

Note:  Expanding virtual equation for '\CORDIC:MODULE_1:g2:a0:g1:z1:s0:g1:u0:c_12\' (cost = 0):
\CORDIC:MODULE_1:g2:a0:g1:z1:s0:g1:u0:c_12\ <=  ('0') ;

Note:  Expanding virtual equation for '\CORDIC:MODULE_1:g2:a0:g1:z1:s0:g1:u0:c_5\' (cost = 0):
\CORDIC:MODULE_1:g2:a0:g1:z1:s0:g1:u0:c_5\ <=  ('0') ;

Note:  Expanding virtual equation for '\CORDIC:MODULE_2:g2:a0:s_3\' (cost = 4):
\CORDIC:MODULE_2:g2:a0:s_3\ <= ((not \CORDIC:iter_2\ and \CORDIC:iter_3\)
	OR (not \CORDIC:iter_1\ and \CORDIC:iter_3\)
	OR (not \CORDIC:iter_0\ and \CORDIC:iter_3\)
	OR (not \CORDIC:iter_3\ and \CORDIC:iter_2\ and \CORDIC:iter_1\ and \CORDIC:iter_0\));

Note:  Expanding virtual equation for '\CORDIC:MODULE_2:g2:a0:g1:z1:s0:g1:u0:c_20\' (cost = 0):
\CORDIC:MODULE_2:g2:a0:g1:z1:s0:g1:u0:c_20\ <=  ('0') ;

Note:  Expanding virtual equation for '\CORDIC:MODULE_2:g2:a0:g1:z1:s0:g1:u0:c_12\' (cost = 0):
\CORDIC:MODULE_2:g2:a0:g1:z1:s0:g1:u0:c_12\ <=  ('0') ;

Note:  Expanding virtual equation for '\CORDIC:MODULE_2:g2:a0:g1:z1:s0:g1:u0:c_5\' (cost = 0):
\CORDIC:MODULE_2:g2:a0:g1:z1:s0:g1:u0:c_5\ <=  ('0') ;


Substituting virtuals - pass 5:

Note:  Expanding virtual equation for '\CORDIC:MODULE_1:g2:a0:g1:z1:s0:g1:u0:c_21\' (cost = 0):
\CORDIC:MODULE_1:g2:a0:g1:z1:s0:g1:u0:c_21\ <=  ('0') ;

Note:  Expanding virtual equation for '\CORDIC:MODULE_1:g2:a0:g1:z1:s0:g1:u0:c_13\' (cost = 0):
\CORDIC:MODULE_1:g2:a0:g1:z1:s0:g1:u0:c_13\ <=  ('0') ;

Note:  Expanding virtual equation for '\CORDIC:MODULE_1:g2:a0:g1:z1:s0:g1:u0:c_6\' (cost = 0):
\CORDIC:MODULE_1:g2:a0:g1:z1:s0:g1:u0:c_6\ <=  ('0') ;

Note:  Expanding virtual equation for '\CORDIC:MODULE_2:g2:a0:g1:z1:s0:g1:u0:c_21\' (cost = 0):
\CORDIC:MODULE_2:g2:a0:g1:z1:s0:g1:u0:c_21\ <=  ('0') ;

Note:  Expanding virtual equation for '\CORDIC:MODULE_2:g2:a0:g1:z1:s0:g1:u0:c_13\' (cost = 0):
\CORDIC:MODULE_2:g2:a0:g1:z1:s0:g1:u0:c_13\ <=  ('0') ;

Note:  Expanding virtual equation for '\CORDIC:MODULE_2:g2:a0:g1:z1:s0:g1:u0:c_6\' (cost = 0):
\CORDIC:MODULE_2:g2:a0:g1:z1:s0:g1:u0:c_6\ <=  ('0') ;


Substituting virtuals - pass 6:

Note:  Expanding virtual equation for '\CORDIC:MODULE_1:g2:a0:g1:z1:s0:g1:u0:c_22\' (cost = 0):
\CORDIC:MODULE_1:g2:a0:g1:z1:s0:g1:u0:c_22\ <=  ('0') ;

Note:  Expanding virtual equation for '\CORDIC:MODULE_1:g2:a0:g1:z1:s0:g1:u0:c_14\' (cost = 0):
\CORDIC:MODULE_1:g2:a0:g1:z1:s0:g1:u0:c_14\ <=  ('0') ;

Note:  Expanding virtual equation for '\CORDIC:MODULE_1:g2:a0:g1:z1:s0:g1:u0:c_7\' (cost = 0):
\CORDIC:MODULE_1:g2:a0:g1:z1:s0:g1:u0:c_7\ <=  ('0') ;

Note:  Expanding virtual equation for '\CORDIC:MODULE_2:g2:a0:g1:z1:s0:g1:u0:c_22\' (cost = 0):
\CORDIC:MODULE_2:g2:a0:g1:z1:s0:g1:u0:c_22\ <=  ('0') ;

Note:  Expanding virtual equation for '\CORDIC:MODULE_2:g2:a0:g1:z1:s0:g1:u0:c_14\' (cost = 0):
\CORDIC:MODULE_2:g2:a0:g1:z1:s0:g1:u0:c_14\ <=  ('0') ;

Note:  Expanding virtual equation for '\CORDIC:MODULE_2:g2:a0:g1:z1:s0:g1:u0:c_7\' (cost = 0):
\CORDIC:MODULE_2:g2:a0:g1:z1:s0:g1:u0:c_7\ <=  ('0') ;


Substituting virtuals - pass 7:

Note:  Expanding virtual equation for '\CORDIC:MODULE_1:g2:a0:g1:z1:s0:g1:u0:c_23\' (cost = 0):
\CORDIC:MODULE_1:g2:a0:g1:z1:s0:g1:u0:c_23\ <=  ('0') ;

Note:  Expanding virtual equation for '\CORDIC:MODULE_1:g2:a0:g1:z1:s0:g1:u0:c_15\' (cost = 0):
\CORDIC:MODULE_1:g2:a0:g1:z1:s0:g1:u0:c_15\ <=  ('0') ;

Note:  Expanding virtual equation for '\CORDIC:MODULE_2:g2:a0:g1:z1:s0:g1:u0:c_23\' (cost = 0):
\CORDIC:MODULE_2:g2:a0:g1:z1:s0:g1:u0:c_23\ <=  ('0') ;

Note:  Expanding virtual equation for '\CORDIC:MODULE_2:g2:a0:g1:z1:s0:g1:u0:c_15\' (cost = 0):
\CORDIC:MODULE_2:g2:a0:g1:z1:s0:g1:u0:c_15\ <=  ('0') ;


Substituting virtuals - pass 8:


----------------------------------------------------------
Circuit simplification results:

	Expanded 53 signals.
	Turned 1 signals into soft nodes.
	Maximum default expansion cost was set at 3.
----------------------------------------------------------

------------------------------------------------------
Alias Detection
------------------------------------------------------
Aliasing \CORDIC:cordic_enable\ to tmpOE__RX_1_net_0
Aliasing \CORDIC:MODULE_1:g2:a0:g1:z1:s0:g1:u0:b_24\ to zero
Aliasing \CORDIC:MODULE_1:g2:a0:g1:z1:s0:g1:u0:b_16\ to zero
Aliasing \CORDIC:MODULE_1:g2:a0:g1:z1:s0:g1:u0:b_8\ to zero
Aliasing \CORDIC:MODULE_2:g2:a0:g1:z1:s0:g1:u0:b_24\ to zero
Aliasing \CORDIC:MODULE_2:g2:a0:g1:z1:s0:g1:u0:b_16\ to zero
Aliasing \CORDIC:MODULE_2:g2:a0:g1:z1:s0:g1:u0:b_8\ to zero
Removing Lhs of wire \CORDIC:cordic_enable\[178] = tmpOE__RX_1_net_0[1]
Removing Lhs of wire \CORDIC:MODULE_1:g2:a0:g1:z1:s0:g1:u0:b_24\[494] = zero[2]
Removing Lhs of wire \CORDIC:MODULE_1:g2:a0:g1:z1:s0:g1:u0:b_16\[504] = zero[2]
Removing Lhs of wire \CORDIC:MODULE_1:g2:a0:g1:z1:s0:g1:u0:b_8\[514] = zero[2]
Removing Lhs of wire \CORDIC:MODULE_2:g2:a0:g1:z1:s0:g1:u0:b_24\[693] = zero[2]
Removing Lhs of wire \CORDIC:MODULE_2:g2:a0:g1:z1:s0:g1:u0:b_16\[703] = zero[2]
Removing Lhs of wire \CORDIC:MODULE_2:g2:a0:g1:z1:s0:g1:u0:b_8\[713] = zero[2]

------------------------------------------------------
Aliased 0 equations, 7 wires.
------------------------------------------------------

----------------------------------------------------------
Circuit simplification
----------------------------------------------------------

Eliminating unused logic - pass 1:


Eliminating unused logic - pass 2:


Substituting virtuals - pass 1:


----------------------------------------------------------
Circuit simplification results:

	Expanded 0 signals.
	Turned 0 signals into soft nodes.
	Maximum default expansion cost was set at 3.
----------------------------------------------------------

topld:  No errors.

CYPRESS_DIR    : C:\Program Files (x86)\Cypress\PSoC Creator\4.4\PSoC Creator\warp
Warp Program   : C:\Program Files (x86)\Cypress\PSoC Creator\4.4\PSoC Creator\warp\bin\warp.exe
Warp Arguments : -yv2 -q10 -ygs -o2 -v3 -.fftcfgtype=LE -ya -.fftprj=C:\Users\Perijn\Documents\Git-projects\Robo-dagoe\firmware\platform\PSoC\PSoC-workspace\RobotDog.cydsn\RobotDog.cyprj -dcpsoc3 RobotDog.v -verilog
</CYPRESSTAG>
Warp synthesis phase: Elapsed time ==> 0s.532ms
<CYPRESSTAG name="Fitter results...">
<CYPRESSTAG name="Fitter startup details...">
cyp3fit: V4.4.0.80, Family: PSoC3, Started at: Thursday, 01 January 2026 19:19:22
Options: -yv2 -q10 -ygs -o2 -v3 -.fftcfgtype=LE -ya -.fftprj=C:\Users\Perijn\Documents\Git-projects\Robo-dagoe\firmware\platform\PSoC\PSoC-workspace\RobotDog.cydsn\RobotDog.cyprj -d CY8C5888LTI-LP097 RobotDog.v -verilog
</CYPRESSTAG>
<CYPRESSTAG name="Design parsing">
Design parsing phase: Elapsed time ==> 0s.017ms
</CYPRESSTAG>
<CYPRESSTAG name="Tech Mapping">
<CYPRESSTAG name="Initial Mapping" icon="FILE_RPT_TECHM">
    Removed wire end \CORDIC:MODULE_1:g2:a0:g1:z1:s0:g1:u0:c_24\ kept zero
    Removed wire end \CORDIC:MODULE_1:g2:a0:g1:z1:s0:g1:u0:c_16\ kept zero
    Removed wire end \CORDIC:MODULE_1:g2:a0:g1:z1:s0:g1:u0:c_8\ kept zero
    Removed wire end \CORDIC:MODULE_2:g2:a0:g1:z1:s0:g1:u0:c_24\ kept zero
    Removed wire end \CORDIC:MODULE_2:g2:a0:g1:z1:s0:g1:u0:c_16\ kept zero
    Removed wire end \CORDIC:MODULE_2:g2:a0:g1:z1:s0:g1:u0:c_8\ kept zero
    Converted constant MacroCell: \CORDIC:current_atan_15\ from registered to combinatorial
    Converted constant MacroCell: \CORDIC:current_atan_14\ from registered to combinatorial
Assigning clock CAN_Clock to clock BUS_CLK because it is a pass-through
Assigning clock I2C_1_BusClock to clock BUS_CLK because it is a pass-through
<CYPRESSTAG name="Global Clock Selection" icon="FILE_RPT_TECHM">
    Digital Clock 0: Automatic-assigning  clock 'Clock_1'. Fanout=2, Signal=Net_25
</CYPRESSTAG>

Removing unused cells resulting from optimization
Done removing unused cells.
<CYPRESSTAG name="UDB Clock/Enable Remapping Results">
    UDB Clk/Enable \CORDIC:ClkSync\: with output requested to be synchronous
        ClockIn: Clock_1 was determined to be a global clock that is synchronous to BUS_CLK
        EnableIn: Constant 1 was determined to be synchronous to ClockIn
        ClockOut: Clock_1, EnableOut: Constant 1
</CYPRESSTAG>
ADD: pft.M0040: information: The following 4 pin(s) will be assigned a location by the fitter: RX_1(0), SCL_1(0), SDA_1(0), TX_1(0)


Removing unused cells resulting from optimization
Done removing unused cells.
<CYPRESSTAG name="Duplicate Macrocell detection">

Removing duplicate macrocells
    Removing \CORDIC:z_pi_msb_6\, Duplicate of \CORDIC:z_pi_msb_7\ 
    MacroCell: Name=\CORDIC:z_pi_msb_6\, Mode=(D-Register)
        Total # of inputs        : 0
        Total # of product terms : 0
        List of special equations: 
            Clock  = (Net_25) => Global
            Clock Enable: True
        Main Equation            : 0 pterms
        (
            0
        );
        Output = \CORDIC:z_pi_msb_6\ (fanout=1)

End removing duplicate macrocells: used 1 pass
</CYPRESSTAG>
</CYPRESSTAG>
<CYPRESSTAG name="Duplicate Macrocell detection">
</CYPRESSTAG>
<CYPRESSTAG name="Design Equations" icon="FILE_RPT_EQUATION">

------------------------------------------------------------
Design Equations
------------------------------------------------------------
    <CYPRESSTAG name="Pin listing">

    ------------------------------------------------------------
    Pin listing
    ------------------------------------------------------------

    Pin : Name = RX_1(0)
        Attributes:
            In Group/Port: True
            In Sync Option: NOSYNC
            Out Sync Option: AUTO
            Interrupt generated: False
            Interrupt mode: NONE
            Drive mode: HI_Z_DIGITAL
            VTrip: CMOS
            Slew: FAST
            Input Sync needed: False
            Output Sync needed: False
            SC shield enabled: False
            POR State: ANY
            LCD Mode: COMMON
            Register Mode: RegComb
            CaSense Mode: NEITHER
            Treat as pin: True
            Is OE Registered: False
            Uses Analog: False
            Can contain Digital: True
            Is SIO: False
            SIO Output Buf: NONREGULATED
            SIO Input Buf: SINGLE_ENDED
            SIO HiFreq: LOW
            SIO Hyst: DISABLED
            SIO Vtrip: MULTIPLIER_0_5
            SIO Multiplier Index: 0
            SIO RefSel: VCC_IO
            Required Capabilities: DIGITAL, ROUTABLE
            Initial Value: 0
            IO Voltage: 0
        PORT MAP (
            pa_out => RX_1(0)__PA ,
            fb => Net_11 ,
            pad => RX_1(0)_PAD );

    Pin : Name = TX_1(0)
        Attributes:
            In Group/Port: True
            In Sync Option: AUTO
            Out Sync Option: NOSYNC
            Interrupt generated: False
            Interrupt mode: NONE
            Drive mode: CMOS_OUT
            VTrip: EITHER
            Slew: FAST
            Input Sync needed: False
            Output Sync needed: False
            SC shield enabled: False
            POR State: ANY
            LCD Mode: COMMON
            Register Mode: RegComb
            CaSense Mode: NEITHER
            Treat as pin: True
            Is OE Registered: False
            Uses Analog: False
            Can contain Digital: True
            Is SIO: False
            SIO Output Buf: NONREGULATED
            SIO Input Buf: SINGLE_ENDED
            SIO HiFreq: LOW
            SIO Hyst: DISABLED
            SIO Vtrip: MULTIPLIER_0_5
            SIO Multiplier Index: 0
            SIO RefSel: VCC_IO
            Required Capabilities: DIGITAL, ROUTABLE
            Initial Value: 0
            IO Voltage: 0
        PORT MAP (
            pa_out => TX_1(0)__PA ,
            pin_input => Net_6 ,
            pad => TX_1(0)_PAD );

    Pin : Name = SDA_1(0)
        Attributes:
            In Group/Port: True
            In Sync Option: SYNC
            Out Sync Option: NOSYNC
            Interrupt generated: False
            Interrupt mode: NONE
            Drive mode: OPEN_DRAIN_LO
            VTrip: CMOS
            Slew: FAST
            Input Sync needed: True
            Output Sync needed: False
            SC shield enabled: False
            POR State: ANY
            LCD Mode: COMMON
            Register Mode: RegComb
            CaSense Mode: NEITHER
            Treat as pin: True
            Is OE Registered: False
            Uses Analog: False
            Can contain Digital: True
            Is SIO: False
            SIO Output Buf: NONREGULATED
            SIO Input Buf: SINGLE_ENDED
            SIO HiFreq: LOW
            SIO Hyst: DISABLED
            SIO Vtrip: MULTIPLIER_0_5
            SIO Multiplier Index: 0
            SIO RefSel: VCC_IO
            Required Capabilities: DIGITAL, ROUTABLE
            Initial Value: 1
            IO Voltage: 0
        PORT MAP (
            pa_out => SDA_1(0)__PA ,
            fb => \I2C_1:Net_1109_1\ ,
            pin_input => \I2C_1:sda_x_wire\ ,
            pad => SDA_1(0)_PAD );

    Pin : Name = SCL_1(0)
        Attributes:
            In Group/Port: True
            In Sync Option: SYNC
            Out Sync Option: NOSYNC
            Interrupt generated: False
            Interrupt mode: NONE
            Drive mode: OPEN_DRAIN_LO
            VTrip: CMOS
            Slew: FAST
            Input Sync needed: True
            Output Sync needed: False
            SC shield enabled: False
            POR State: ANY
            LCD Mode: COMMON
            Register Mode: RegComb
            CaSense Mode: NEITHER
            Treat as pin: True
            Is OE Registered: False
            Uses Analog: False
            Can contain Digital: True
            Is SIO: False
            SIO Output Buf: NONREGULATED
            SIO Input Buf: SINGLE_ENDED
            SIO HiFreq: LOW
            SIO Hyst: DISABLED
            SIO Vtrip: MULTIPLIER_0_5
            SIO Multiplier Index: 0
            SIO RefSel: VCC_IO
            Required Capabilities: DIGITAL, ROUTABLE
            Initial Value: 1
            IO Voltage: 0
        PORT MAP (
            pa_out => SCL_1(0)__PA ,
            fb => \I2C_1:Net_1109_0\ ,
            pin_input => \I2C_1:Net_643_0\ ,
            pad => SCL_1(0)_PAD );
    </CYPRESSTAG>
    <CYPRESSTAG name="Macrocell listing" icon="FILE_RPT_EQUATION">

    ------------------------------------------------------------
    Macrocell listing
    ------------------------------------------------------------

    MacroCell: Name=\CORDIC:fifo_ready\, Mode=(Combinatorial)
        Total # of inputs        : 4
        Total # of product terms : 1
            Clock Enable: True
        Main Equation            : 1 pterm
        (
              !\CORDIC:F0_x_lsb_empty\ * !\CORDIC:F0_x_msb_empty\ * 
              !\CORDIC:F0_y_lsb_empty\ * !\CORDIC:F0_y_msb_empty\
        );
        Output = \CORDIC:fifo_ready\ (fanout=8)
        Properties               : 
        {
            soft = 1
        }

    MacroCell: Name=\CORDIC:mystatus_4\, Mode=(Combinatorial)
        Total # of inputs        : 2
        Total # of product terms : 1
            Clock Enable: True
        Main Equation            : 1 pterm
        (
              !\CORDIC:F0_x_lsb_empty\ * !\CORDIC:F0_x_msb_empty\
        );
        Output = \CORDIC:mystatus_4\ (fanout=1)

    MacroCell: Name=\CORDIC:mystatus_3\, Mode=(Combinatorial)
        Total # of inputs        : 2
        Total # of product terms : 1
            Clock Enable: True
        Main Equation            : 1 pterm
        (
              !\CORDIC:F0_y_lsb_empty\ * !\CORDIC:F0_y_msb_empty\
        );
        Output = \CORDIC:mystatus_3\ (fanout=1)

    MacroCell: Name=\CORDIC:mystatus_1\, Mode=(Combinatorial)
        Total # of inputs        : 3
        Total # of product terms : 1
            Clock Enable: True
        Main Equation            : 1 pterm
        (
              !\CORDIC:cordic_state_2\ * !\CORDIC:cordic_state_1\ * 
              !\CORDIC:cordic_state_0\
        );
        Output = \CORDIC:mystatus_1\ (fanout=1)

    MacroCell: Name=\CORDIC:load_out_fifo\, Mode=(T-Register)
        Total # of inputs        : 5
        Total # of product terms : 3
        List of special equations: 
            Clock  = (Net_25) => Global
            Clock Enable: True
        Main Equation            : 3 pterms
        (
              !\CORDIC:load_out_fifo\ * !\CORDIC:ctrl_2\ * 
              \CORDIC:cordic_state_2\ * \CORDIC:cordic_state_1\ * 
              !\CORDIC:cordic_state_0\
            + \CORDIC:load_out_fifo\ * \CORDIC:ctrl_2\
            + \CORDIC:load_out_fifo\ * !\CORDIC:cordic_state_2\ * 
              !\CORDIC:cordic_state_1\ * !\CORDIC:cordic_state_0\
        );
        Output = \CORDIC:load_out_fifo\ (fanout=5)

    MacroCell: Name=\CORDIC:z_pi_lsb_7\, Mode=(D-Register)
        Total # of inputs        : 1
        Total # of product terms : 1
        List of special equations: 
            Clock  = (Net_25) => Global
            Clock Enable: True
        Main Equation            : 1 pterm
        (
              \CORDIC:current_atan_7\
        );
        Output = \CORDIC:z_pi_lsb_7\ (fanout=1)

    MacroCell: Name=\CORDIC:z_pi_lsb_6\, Mode=(D-Register)
        Total # of inputs        : 1
        Total # of product terms : 1
        List of special equations: 
            Clock  = (Net_25) => Global
            Clock Enable: True
        Main Equation            : 1 pterm
        (
              \CORDIC:current_atan_6\
        );
        Output = \CORDIC:z_pi_lsb_6\ (fanout=1)

    MacroCell: Name=\CORDIC:z_pi_lsb_5\, Mode=(D-Register)
        Total # of inputs        : 1
        Total # of product terms : 1
        List of special equations: 
            Clock  = (Net_25) => Global
            Clock Enable: True
        Main Equation            : 1 pterm
        (
              \CORDIC:current_atan_5\
        );
        Output = \CORDIC:z_pi_lsb_5\ (fanout=1)

    MacroCell: Name=\CORDIC:z_pi_lsb_4\, Mode=(D-Register)
        Total # of inputs        : 1
        Total # of product terms : 1
        List of special equations: 
            Clock  = (Net_25) => Global
            Clock Enable: True
        Main Equation            : 1 pterm
        (
              \CORDIC:current_atan_4\
        );
        Output = \CORDIC:z_pi_lsb_4\ (fanout=1)

    MacroCell: Name=\CORDIC:z_pi_lsb_3\, Mode=(D-Register)
        Total # of inputs        : 1
        Total # of product terms : 1
        List of special equations: 
            Clock  = (Net_25) => Global
            Clock Enable: True
        Main Equation            : 1 pterm
        (
              \CORDIC:current_atan_3\
        );
        Output = \CORDIC:z_pi_lsb_3\ (fanout=1)

    MacroCell: Name=\CORDIC:z_pi_lsb_2\, Mode=(D-Register)
        Total # of inputs        : 1
        Total # of product terms : 1
        List of special equations: 
            Clock  = (Net_25) => Global
            Clock Enable: True
        Main Equation            : 1 pterm
        (
              \CORDIC:current_atan_2\
        );
        Output = \CORDIC:z_pi_lsb_2\ (fanout=1)

    MacroCell: Name=\CORDIC:z_pi_lsb_1\, Mode=(D-Register)
        Total # of inputs        : 1
        Total # of product terms : 1
        List of special equations: 
            Clock  = (Net_25) => Global
            Clock Enable: True
        Main Equation            : 1 pterm
        (
              \CORDIC:current_atan_1\
        );
        Output = \CORDIC:z_pi_lsb_1\ (fanout=1)

    MacroCell: Name=\CORDIC:z_pi_lsb_0\, Mode=(D-Register)
        Total # of inputs        : 1
        Total # of product terms : 1
        List of special equations: 
            Clock  = (Net_25) => Global
            Clock Enable: True
        Main Equation            : 1 pterm
        (
              \CORDIC:current_atan_0\
        );
        Output = \CORDIC:z_pi_lsb_0\ (fanout=1)

    MacroCell: Name=\CORDIC:z_pi_msb_7\, Mode=(D-Register)
        Total # of inputs        : 0
        Total # of product terms : 0
        List of special equations: 
            Clock  = (Net_25) => Global
            Clock Enable: True
        Main Equation            : 0 pterms
        (
            0
        );
        Output = \CORDIC:z_pi_msb_7\ (fanout=2)

    MacroCell: Name=\CORDIC:z_pi_msb_5\, Mode=(D-Register)
        Total # of inputs        : 1
        Total # of product terms : 1
        List of special equations: 
            Clock  = (Net_25) => Global
            Clock Enable: True
        Main Equation            : 1 pterm
        (
              \CORDIC:current_atan_13\
        );
        Output = \CORDIC:z_pi_msb_5\ (fanout=1)

    MacroCell: Name=\CORDIC:z_pi_msb_4\, Mode=(D-Register)
        Total # of inputs        : 1
        Total # of product terms : 1
        List of special equations: 
            Clock  = (Net_25) => Global
            Clock Enable: True
        Main Equation            : 1 pterm
        (
              \CORDIC:current_atan_12\
        );
        Output = \CORDIC:z_pi_msb_4\ (fanout=1)

    MacroCell: Name=\CORDIC:z_pi_msb_3\, Mode=(D-Register)
        Total # of inputs        : 1
        Total # of product terms : 1
        List of special equations: 
            Clock  = (Net_25) => Global
            Clock Enable: True
        Main Equation            : 1 pterm
        (
              \CORDIC:current_atan_11\
        );
        Output = \CORDIC:z_pi_msb_3\ (fanout=1)

    MacroCell: Name=\CORDIC:z_pi_msb_2\, Mode=(D-Register)
        Total # of inputs        : 1
        Total # of product terms : 1
        List of special equations: 
            Clock  = (Net_25) => Global
            Clock Enable: True
        Main Equation            : 1 pterm
        (
              \CORDIC:current_atan_10\
        );
        Output = \CORDIC:z_pi_msb_2\ (fanout=1)

    MacroCell: Name=\CORDIC:z_pi_msb_1\, Mode=(D-Register)
        Total # of inputs        : 1
        Total # of product terms : 1
        List of special equations: 
            Clock  = (Net_25) => Global
            Clock Enable: True
        Main Equation            : 1 pterm
        (
              \CORDIC:current_atan_9\
        );
        Output = \CORDIC:z_pi_msb_1\ (fanout=1)

    MacroCell: Name=\CORDIC:z_pi_msb_0\, Mode=(D-Register)
        Total # of inputs        : 1
        Total # of product terms : 1
        List of special equations: 
            Clock  = (Net_25) => Global
            Clock Enable: True
        Main Equation            : 1 pterm
        (
              \CORDIC:current_atan_8\
        );
        Output = \CORDIC:z_pi_msb_0\ (fanout=1)

    MacroCell: Name=\CORDIC:y_pi_lsb_7\, Mode=(T-Register)
        Total # of inputs        : 6
        Total # of product terms : 2
        List of special equations: 
            Clock  = (Net_25) => Global
            Clock Enable: True
        Main Equation            : 2 pterms
        (
              !\CORDIC:y_pi_lsb_7\ * !\CORDIC:ctrl_2\ * 
              \CORDIC:cordic_state_2\ * !\CORDIC:cordic_state_1\ * 
              !\CORDIC:cordic_state_0\ * \CORDIC:dX_out_temp_7\
            + \CORDIC:y_pi_lsb_7\ * !\CORDIC:ctrl_2\ * 
              \CORDIC:cordic_state_2\ * !\CORDIC:cordic_state_1\ * 
              !\CORDIC:cordic_state_0\ * !\CORDIC:dX_out_temp_7\
        );
        Output = \CORDIC:y_pi_lsb_7\ (fanout=2)

    MacroCell: Name=\CORDIC:y_pi_lsb_6\, Mode=(T-Register)
        Total # of inputs        : 6
        Total # of product terms : 2
        List of special equations: 
            Clock  = (Net_25) => Global
            Clock Enable: True
        Main Equation            : 2 pterms
        (
              !\CORDIC:y_pi_lsb_6\ * !\CORDIC:ctrl_2\ * 
              \CORDIC:cordic_state_2\ * !\CORDIC:cordic_state_1\ * 
              !\CORDIC:cordic_state_0\ * \CORDIC:dX_out_temp_6\
            + \CORDIC:y_pi_lsb_6\ * !\CORDIC:ctrl_2\ * 
              \CORDIC:cordic_state_2\ * !\CORDIC:cordic_state_1\ * 
              !\CORDIC:cordic_state_0\ * !\CORDIC:dX_out_temp_6\
        );
        Output = \CORDIC:y_pi_lsb_6\ (fanout=2)

    MacroCell: Name=\CORDIC:y_pi_lsb_5\, Mode=(T-Register)
        Total # of inputs        : 6
        Total # of product terms : 2
        List of special equations: 
            Clock  = (Net_25) => Global
            Clock Enable: True
        Main Equation            : 2 pterms
        (
              !\CORDIC:y_pi_lsb_5\ * !\CORDIC:ctrl_2\ * 
              \CORDIC:cordic_state_2\ * !\CORDIC:cordic_state_1\ * 
              !\CORDIC:cordic_state_0\ * \CORDIC:dX_out_temp_5\
            + \CORDIC:y_pi_lsb_5\ * !\CORDIC:ctrl_2\ * 
              \CORDIC:cordic_state_2\ * !\CORDIC:cordic_state_1\ * 
              !\CORDIC:cordic_state_0\ * !\CORDIC:dX_out_temp_5\
        );
        Output = \CORDIC:y_pi_lsb_5\ (fanout=2)

    MacroCell: Name=\CORDIC:y_pi_lsb_4\, Mode=(T-Register)
        Total # of inputs        : 6
        Total # of product terms : 2
        List of special equations: 
            Clock  = (Net_25) => Global
            Clock Enable: True
        Main Equation            : 2 pterms
        (
              !\CORDIC:y_pi_lsb_4\ * !\CORDIC:ctrl_2\ * 
              \CORDIC:cordic_state_2\ * !\CORDIC:cordic_state_1\ * 
              !\CORDIC:cordic_state_0\ * \CORDIC:dX_out_temp_4\
            + \CORDIC:y_pi_lsb_4\ * !\CORDIC:ctrl_2\ * 
              \CORDIC:cordic_state_2\ * !\CORDIC:cordic_state_1\ * 
              !\CORDIC:cordic_state_0\ * !\CORDIC:dX_out_temp_4\
        );
        Output = \CORDIC:y_pi_lsb_4\ (fanout=2)

    MacroCell: Name=\CORDIC:y_pi_lsb_3\, Mode=(T-Register)
        Total # of inputs        : 6
        Total # of product terms : 2
        List of special equations: 
            Clock  = (Net_25) => Global
            Clock Enable: True
        Main Equation            : 2 pterms
        (
              !\CORDIC:y_pi_lsb_3\ * !\CORDIC:ctrl_2\ * 
              \CORDIC:cordic_state_2\ * !\CORDIC:cordic_state_1\ * 
              !\CORDIC:cordic_state_0\ * \CORDIC:dX_out_temp_3\
            + \CORDIC:y_pi_lsb_3\ * !\CORDIC:ctrl_2\ * 
              \CORDIC:cordic_state_2\ * !\CORDIC:cordic_state_1\ * 
              !\CORDIC:cordic_state_0\ * !\CORDIC:dX_out_temp_3\
        );
        Output = \CORDIC:y_pi_lsb_3\ (fanout=2)

    MacroCell: Name=\CORDIC:y_pi_lsb_2\, Mode=(T-Register)
        Total # of inputs        : 6
        Total # of product terms : 2
        List of special equations: 
            Clock  = (Net_25) => Global
            Clock Enable: True
        Main Equation            : 2 pterms
        (
              !\CORDIC:y_pi_lsb_2\ * !\CORDIC:ctrl_2\ * 
              \CORDIC:cordic_state_2\ * !\CORDIC:cordic_state_1\ * 
              !\CORDIC:cordic_state_0\ * \CORDIC:dX_out_temp_2\
            + \CORDIC:y_pi_lsb_2\ * !\CORDIC:ctrl_2\ * 
              \CORDIC:cordic_state_2\ * !\CORDIC:cordic_state_1\ * 
              !\CORDIC:cordic_state_0\ * !\CORDIC:dX_out_temp_2\
        );
        Output = \CORDIC:y_pi_lsb_2\ (fanout=2)

    MacroCell: Name=\CORDIC:y_pi_lsb_1\, Mode=(T-Register)
        Total # of inputs        : 6
        Total # of product terms : 2
        List of special equations: 
            Clock  = (Net_25) => Global
            Clock Enable: True
        Main Equation            : 2 pterms
        (
              !\CORDIC:y_pi_lsb_1\ * !\CORDIC:ctrl_2\ * 
              \CORDIC:cordic_state_2\ * !\CORDIC:cordic_state_1\ * 
              !\CORDIC:cordic_state_0\ * \CORDIC:dX_out_temp_1\
            + \CORDIC:y_pi_lsb_1\ * !\CORDIC:ctrl_2\ * 
              \CORDIC:cordic_state_2\ * !\CORDIC:cordic_state_1\ * 
              !\CORDIC:cordic_state_0\ * !\CORDIC:dX_out_temp_1\
        );
        Output = \CORDIC:y_pi_lsb_1\ (fanout=2)

    MacroCell: Name=\CORDIC:y_pi_lsb_0\, Mode=(T-Register)
        Total # of inputs        : 6
        Total # of product terms : 2
        List of special equations: 
            Clock  = (Net_25) => Global
            Clock Enable: True
        Main Equation            : 2 pterms
        (
              !\CORDIC:y_pi_lsb_0\ * !\CORDIC:ctrl_2\ * 
              \CORDIC:cordic_state_2\ * !\CORDIC:cordic_state_1\ * 
              !\CORDIC:cordic_state_0\ * \CORDIC:dX_out_temp_0\
            + \CORDIC:y_pi_lsb_0\ * !\CORDIC:ctrl_2\ * 
              \CORDIC:cordic_state_2\ * !\CORDIC:cordic_state_1\ * 
              !\CORDIC:cordic_state_0\ * !\CORDIC:dX_out_temp_0\
        );
        Output = \CORDIC:y_pi_lsb_0\ (fanout=2)

    MacroCell: Name=\CORDIC:y_pi_msb_7\, Mode=(T-Register)
        Total # of inputs        : 6
        Total # of product terms : 2
        List of special equations: 
            Clock  = (Net_25) => Global
            Clock Enable: True
        Main Equation            : 2 pterms
        (
              !\CORDIC:y_pi_msb_7\ * !\CORDIC:ctrl_2\ * 
              \CORDIC:cordic_state_2\ * !\CORDIC:cordic_state_1\ * 
              !\CORDIC:cordic_state_0\ * \CORDIC:dX_out_temp_15\
            + \CORDIC:y_pi_msb_7\ * !\CORDIC:ctrl_2\ * 
              \CORDIC:cordic_state_2\ * !\CORDIC:cordic_state_1\ * 
              !\CORDIC:cordic_state_0\ * !\CORDIC:dX_out_temp_15\
        );
        Output = \CORDIC:y_pi_msb_7\ (fanout=2)

    MacroCell: Name=\CORDIC:y_pi_msb_6\, Mode=(T-Register)
        Total # of inputs        : 6
        Total # of product terms : 2
        List of special equations: 
            Clock  = (Net_25) => Global
            Clock Enable: True
        Main Equation            : 2 pterms
        (
              !\CORDIC:y_pi_msb_6\ * !\CORDIC:ctrl_2\ * 
              \CORDIC:cordic_state_2\ * !\CORDIC:cordic_state_1\ * 
              !\CORDIC:cordic_state_0\ * \CORDIC:dX_out_temp_14\
            + \CORDIC:y_pi_msb_6\ * !\CORDIC:ctrl_2\ * 
              \CORDIC:cordic_state_2\ * !\CORDIC:cordic_state_1\ * 
              !\CORDIC:cordic_state_0\ * !\CORDIC:dX_out_temp_14\
        );
        Output = \CORDIC:y_pi_msb_6\ (fanout=2)

    MacroCell: Name=\CORDIC:y_pi_msb_5\, Mode=(T-Register)
        Total # of inputs        : 6
        Total # of product terms : 2
        List of special equations: 
            Clock  = (Net_25) => Global
            Clock Enable: True
        Main Equation            : 2 pterms
        (
              !\CORDIC:y_pi_msb_5\ * !\CORDIC:ctrl_2\ * 
              \CORDIC:cordic_state_2\ * !\CORDIC:cordic_state_1\ * 
              !\CORDIC:cordic_state_0\ * \CORDIC:dX_out_temp_13\
            + \CORDIC:y_pi_msb_5\ * !\CORDIC:ctrl_2\ * 
              \CORDIC:cordic_state_2\ * !\CORDIC:cordic_state_1\ * 
              !\CORDIC:cordic_state_0\ * !\CORDIC:dX_out_temp_13\
        );
        Output = \CORDIC:y_pi_msb_5\ (fanout=2)

    MacroCell: Name=\CORDIC:y_pi_msb_4\, Mode=(T-Register)
        Total # of inputs        : 6
        Total # of product terms : 2
        List of special equations: 
            Clock  = (Net_25) => Global
            Clock Enable: True
        Main Equation            : 2 pterms
        (
              !\CORDIC:y_pi_msb_4\ * !\CORDIC:ctrl_2\ * 
              \CORDIC:cordic_state_2\ * !\CORDIC:cordic_state_1\ * 
              !\CORDIC:cordic_state_0\ * \CORDIC:dX_out_temp_12\
            + \CORDIC:y_pi_msb_4\ * !\CORDIC:ctrl_2\ * 
              \CORDIC:cordic_state_2\ * !\CORDIC:cordic_state_1\ * 
              !\CORDIC:cordic_state_0\ * !\CORDIC:dX_out_temp_12\
        );
        Output = \CORDIC:y_pi_msb_4\ (fanout=2)

    MacroCell: Name=\CORDIC:y_pi_msb_3\, Mode=(T-Register)
        Total # of inputs        : 6
        Total # of product terms : 2
        List of special equations: 
            Clock  = (Net_25) => Global
            Clock Enable: True
        Main Equation            : 2 pterms
        (
              !\CORDIC:y_pi_msb_3\ * !\CORDIC:ctrl_2\ * 
              \CORDIC:cordic_state_2\ * !\CORDIC:cordic_state_1\ * 
              !\CORDIC:cordic_state_0\ * \CORDIC:dX_out_temp_11\
            + \CORDIC:y_pi_msb_3\ * !\CORDIC:ctrl_2\ * 
              \CORDIC:cordic_state_2\ * !\CORDIC:cordic_state_1\ * 
              !\CORDIC:cordic_state_0\ * !\CORDIC:dX_out_temp_11\
        );
        Output = \CORDIC:y_pi_msb_3\ (fanout=2)

    MacroCell: Name=\CORDIC:y_pi_msb_2\, Mode=(T-Register)
        Total # of inputs        : 6
        Total # of product terms : 2
        List of special equations: 
            Clock  = (Net_25) => Global
            Clock Enable: True
        Main Equation            : 2 pterms
        (
              !\CORDIC:y_pi_msb_2\ * !\CORDIC:ctrl_2\ * 
              \CORDIC:cordic_state_2\ * !\CORDIC:cordic_state_1\ * 
              !\CORDIC:cordic_state_0\ * \CORDIC:dX_out_temp_10\
            + \CORDIC:y_pi_msb_2\ * !\CORDIC:ctrl_2\ * 
              \CORDIC:cordic_state_2\ * !\CORDIC:cordic_state_1\ * 
              !\CORDIC:cordic_state_0\ * !\CORDIC:dX_out_temp_10\
        );
        Output = \CORDIC:y_pi_msb_2\ (fanout=2)

    MacroCell: Name=\CORDIC:y_pi_msb_1\, Mode=(T-Register)
        Total # of inputs        : 6
        Total # of product terms : 2
        List of special equations: 
            Clock  = (Net_25) => Global
            Clock Enable: True
        Main Equation            : 2 pterms
        (
              !\CORDIC:y_pi_msb_1\ * !\CORDIC:ctrl_2\ * 
              \CORDIC:cordic_state_2\ * !\CORDIC:cordic_state_1\ * 
              !\CORDIC:cordic_state_0\ * \CORDIC:dX_out_temp_9\
            + \CORDIC:y_pi_msb_1\ * !\CORDIC:ctrl_2\ * 
              \CORDIC:cordic_state_2\ * !\CORDIC:cordic_state_1\ * 
              !\CORDIC:cordic_state_0\ * !\CORDIC:dX_out_temp_9\
        );
        Output = \CORDIC:y_pi_msb_1\ (fanout=2)

    MacroCell: Name=\CORDIC:y_pi_msb_0\, Mode=(T-Register)
        Total # of inputs        : 6
        Total # of product terms : 2
        List of special equations: 
            Clock  = (Net_25) => Global
            Clock Enable: True
        Main Equation            : 2 pterms
        (
              !\CORDIC:y_pi_msb_0\ * !\CORDIC:ctrl_2\ * 
              \CORDIC:cordic_state_2\ * !\CORDIC:cordic_state_1\ * 
              !\CORDIC:cordic_state_0\ * \CORDIC:dX_out_temp_8\
            + \CORDIC:y_pi_msb_0\ * !\CORDIC:ctrl_2\ * 
              \CORDIC:cordic_state_2\ * !\CORDIC:cordic_state_1\ * 
              !\CORDIC:cordic_state_0\ * !\CORDIC:dX_out_temp_8\
        );
        Output = \CORDIC:y_pi_msb_0\ (fanout=2)

    MacroCell: Name=\CORDIC:x_pi_lsb_7\, Mode=(T-Register)
        Total # of inputs        : 6
        Total # of product terms : 2
        List of special equations: 
            Clock  = (Net_25) => Global
            Clock Enable: True
        Main Equation            : 2 pterms
        (
              !\CORDIC:x_pi_lsb_7\ * !\CORDIC:ctrl_2\ * 
              \CORDIC:cordic_state_2\ * !\CORDIC:cordic_state_1\ * 
              !\CORDIC:cordic_state_0\ * \CORDIC:dY_out_temp_7\
            + \CORDIC:x_pi_lsb_7\ * !\CORDIC:ctrl_2\ * 
              \CORDIC:cordic_state_2\ * !\CORDIC:cordic_state_1\ * 
              !\CORDIC:cordic_state_0\ * !\CORDIC:dY_out_temp_7\
        );
        Output = \CORDIC:x_pi_lsb_7\ (fanout=2)

    MacroCell: Name=\CORDIC:x_pi_lsb_6\, Mode=(T-Register)
        Total # of inputs        : 6
        Total # of product terms : 2
        List of special equations: 
            Clock  = (Net_25) => Global
            Clock Enable: True
        Main Equation            : 2 pterms
        (
              !\CORDIC:x_pi_lsb_6\ * !\CORDIC:ctrl_2\ * 
              \CORDIC:cordic_state_2\ * !\CORDIC:cordic_state_1\ * 
              !\CORDIC:cordic_state_0\ * \CORDIC:dY_out_temp_6\
            + \CORDIC:x_pi_lsb_6\ * !\CORDIC:ctrl_2\ * 
              \CORDIC:cordic_state_2\ * !\CORDIC:cordic_state_1\ * 
              !\CORDIC:cordic_state_0\ * !\CORDIC:dY_out_temp_6\
        );
        Output = \CORDIC:x_pi_lsb_6\ (fanout=2)

    MacroCell: Name=\CORDIC:x_pi_lsb_5\, Mode=(T-Register)
        Total # of inputs        : 6
        Total # of product terms : 2
        List of special equations: 
            Clock  = (Net_25) => Global
            Clock Enable: True
        Main Equation            : 2 pterms
        (
              !\CORDIC:x_pi_lsb_5\ * !\CORDIC:ctrl_2\ * 
              \CORDIC:cordic_state_2\ * !\CORDIC:cordic_state_1\ * 
              !\CORDIC:cordic_state_0\ * \CORDIC:dY_out_temp_5\
            + \CORDIC:x_pi_lsb_5\ * !\CORDIC:ctrl_2\ * 
              \CORDIC:cordic_state_2\ * !\CORDIC:cordic_state_1\ * 
              !\CORDIC:cordic_state_0\ * !\CORDIC:dY_out_temp_5\
        );
        Output = \CORDIC:x_pi_lsb_5\ (fanout=2)

    MacroCell: Name=\CORDIC:x_pi_lsb_4\, Mode=(T-Register)
        Total # of inputs        : 6
        Total # of product terms : 2
        List of special equations: 
            Clock  = (Net_25) => Global
            Clock Enable: True
        Main Equation            : 2 pterms
        (
              !\CORDIC:x_pi_lsb_4\ * !\CORDIC:ctrl_2\ * 
              \CORDIC:cordic_state_2\ * !\CORDIC:cordic_state_1\ * 
              !\CORDIC:cordic_state_0\ * \CORDIC:dY_out_temp_4\
            + \CORDIC:x_pi_lsb_4\ * !\CORDIC:ctrl_2\ * 
              \CORDIC:cordic_state_2\ * !\CORDIC:cordic_state_1\ * 
              !\CORDIC:cordic_state_0\ * !\CORDIC:dY_out_temp_4\
        );
        Output = \CORDIC:x_pi_lsb_4\ (fanout=2)

    MacroCell: Name=\CORDIC:x_pi_lsb_3\, Mode=(T-Register)
        Total # of inputs        : 6
        Total # of product terms : 2
        List of special equations: 
            Clock  = (Net_25) => Global
            Clock Enable: True
        Main Equation            : 2 pterms
        (
              !\CORDIC:x_pi_lsb_3\ * !\CORDIC:ctrl_2\ * 
              \CORDIC:cordic_state_2\ * !\CORDIC:cordic_state_1\ * 
              !\CORDIC:cordic_state_0\ * \CORDIC:dY_out_temp_3\
            + \CORDIC:x_pi_lsb_3\ * !\CORDIC:ctrl_2\ * 
              \CORDIC:cordic_state_2\ * !\CORDIC:cordic_state_1\ * 
              !\CORDIC:cordic_state_0\ * !\CORDIC:dY_out_temp_3\
        );
        Output = \CORDIC:x_pi_lsb_3\ (fanout=2)

    MacroCell: Name=\CORDIC:x_pi_lsb_2\, Mode=(T-Register)
        Total # of inputs        : 6
        Total # of product terms : 2
        List of special equations: 
            Clock  = (Net_25) => Global
            Clock Enable: True
        Main Equation            : 2 pterms
        (
              !\CORDIC:x_pi_lsb_2\ * !\CORDIC:ctrl_2\ * 
              \CORDIC:cordic_state_2\ * !\CORDIC:cordic_state_1\ * 
              !\CORDIC:cordic_state_0\ * \CORDIC:dY_out_temp_2\
            + \CORDIC:x_pi_lsb_2\ * !\CORDIC:ctrl_2\ * 
              \CORDIC:cordic_state_2\ * !\CORDIC:cordic_state_1\ * 
              !\CORDIC:cordic_state_0\ * !\CORDIC:dY_out_temp_2\
        );
        Output = \CORDIC:x_pi_lsb_2\ (fanout=2)

    MacroCell: Name=\CORDIC:x_pi_lsb_1\, Mode=(T-Register)
        Total # of inputs        : 6
        Total # of product terms : 2
        List of special equations: 
            Clock  = (Net_25) => Global
            Clock Enable: True
        Main Equation            : 2 pterms
        (
              !\CORDIC:x_pi_lsb_1\ * !\CORDIC:ctrl_2\ * 
              \CORDIC:cordic_state_2\ * !\CORDIC:cordic_state_1\ * 
              !\CORDIC:cordic_state_0\ * \CORDIC:dY_out_temp_1\
            + \CORDIC:x_pi_lsb_1\ * !\CORDIC:ctrl_2\ * 
              \CORDIC:cordic_state_2\ * !\CORDIC:cordic_state_1\ * 
              !\CORDIC:cordic_state_0\ * !\CORDIC:dY_out_temp_1\
        );
        Output = \CORDIC:x_pi_lsb_1\ (fanout=2)

    MacroCell: Name=\CORDIC:x_pi_lsb_0\, Mode=(T-Register)
        Total # of inputs        : 6
        Total # of product terms : 2
        List of special equations: 
            Clock  = (Net_25) => Global
            Clock Enable: True
        Main Equation            : 2 pterms
        (
              !\CORDIC:x_pi_lsb_0\ * !\CORDIC:ctrl_2\ * 
              \CORDIC:cordic_state_2\ * !\CORDIC:cordic_state_1\ * 
              !\CORDIC:cordic_state_0\ * \CORDIC:dY_out_temp_0\
            + \CORDIC:x_pi_lsb_0\ * !\CORDIC:ctrl_2\ * 
              \CORDIC:cordic_state_2\ * !\CORDIC:cordic_state_1\ * 
              !\CORDIC:cordic_state_0\ * !\CORDIC:dY_out_temp_0\
        );
        Output = \CORDIC:x_pi_lsb_0\ (fanout=2)

    MacroCell: Name=\CORDIC:x_pi_msb_7\, Mode=(T-Register)
        Total # of inputs        : 6
        Total # of product terms : 2
        List of special equations: 
            Clock  = (Net_25) => Global
            Clock Enable: True
        Main Equation            : 2 pterms
        (
              !\CORDIC:x_pi_msb_7\ * !\CORDIC:ctrl_2\ * 
              \CORDIC:cordic_state_2\ * !\CORDIC:cordic_state_1\ * 
              !\CORDIC:cordic_state_0\ * \CORDIC:dY_out_temp_15\
            + \CORDIC:x_pi_msb_7\ * !\CORDIC:ctrl_2\ * 
              \CORDIC:cordic_state_2\ * !\CORDIC:cordic_state_1\ * 
              !\CORDIC:cordic_state_0\ * !\CORDIC:dY_out_temp_15\
        );
        Output = \CORDIC:x_pi_msb_7\ (fanout=2)

    MacroCell: Name=\CORDIC:x_pi_msb_6\, Mode=(T-Register)
        Total # of inputs        : 6
        Total # of product terms : 2
        List of special equations: 
            Clock  = (Net_25) => Global
            Clock Enable: True
        Main Equation            : 2 pterms
        (
              !\CORDIC:x_pi_msb_6\ * !\CORDIC:ctrl_2\ * 
              \CORDIC:cordic_state_2\ * !\CORDIC:cordic_state_1\ * 
              !\CORDIC:cordic_state_0\ * \CORDIC:dY_out_temp_14\
            + \CORDIC:x_pi_msb_6\ * !\CORDIC:ctrl_2\ * 
              \CORDIC:cordic_state_2\ * !\CORDIC:cordic_state_1\ * 
              !\CORDIC:cordic_state_0\ * !\CORDIC:dY_out_temp_14\
        );
        Output = \CORDIC:x_pi_msb_6\ (fanout=2)

    MacroCell: Name=\CORDIC:x_pi_msb_5\, Mode=(T-Register)
        Total # of inputs        : 6
        Total # of product terms : 2
        List of special equations: 
            Clock  = (Net_25) => Global
            Clock Enable: True
        Main Equation            : 2 pterms
        (
              !\CORDIC:x_pi_msb_5\ * !\CORDIC:ctrl_2\ * 
              \CORDIC:cordic_state_2\ * !\CORDIC:cordic_state_1\ * 
              !\CORDIC:cordic_state_0\ * \CORDIC:dY_out_temp_13\
            + \CORDIC:x_pi_msb_5\ * !\CORDIC:ctrl_2\ * 
              \CORDIC:cordic_state_2\ * !\CORDIC:cordic_state_1\ * 
              !\CORDIC:cordic_state_0\ * !\CORDIC:dY_out_temp_13\
        );
        Output = \CORDIC:x_pi_msb_5\ (fanout=2)

    MacroCell: Name=\CORDIC:x_pi_msb_4\, Mode=(T-Register)
        Total # of inputs        : 6
        Total # of product terms : 2
        List of special equations: 
            Clock  = (Net_25) => Global
            Clock Enable: True
        Main Equation            : 2 pterms
        (
              !\CORDIC:x_pi_msb_4\ * !\CORDIC:ctrl_2\ * 
              \CORDIC:cordic_state_2\ * !\CORDIC:cordic_state_1\ * 
              !\CORDIC:cordic_state_0\ * \CORDIC:dY_out_temp_12\
            + \CORDIC:x_pi_msb_4\ * !\CORDIC:ctrl_2\ * 
              \CORDIC:cordic_state_2\ * !\CORDIC:cordic_state_1\ * 
              !\CORDIC:cordic_state_0\ * !\CORDIC:dY_out_temp_12\
        );
        Output = \CORDIC:x_pi_msb_4\ (fanout=2)

    MacroCell: Name=\CORDIC:x_pi_msb_3\, Mode=(T-Register)
        Total # of inputs        : 6
        Total # of product terms : 2
        List of special equations: 
            Clock  = (Net_25) => Global
            Clock Enable: True
        Main Equation            : 2 pterms
        (
              !\CORDIC:x_pi_msb_3\ * !\CORDIC:ctrl_2\ * 
              \CORDIC:cordic_state_2\ * !\CORDIC:cordic_state_1\ * 
              !\CORDIC:cordic_state_0\ * \CORDIC:dY_out_temp_11\
            + \CORDIC:x_pi_msb_3\ * !\CORDIC:ctrl_2\ * 
              \CORDIC:cordic_state_2\ * !\CORDIC:cordic_state_1\ * 
              !\CORDIC:cordic_state_0\ * !\CORDIC:dY_out_temp_11\
        );
        Output = \CORDIC:x_pi_msb_3\ (fanout=2)

    MacroCell: Name=\CORDIC:x_pi_msb_2\, Mode=(T-Register)
        Total # of inputs        : 6
        Total # of product terms : 2
        List of special equations: 
            Clock  = (Net_25) => Global
            Clock Enable: True
        Main Equation            : 2 pterms
        (
              !\CORDIC:x_pi_msb_2\ * !\CORDIC:ctrl_2\ * 
              \CORDIC:cordic_state_2\ * !\CORDIC:cordic_state_1\ * 
              !\CORDIC:cordic_state_0\ * \CORDIC:dY_out_temp_10\
            + \CORDIC:x_pi_msb_2\ * !\CORDIC:ctrl_2\ * 
              \CORDIC:cordic_state_2\ * !\CORDIC:cordic_state_1\ * 
              !\CORDIC:cordic_state_0\ * !\CORDIC:dY_out_temp_10\
        );
        Output = \CORDIC:x_pi_msb_2\ (fanout=2)

    MacroCell: Name=\CORDIC:x_pi_msb_1\, Mode=(T-Register)
        Total # of inputs        : 6
        Total # of product terms : 2
        List of special equations: 
            Clock  = (Net_25) => Global
            Clock Enable: True
        Main Equation            : 2 pterms
        (
              !\CORDIC:x_pi_msb_1\ * !\CORDIC:ctrl_2\ * 
              \CORDIC:cordic_state_2\ * !\CORDIC:cordic_state_1\ * 
              !\CORDIC:cordic_state_0\ * \CORDIC:dY_out_temp_9\
            + \CORDIC:x_pi_msb_1\ * !\CORDIC:ctrl_2\ * 
              \CORDIC:cordic_state_2\ * !\CORDIC:cordic_state_1\ * 
              !\CORDIC:cordic_state_0\ * !\CORDIC:dY_out_temp_9\
        );
        Output = \CORDIC:x_pi_msb_1\ (fanout=2)

    MacroCell: Name=\CORDIC:x_pi_msb_0\, Mode=(T-Register)
        Total # of inputs        : 6
        Total # of product terms : 2
        List of special equations: 
            Clock  = (Net_25) => Global
            Clock Enable: True
        Main Equation            : 2 pterms
        (
              !\CORDIC:x_pi_msb_0\ * !\CORDIC:ctrl_2\ * 
              \CORDIC:cordic_state_2\ * !\CORDIC:cordic_state_1\ * 
              !\CORDIC:cordic_state_0\ * \CORDIC:dY_out_temp_8\
            + \CORDIC:x_pi_msb_0\ * !\CORDIC:ctrl_2\ * 
              \CORDIC:cordic_state_2\ * !\CORDIC:cordic_state_1\ * 
              !\CORDIC:cordic_state_0\ * !\CORDIC:dY_out_temp_8\
        );
        Output = \CORDIC:x_pi_msb_0\ (fanout=2)

    MacroCell: Name=\CORDIC:StatusIntReg_1_status0\, Mode=(D-Register)
        Total # of inputs        : 5
        Total # of product terms : 2
        List of special equations: 
            Clock  = (Net_25) => Global
            Clock Enable: True
        Main Equation            : 2 pterms
        (
              \CORDIC:StatusIntReg_1_status0\ * !\CORDIC:ctrl_2\
            + !\CORDIC:ctrl_2\ * \CORDIC:cordic_state_2\ * 
              \CORDIC:cordic_state_1\ * !\CORDIC:cordic_state_0\
        );
        Output = \CORDIC:StatusIntReg_1_status0\ (fanout=3)

    MacroCell: Name=\CORDIC:iter_3\, Mode=(T-Register)
        Total # of inputs        : 9
        Total # of product terms : 3
        List of special equations: 
            Clock  = (Net_25) => Global
            Clock Enable: True
        Main Equation            : 3 pterms
        (
              \CORDIC:fifo_ready\ * \CORDIC:iter_3\ * 
              !\CORDIC:cordic_state_2\ * !\CORDIC:cordic_state_1\ * 
              !\CORDIC:cordic_state_0\
            + !\CORDIC:iter_3\ * \CORDIC:iter_2\ * \CORDIC:iter_1\ * 
              \CORDIC:iter_0\ * !\CORDIC:ctrl_2\ * \CORDIC:cordic_state_2\ * 
              !\CORDIC:cordic_state_1\ * \CORDIC:cordic_state_0\
            + \CORDIC:iter_3\ * \CORDIC:ctrl_2\
        );
        Output = \CORDIC:iter_3\ (fanout=20)

    MacroCell: Name=\CORDIC:iter_2\, Mode=(T-Register)
        Total # of inputs        : 9
        Total # of product terms : 4
        List of special equations: 
            Clock  = (Net_25) => Global
            Clock Enable: True
        Main Equation            : 4 pterms
        (
              \CORDIC:fifo_ready\ * \CORDIC:iter_2\ * 
              !\CORDIC:cordic_state_2\ * !\CORDIC:cordic_state_1\ * 
              !\CORDIC:cordic_state_0\
            + !\CORDIC:iter_3\ * \CORDIC:iter_1\ * \CORDIC:iter_0\ * 
              !\CORDIC:ctrl_2\ * \CORDIC:cordic_state_2\ * 
              !\CORDIC:cordic_state_1\ * \CORDIC:cordic_state_0\
            + !\CORDIC:iter_2\ * \CORDIC:iter_1\ * \CORDIC:iter_0\ * 
              !\CORDIC:ctrl_2\ * \CORDIC:cordic_state_2\ * 
              !\CORDIC:cordic_state_1\ * \CORDIC:cordic_state_0\
            + \CORDIC:iter_2\ * \CORDIC:ctrl_2\
        );
        Output = \CORDIC:iter_2\ (fanout=20)

    MacroCell: Name=\CORDIC:iter_1\, Mode=(T-Register)
        Total # of inputs        : 9
        Total # of product terms : 5
        List of special equations: 
            Clock  = (Net_25) => Global
            Clock Enable: True
        Main Equation            : 5 pterms
        (
              \CORDIC:fifo_ready\ * \CORDIC:iter_1\ * 
              !\CORDIC:cordic_state_2\ * !\CORDIC:cordic_state_1\ * 
              !\CORDIC:cordic_state_0\
            + !\CORDIC:iter_3\ * \CORDIC:iter_0\ * !\CORDIC:ctrl_2\ * 
              \CORDIC:cordic_state_2\ * !\CORDIC:cordic_state_1\ * 
              \CORDIC:cordic_state_0\
            + !\CORDIC:iter_2\ * \CORDIC:iter_0\ * !\CORDIC:ctrl_2\ * 
              \CORDIC:cordic_state_2\ * !\CORDIC:cordic_state_1\ * 
              \CORDIC:cordic_state_0\
            + !\CORDIC:iter_1\ * \CORDIC:iter_0\ * !\CORDIC:ctrl_2\ * 
              \CORDIC:cordic_state_2\ * !\CORDIC:cordic_state_1\ * 
              \CORDIC:cordic_state_0\
            + \CORDIC:iter_1\ * \CORDIC:ctrl_2\
        );
        Output = \CORDIC:iter_1\ (fanout=20)

    MacroCell: Name=\CORDIC:iter_0\, Mode=(D-Register)
        Total # of inputs        : 9
        Total # of product terms : 6
        List of special equations: 
            Clock  = (Net_25) => Global
            Clock Enable: True
        Main Equation            : 6 pterms
        (
              !\CORDIC:fifo_ready\ * \CORDIC:iter_0\ * !\CORDIC:ctrl_2\ * 
              !\CORDIC:cordic_state_0\
            + \CORDIC:iter_3\ * \CORDIC:iter_2\ * \CORDIC:iter_1\ * 
              \CORDIC:iter_0\ * !\CORDIC:ctrl_2\ * \CORDIC:cordic_state_0\
            + !\CORDIC:iter_0\ * !\CORDIC:ctrl_2\ * \CORDIC:cordic_state_2\ * 
              !\CORDIC:cordic_state_1\ * \CORDIC:cordic_state_0\
            + \CORDIC:iter_0\ * !\CORDIC:ctrl_2\ * !\CORDIC:cordic_state_2\ * 
              \CORDIC:cordic_state_0\
            + \CORDIC:iter_0\ * !\CORDIC:ctrl_2\ * \CORDIC:cordic_state_2\ * 
              !\CORDIC:cordic_state_0\
            + \CORDIC:iter_0\ * !\CORDIC:ctrl_2\ * \CORDIC:cordic_state_1\
        );
        Output = \CORDIC:iter_0\ (fanout=20)

    MacroCell: Name=\CORDIC:current_atan_13\, Mode=(D-Register)
        Total # of inputs        : 4
        Total # of product terms : 1
        List of special equations: 
            Clock  = (Net_25) => Global
            Clock Enable: True
        Main Equation            : 1 pterm
        (
              !\CORDIC:iter_3\ * !\CORDIC:iter_2\ * !\CORDIC:iter_1\ * 
              !\CORDIC:iter_0\
        );
        Output = \CORDIC:current_atan_13\ (fanout=1)

    MacroCell: Name=\CORDIC:current_atan_12\, Mode=(D-Register)
        Total # of inputs        : 4
        Total # of product terms : 1
        List of special equations: 
            Clock  = (Net_25) => Global
            Clock Enable: True
        Main Equation            : 1 pterm
        (
              !\CORDIC:iter_3\ * !\CORDIC:iter_2\ * !\CORDIC:iter_1\ * 
              \CORDIC:iter_0\
        );
        Output = \CORDIC:current_atan_12\ (fanout=1)

    MacroCell: Name=\CORDIC:current_atan_11\, Mode=(D-Register)
        Total # of inputs        : 4
        Total # of product terms : 1
        List of special equations: 
            Clock  = (Net_25) => Global
            Clock Enable: True
        Main Equation            : 1 pterm
        (
              !\CORDIC:iter_3\ * !\CORDIC:iter_2\ * \CORDIC:iter_1\ * 
              !\CORDIC:iter_0\
        );
        Output = \CORDIC:current_atan_11\ (fanout=1)

    MacroCell: Name=\CORDIC:current_atan_10\, Mode=(D-Register)
        Total # of inputs        : 4
        Total # of product terms : 1
        List of special equations: 
            Clock  = (Net_25) => Global
            Clock Enable: True
        Main Equation            : 1 pterm
        (
              !\CORDIC:iter_3\ * !\CORDIC:iter_2\ * \CORDIC:iter_1\ * 
              \CORDIC:iter_0\
        );
        Output = \CORDIC:current_atan_10\ (fanout=1)

    MacroCell: Name=\CORDIC:current_atan_9\, Mode=(D-Register)
        Total # of inputs        : 4
        Total # of product terms : 2
        List of special equations: 
            Clock  = (Net_25) => Global
            Clock Enable: True
        Main Equation            : 2 pterms
        (
              !\CORDIC:iter_3\ * !\CORDIC:iter_2\ * !\CORDIC:iter_1\ * 
              \CORDIC:iter_0\
            + !\CORDIC:iter_3\ * \CORDIC:iter_2\ * !\CORDIC:iter_1\ * 
              !\CORDIC:iter_0\
        );
        Output = \CORDIC:current_atan_9\ (fanout=1)

    MacroCell: Name=\CORDIC:current_atan_8\, Mode=(D-Register)
        Total # of inputs        : 4
        Total # of product terms : 2
        List of special equations: 
            Clock  = (Net_25) => Global
            Clock Enable: True
        Main Equation            : 2 pterms
        (
              !\CORDIC:iter_3\ * !\CORDIC:iter_2\ * \CORDIC:iter_1\
            + !\CORDIC:iter_3\ * \CORDIC:iter_2\ * !\CORDIC:iter_1\ * 
              \CORDIC:iter_0\
        );
        Output = \CORDIC:current_atan_8\ (fanout=1)

    MacroCell: Name=\CORDIC:current_atan_7\, Mode=(D-Register)
        Total # of inputs        : 4
        Total # of product terms : 3
        List of special equations: 
            Clock  = (Net_25) => Global
            Clock Enable: True
        Main Equation            : 3 pterms
        (
              !\CORDIC:iter_3\ * !\CORDIC:iter_2\ * !\CORDIC:iter_1\ * 
              \CORDIC:iter_0\
            + !\CORDIC:iter_3\ * \CORDIC:iter_2\ * !\CORDIC:iter_0\
            + !\CORDIC:iter_3\ * \CORDIC:iter_1\ * !\CORDIC:iter_0\
        );
        Output = \CORDIC:current_atan_7\ (fanout=1)

    MacroCell: Name=\CORDIC:current_atan_6\, Mode=(D-Register)
        Total # of inputs        : 4
        Total # of product terms : 3
        List of special equations: 
            Clock  = (Net_25) => Global
            Clock Enable: True
        Main Equation            : 3 pterms
        (
              !\CORDIC:iter_3\ * !\CORDIC:iter_2\ * \CORDIC:iter_1\ * 
              !\CORDIC:iter_0\
            + !\CORDIC:iter_3\ * \CORDIC:iter_2\ * \CORDIC:iter_0\
            + !\CORDIC:iter_3\ * !\CORDIC:iter_1\ * \CORDIC:iter_0\
        );
        Output = \CORDIC:current_atan_6\ (fanout=1)

    MacroCell: Name=\CORDIC:current_atan_5\, Mode=(D-Register)
        Total # of inputs        : 4
        Total # of product terms : 3
        List of special equations: 
            Clock  = (Net_25) => Global
            Clock Enable: True
        Main Equation            : 3 pterms
        (
              !\CORDIC:iter_3\ * !\CORDIC:iter_2\ * !\CORDIC:iter_1\ * 
              \CORDIC:iter_0\
            + !\CORDIC:iter_3\ * \CORDIC:iter_1\ * !\CORDIC:iter_0\
            + \CORDIC:iter_3\ * !\CORDIC:iter_2\ * !\CORDIC:iter_1\ * 
              !\CORDIC:iter_0\
        );
        Output = \CORDIC:current_atan_5\ (fanout=1)

    MacroCell: Name=\CORDIC:current_atan_4\, Mode=(D-Register)
        Total # of inputs        : 4
        Total # of product terms : 3
        List of special equations: 
            Clock  = (Net_25) => Global
            Clock Enable: True
        Main Equation            : 3 pterms
        (
              !\CORDIC:iter_3\ * !\CORDIC:iter_2\ * \CORDIC:iter_1\
            + !\CORDIC:iter_3\ * \CORDIC:iter_1\ * \CORDIC:iter_0\
            + \CORDIC:iter_3\ * !\CORDIC:iter_2\ * !\CORDIC:iter_1\ * 
              \CORDIC:iter_0\
        );
        Output = \CORDIC:current_atan_4\ (fanout=1)

    MacroCell: Name=\CORDIC:current_atan_3\, Mode=(D-Register)
        Total # of inputs        : 4
        Total # of product terms : 3
        List of special equations: 
            Clock  = (Net_25) => Global
            Clock Enable: True
        Main Equation            : 3 pterms
        (
              !\CORDIC:iter_3\ * \CORDIC:iter_2\ * !\CORDIC:iter_1\ * 
              !\CORDIC:iter_0\
            + \CORDIC:iter_3\ * !\CORDIC:iter_2\ * !\CORDIC:iter_0\
            + !\CORDIC:iter_2\ * \CORDIC:iter_1\ * !\CORDIC:iter_0\
        );
        Output = \CORDIC:current_atan_3\ (fanout=1)

    MacroCell: Name=\CORDIC:current_atan_2\, Mode=(D-Register)
        Total # of inputs        : 4
        Total # of product terms : 2
        List of special equations: 
            Clock  = (Net_25) => Global
            Clock Enable: True
        Main Equation            : 2 pterms
        (
              !\CORDIC:iter_3\ * !\CORDIC:iter_1\ * \CORDIC:iter_0\
            + \CORDIC:iter_3\ * !\CORDIC:iter_2\ * \CORDIC:iter_0\
        );
        Output = \CORDIC:current_atan_2\ (fanout=1)

    MacroCell: Name=\CORDIC:current_atan_1\, Mode=(D-Register)
        Total # of inputs        : 4
        Total # of product terms : 4
        List of special equations: 
            Clock  = (Net_25) => Global
            Clock Enable: True
        Main Equation            : 4 pterms
        (
              !\CORDIC:iter_3\ * \CORDIC:iter_2\ * !\CORDIC:iter_1\
            + !\CORDIC:iter_3\ * \CORDIC:iter_1\ * !\CORDIC:iter_0\
            + !\CORDIC:iter_2\ * \CORDIC:iter_1\ * !\CORDIC:iter_0\
            + \CORDIC:iter_2\ * !\CORDIC:iter_1\ * !\CORDIC:iter_0\
        );
        Output = \CORDIC:current_atan_1\ (fanout=1)

    MacroCell: Name=\CORDIC:current_atan_0\, Mode=(D-Register)
        Total # of inputs        : 4
        Total # of product terms : 5
        List of special equations: 
            Clock  = (Net_25) => Global
            Clock Enable: True
        Main Equation            : 5 pterms
        (
              !\CORDIC:iter_3\ * \CORDIC:iter_1\
            + \CORDIC:iter_3\ * \CORDIC:iter_2\ * !\CORDIC:iter_1\
            + \CORDIC:iter_3\ * !\CORDIC:iter_1\ * !\CORDIC:iter_0\
            + !\CORDIC:iter_2\ * \CORDIC:iter_1\ * \CORDIC:iter_0\
            + \CORDIC:iter_2\ * !\CORDIC:iter_0\
        );
        Output = \CORDIC:current_atan_0\ (fanout=1)

    MacroCell: Name=\CORDIC:cordic_state_2\, Mode=(D-Register)
        Total # of inputs        : 8
        Total # of product terms : 3
        List of special equations: 
            Clock  = (Net_25) => Global
            Clock Enable: True
        Main Equation            : 3 pterms
        (
              \CORDIC:iter_3\ * \CORDIC:iter_2\ * \CORDIC:iter_1\ * 
              \CORDIC:iter_0\ * !\CORDIC:ctrl_2\ * \CORDIC:cordic_state_2\ * 
              !\CORDIC:cordic_state_1\
            + !\CORDIC:ctrl_2\ * !\CORDIC:cordic_state_2\ * 
              \CORDIC:cordic_state_1\
            + !\CORDIC:ctrl_2\ * \CORDIC:cordic_state_2\ * 
              !\CORDIC:cordic_state_1\ * !\CORDIC:cordic_state_0\
        );
        Output = \CORDIC:cordic_state_2\ (fanout=77)

    MacroCell: Name=\CORDIC:cordic_state_1\, Mode=(D-Register)
        Total # of inputs        : 3
        Total # of product terms : 1
        List of special equations: 
            Clock  = (Net_25) => Global
            Clock Enable: True
        Main Equation            : 1 pterm
        (
              !\CORDIC:ctrl_2\ * !\CORDIC:cordic_state_1\ * 
              \CORDIC:cordic_state_0\
        );
        Output = \CORDIC:cordic_state_1\ (fanout=78)

    MacroCell: Name=\CORDIC:cordic_state_0\, Mode=(D-Register)
        Total # of inputs        : 9
        Total # of product terms : 5
        List of special equations: 
            Clock  = (Net_25) => Global
            Clock Enable: True
        Main Equation            : 5 pterms
        !(
              !\CORDIC:fifo_ready\ * !\CORDIC:cordic_state_2\
            + \CORDIC:iter_3\ * \CORDIC:iter_2\ * \CORDIC:iter_1\ * 
              \CORDIC:iter_0\ * \CORDIC:cordic_state_0\
            + \CORDIC:ctrl_2\
            + !\CORDIC:cordic_state_2\ * \CORDIC:cordic_state_0\
            + \CORDIC:cordic_state_1\
        );
        Output = \CORDIC:cordic_state_0\ (fanout=45)

    MacroCell: Name=\CORDIC:core_state_2\, Mode=(D-Register)
        Total # of inputs        : 8
        Total # of product terms : 5
        List of special equations: 
            Clock  = (Net_25) => Global
            Clock Enable: True
        Main Equation            : 5 pterms
        (
              !\CORDIC:fifo_ready\ * !\CORDIC:ctrl_2\ * 
              !\CORDIC:cordic_state_1\ * !\CORDIC:cordic_state_0\ * 
              \CORDIC:core_state_2\
            + !\CORDIC:ctrl_2\ * \CORDIC:cordic_state_2\ * 
              !\CORDIC:cordic_state_1\ * !\CORDIC:cordic_state_0\
            + !\CORDIC:ctrl_2\ * \CORDIC:cordic_state_2\ * 
              !\CORDIC:cordic_state_1\ * !\CORDIC:core_state_2\ * 
              \CORDIC:core_state_1\ * \CORDIC:core_state_0\
            + !\CORDIC:ctrl_2\ * \CORDIC:cordic_state_2\ * 
              !\CORDIC:cordic_state_1\ * \CORDIC:core_state_2\ * 
              !\CORDIC:core_state_1\
            + !\CORDIC:ctrl_2\ * \CORDIC:cordic_state_2\ * 
              !\CORDIC:cordic_state_1\ * \CORDIC:core_state_2\ * 
              !\CORDIC:core_state_0\
        );
        Output = \CORDIC:core_state_2\ (fanout=7)

    MacroCell: Name=\CORDIC:sign\, Mode=(T-Register)
        Total # of inputs        : 5
        Total # of product terms : 2
        List of special equations: 
            Clock  = (Net_25) => Global
            Clock Enable: True
        Main Equation            : 2 pterms
        (
              !\CORDIC:ctrl_2\ * !\CORDIC:cordic_state_2\ * 
              \CORDIC:cordic_state_1\ * !\CORDIC:sign\ * \CORDIC:y_po_msb_7\
            + !\CORDIC:ctrl_2\ * !\CORDIC:cordic_state_2\ * 
              \CORDIC:cordic_state_1\ * \CORDIC:sign\ * !\CORDIC:y_po_msb_7\
        );
        Output = \CORDIC:sign\ (fanout=2)

    MacroCell: Name=\CORDIC:core_state_1\, Mode=(D-Register)
        Total # of inputs        : 8
        Total # of product terms : 5
        List of special equations: 
            Clock  = (Net_25) => Global
            Clock Enable: True
        Main Equation            : 5 pterms
        (
              !\CORDIC:fifo_ready\ * !\CORDIC:ctrl_2\ * 
              !\CORDIC:cordic_state_2\ * !\CORDIC:cordic_state_0\ * 
              \CORDIC:core_state_1\
            + !\CORDIC:ctrl_2\ * !\CORDIC:cordic_state_2\ * 
              \CORDIC:cordic_state_1\
            + !\CORDIC:ctrl_2\ * \CORDIC:cordic_state_2\ * 
              !\CORDIC:cordic_state_1\ * !\CORDIC:cordic_state_0\ * 
              \CORDIC:sign\
            + !\CORDIC:ctrl_2\ * \CORDIC:cordic_state_2\ * 
              !\CORDIC:cordic_state_1\ * \CORDIC:cordic_state_0\ * 
              !\CORDIC:core_state_1\ * \CORDIC:core_state_0\
            + !\CORDIC:ctrl_2\ * \CORDIC:cordic_state_2\ * 
              !\CORDIC:cordic_state_1\ * \CORDIC:cordic_state_0\ * 
              \CORDIC:core_state_1\ * !\CORDIC:core_state_0\
        );
        Output = \CORDIC:core_state_1\ (fanout=8)

    MacroCell: Name=\CORDIC:core_state_0\, Mode=(D-Register)
        Total # of inputs        : 6
        Total # of product terms : 4
        List of special equations: 
            Clock  = (Net_25) => Global
            Clock Enable: True
        Main Equation            : 4 pterms
        (
              \CORDIC:fifo_ready\ * !\CORDIC:ctrl_2\ * 
              !\CORDIC:cordic_state_2\ * !\CORDIC:cordic_state_1\
            + !\CORDIC:ctrl_2\ * !\CORDIC:cordic_state_2\ * 
              !\CORDIC:cordic_state_1\ * \CORDIC:core_state_0\
            + !\CORDIC:ctrl_2\ * !\CORDIC:cordic_state_2\ * 
              \CORDIC:cordic_state_0\
            + !\CORDIC:ctrl_2\ * !\CORDIC:cordic_state_1\ * 
              \CORDIC:cordic_state_0\ * !\CORDIC:core_state_0\
        );
        Output = \CORDIC:core_state_0\ (fanout=9)

    MacroCell: Name=\CORDIC:dY_out_temp_7\, Mode=(T-Register)
        Total # of inputs        : 5
        Total # of product terms : 2
        List of special equations: 
            Clock  = (Net_25) => Global
            Clock Enable: True
        Main Equation            : 2 pterms
        (
              !\CORDIC:ctrl_2\ * !\CORDIC:cordic_state_2\ * 
              \CORDIC:cordic_state_1\ * !\CORDIC:dY_out_temp_7\ * 
              \CORDIC:y_po_lsb_7\
            + !\CORDIC:ctrl_2\ * !\CORDIC:cordic_state_2\ * 
              \CORDIC:cordic_state_1\ * \CORDIC:dY_out_temp_7\ * 
              !\CORDIC:y_po_lsb_7\
        );
        Output = \CORDIC:dY_out_temp_7\ (fanout=2)

    MacroCell: Name=\CORDIC:dY_out_temp_6\, Mode=(T-Register)
        Total # of inputs        : 5
        Total # of product terms : 2
        List of special equations: 
            Clock  = (Net_25) => Global
            Clock Enable: True
        Main Equation            : 2 pterms
        (
              !\CORDIC:ctrl_2\ * !\CORDIC:cordic_state_2\ * 
              \CORDIC:cordic_state_1\ * !\CORDIC:dY_out_temp_6\ * 
              \CORDIC:y_po_lsb_6\
            + !\CORDIC:ctrl_2\ * !\CORDIC:cordic_state_2\ * 
              \CORDIC:cordic_state_1\ * \CORDIC:dY_out_temp_6\ * 
              !\CORDIC:y_po_lsb_6\
        );
        Output = \CORDIC:dY_out_temp_6\ (fanout=2)

    MacroCell: Name=\CORDIC:dY_out_temp_5\, Mode=(T-Register)
        Total # of inputs        : 5
        Total # of product terms : 2
        List of special equations: 
            Clock  = (Net_25) => Global
            Clock Enable: True
        Main Equation            : 2 pterms
        (
              !\CORDIC:ctrl_2\ * !\CORDIC:cordic_state_2\ * 
              \CORDIC:cordic_state_1\ * !\CORDIC:dY_out_temp_5\ * 
              \CORDIC:y_po_lsb_5\
            + !\CORDIC:ctrl_2\ * !\CORDIC:cordic_state_2\ * 
              \CORDIC:cordic_state_1\ * \CORDIC:dY_out_temp_5\ * 
              !\CORDIC:y_po_lsb_5\
        );
        Output = \CORDIC:dY_out_temp_5\ (fanout=2)

    MacroCell: Name=\CORDIC:dY_out_temp_4\, Mode=(T-Register)
        Total # of inputs        : 5
        Total # of product terms : 2
        List of special equations: 
            Clock  = (Net_25) => Global
            Clock Enable: True
        Main Equation            : 2 pterms
        (
              !\CORDIC:ctrl_2\ * !\CORDIC:cordic_state_2\ * 
              \CORDIC:cordic_state_1\ * !\CORDIC:dY_out_temp_4\ * 
              \CORDIC:y_po_lsb_4\
            + !\CORDIC:ctrl_2\ * !\CORDIC:cordic_state_2\ * 
              \CORDIC:cordic_state_1\ * \CORDIC:dY_out_temp_4\ * 
              !\CORDIC:y_po_lsb_4\
        );
        Output = \CORDIC:dY_out_temp_4\ (fanout=2)

    MacroCell: Name=\CORDIC:dY_out_temp_3\, Mode=(T-Register)
        Total # of inputs        : 5
        Total # of product terms : 2
        List of special equations: 
            Clock  = (Net_25) => Global
            Clock Enable: True
        Main Equation            : 2 pterms
        (
              !\CORDIC:ctrl_2\ * !\CORDIC:cordic_state_2\ * 
              \CORDIC:cordic_state_1\ * !\CORDIC:dY_out_temp_3\ * 
              \CORDIC:y_po_lsb_3\
            + !\CORDIC:ctrl_2\ * !\CORDIC:cordic_state_2\ * 
              \CORDIC:cordic_state_1\ * \CORDIC:dY_out_temp_3\ * 
              !\CORDIC:y_po_lsb_3\
        );
        Output = \CORDIC:dY_out_temp_3\ (fanout=2)

    MacroCell: Name=\CORDIC:dY_out_temp_2\, Mode=(T-Register)
        Total # of inputs        : 5
        Total # of product terms : 2
        List of special equations: 
            Clock  = (Net_25) => Global
            Clock Enable: True
        Main Equation            : 2 pterms
        (
              !\CORDIC:ctrl_2\ * !\CORDIC:cordic_state_2\ * 
              \CORDIC:cordic_state_1\ * !\CORDIC:dY_out_temp_2\ * 
              \CORDIC:y_po_lsb_2\
            + !\CORDIC:ctrl_2\ * !\CORDIC:cordic_state_2\ * 
              \CORDIC:cordic_state_1\ * \CORDIC:dY_out_temp_2\ * 
              !\CORDIC:y_po_lsb_2\
        );
        Output = \CORDIC:dY_out_temp_2\ (fanout=2)

    MacroCell: Name=\CORDIC:dY_out_temp_1\, Mode=(T-Register)
        Total # of inputs        : 5
        Total # of product terms : 2
        List of special equations: 
            Clock  = (Net_25) => Global
            Clock Enable: True
        Main Equation            : 2 pterms
        (
              !\CORDIC:ctrl_2\ * !\CORDIC:cordic_state_2\ * 
              \CORDIC:cordic_state_1\ * !\CORDIC:dY_out_temp_1\ * 
              \CORDIC:y_po_lsb_1\
            + !\CORDIC:ctrl_2\ * !\CORDIC:cordic_state_2\ * 
              \CORDIC:cordic_state_1\ * \CORDIC:dY_out_temp_1\ * 
              !\CORDIC:y_po_lsb_1\
        );
        Output = \CORDIC:dY_out_temp_1\ (fanout=2)

    MacroCell: Name=\CORDIC:dY_out_temp_0\, Mode=(T-Register)
        Total # of inputs        : 5
        Total # of product terms : 2
        List of special equations: 
            Clock  = (Net_25) => Global
            Clock Enable: True
        Main Equation            : 2 pterms
        (
              !\CORDIC:ctrl_2\ * !\CORDIC:cordic_state_2\ * 
              \CORDIC:cordic_state_1\ * !\CORDIC:dY_out_temp_0\ * 
              \CORDIC:y_po_lsb_0\
            + !\CORDIC:ctrl_2\ * !\CORDIC:cordic_state_2\ * 
              \CORDIC:cordic_state_1\ * \CORDIC:dY_out_temp_0\ * 
              !\CORDIC:y_po_lsb_0\
        );
        Output = \CORDIC:dY_out_temp_0\ (fanout=2)

    MacroCell: Name=\CORDIC:dY_out_temp_15\, Mode=(T-Register)
        Total # of inputs        : 5
        Total # of product terms : 2
        List of special equations: 
            Clock  = (Net_25) => Global
            Clock Enable: True
        Main Equation            : 2 pterms
        (
              !\CORDIC:ctrl_2\ * !\CORDIC:cordic_state_2\ * 
              \CORDIC:cordic_state_1\ * !\CORDIC:dY_out_temp_15\ * 
              \CORDIC:y_po_msb_7\
            + !\CORDIC:ctrl_2\ * !\CORDIC:cordic_state_2\ * 
              \CORDIC:cordic_state_1\ * \CORDIC:dY_out_temp_15\ * 
              !\CORDIC:y_po_msb_7\
        );
        Output = \CORDIC:dY_out_temp_15\ (fanout=2)

    MacroCell: Name=\CORDIC:dY_out_temp_14\, Mode=(T-Register)
        Total # of inputs        : 5
        Total # of product terms : 2
        List of special equations: 
            Clock  = (Net_25) => Global
            Clock Enable: True
        Main Equation            : 2 pterms
        (
              !\CORDIC:ctrl_2\ * !\CORDIC:cordic_state_2\ * 
              \CORDIC:cordic_state_1\ * !\CORDIC:dY_out_temp_14\ * 
              \CORDIC:y_po_msb_6\
            + !\CORDIC:ctrl_2\ * !\CORDIC:cordic_state_2\ * 
              \CORDIC:cordic_state_1\ * \CORDIC:dY_out_temp_14\ * 
              !\CORDIC:y_po_msb_6\
        );
        Output = \CORDIC:dY_out_temp_14\ (fanout=2)

    MacroCell: Name=\CORDIC:dY_out_temp_13\, Mode=(T-Register)
        Total # of inputs        : 5
        Total # of product terms : 2
        List of special equations: 
            Clock  = (Net_25) => Global
            Clock Enable: True
        Main Equation            : 2 pterms
        (
              !\CORDIC:ctrl_2\ * !\CORDIC:cordic_state_2\ * 
              \CORDIC:cordic_state_1\ * !\CORDIC:dY_out_temp_13\ * 
              \CORDIC:y_po_msb_5\
            + !\CORDIC:ctrl_2\ * !\CORDIC:cordic_state_2\ * 
              \CORDIC:cordic_state_1\ * \CORDIC:dY_out_temp_13\ * 
              !\CORDIC:y_po_msb_5\
        );
        Output = \CORDIC:dY_out_temp_13\ (fanout=2)

    MacroCell: Name=\CORDIC:dY_out_temp_12\, Mode=(T-Register)
        Total # of inputs        : 5
        Total # of product terms : 2
        List of special equations: 
            Clock  = (Net_25) => Global
            Clock Enable: True
        Main Equation            : 2 pterms
        (
              !\CORDIC:ctrl_2\ * !\CORDIC:cordic_state_2\ * 
              \CORDIC:cordic_state_1\ * !\CORDIC:dY_out_temp_12\ * 
              \CORDIC:y_po_msb_4\
            + !\CORDIC:ctrl_2\ * !\CORDIC:cordic_state_2\ * 
              \CORDIC:cordic_state_1\ * \CORDIC:dY_out_temp_12\ * 
              !\CORDIC:y_po_msb_4\
        );
        Output = \CORDIC:dY_out_temp_12\ (fanout=2)

    MacroCell: Name=\CORDIC:dY_out_temp_11\, Mode=(T-Register)
        Total # of inputs        : 5
        Total # of product terms : 2
        List of special equations: 
            Clock  = (Net_25) => Global
            Clock Enable: True
        Main Equation            : 2 pterms
        (
              !\CORDIC:ctrl_2\ * !\CORDIC:cordic_state_2\ * 
              \CORDIC:cordic_state_1\ * !\CORDIC:dY_out_temp_11\ * 
              \CORDIC:y_po_msb_3\
            + !\CORDIC:ctrl_2\ * !\CORDIC:cordic_state_2\ * 
              \CORDIC:cordic_state_1\ * \CORDIC:dY_out_temp_11\ * 
              !\CORDIC:y_po_msb_3\
        );
        Output = \CORDIC:dY_out_temp_11\ (fanout=2)

    MacroCell: Name=\CORDIC:dY_out_temp_10\, Mode=(T-Register)
        Total # of inputs        : 5
        Total # of product terms : 2
        List of special equations: 
            Clock  = (Net_25) => Global
            Clock Enable: True
        Main Equation            : 2 pterms
        (
              !\CORDIC:ctrl_2\ * !\CORDIC:cordic_state_2\ * 
              \CORDIC:cordic_state_1\ * !\CORDIC:dY_out_temp_10\ * 
              \CORDIC:y_po_msb_2\
            + !\CORDIC:ctrl_2\ * !\CORDIC:cordic_state_2\ * 
              \CORDIC:cordic_state_1\ * \CORDIC:dY_out_temp_10\ * 
              !\CORDIC:y_po_msb_2\
        );
        Output = \CORDIC:dY_out_temp_10\ (fanout=2)

    MacroCell: Name=\CORDIC:dY_out_temp_9\, Mode=(T-Register)
        Total # of inputs        : 5
        Total # of product terms : 2
        List of special equations: 
            Clock  = (Net_25) => Global
            Clock Enable: True
        Main Equation            : 2 pterms
        (
              !\CORDIC:ctrl_2\ * !\CORDIC:cordic_state_2\ * 
              \CORDIC:cordic_state_1\ * !\CORDIC:dY_out_temp_9\ * 
              \CORDIC:y_po_msb_1\
            + !\CORDIC:ctrl_2\ * !\CORDIC:cordic_state_2\ * 
              \CORDIC:cordic_state_1\ * \CORDIC:dY_out_temp_9\ * 
              !\CORDIC:y_po_msb_1\
        );
        Output = \CORDIC:dY_out_temp_9\ (fanout=2)

    MacroCell: Name=\CORDIC:dY_out_temp_8\, Mode=(T-Register)
        Total # of inputs        : 5
        Total # of product terms : 2
        List of special equations: 
            Clock  = (Net_25) => Global
            Clock Enable: True
        Main Equation            : 2 pterms
        (
              !\CORDIC:ctrl_2\ * !\CORDIC:cordic_state_2\ * 
              \CORDIC:cordic_state_1\ * !\CORDIC:dY_out_temp_8\ * 
              \CORDIC:y_po_msb_0\
            + !\CORDIC:ctrl_2\ * !\CORDIC:cordic_state_2\ * 
              \CORDIC:cordic_state_1\ * \CORDIC:dY_out_temp_8\ * 
              !\CORDIC:y_po_msb_0\
        );
        Output = \CORDIC:dY_out_temp_8\ (fanout=2)

    MacroCell: Name=\CORDIC:dX_out_temp_7\, Mode=(T-Register)
        Total # of inputs        : 5
        Total # of product terms : 2
        List of special equations: 
            Clock  = (Net_25) => Global
            Clock Enable: True
        Main Equation            : 2 pterms
        (
              !\CORDIC:ctrl_2\ * !\CORDIC:cordic_state_2\ * 
              \CORDIC:cordic_state_1\ * !\CORDIC:dX_out_temp_7\ * 
              \CORDIC:x_po_lsb_7\
            + !\CORDIC:ctrl_2\ * !\CORDIC:cordic_state_2\ * 
              \CORDIC:cordic_state_1\ * \CORDIC:dX_out_temp_7\ * 
              !\CORDIC:x_po_lsb_7\
        );
        Output = \CORDIC:dX_out_temp_7\ (fanout=2)

    MacroCell: Name=\CORDIC:dX_out_temp_6\, Mode=(T-Register)
        Total # of inputs        : 5
        Total # of product terms : 2
        List of special equations: 
            Clock  = (Net_25) => Global
            Clock Enable: True
        Main Equation            : 2 pterms
        (
              !\CORDIC:ctrl_2\ * !\CORDIC:cordic_state_2\ * 
              \CORDIC:cordic_state_1\ * !\CORDIC:dX_out_temp_6\ * 
              \CORDIC:x_po_lsb_6\
            + !\CORDIC:ctrl_2\ * !\CORDIC:cordic_state_2\ * 
              \CORDIC:cordic_state_1\ * \CORDIC:dX_out_temp_6\ * 
              !\CORDIC:x_po_lsb_6\
        );
        Output = \CORDIC:dX_out_temp_6\ (fanout=2)

    MacroCell: Name=\CORDIC:dX_out_temp_5\, Mode=(T-Register)
        Total # of inputs        : 5
        Total # of product terms : 2
        List of special equations: 
            Clock  = (Net_25) => Global
            Clock Enable: True
        Main Equation            : 2 pterms
        (
              !\CORDIC:ctrl_2\ * !\CORDIC:cordic_state_2\ * 
              \CORDIC:cordic_state_1\ * !\CORDIC:dX_out_temp_5\ * 
              \CORDIC:x_po_lsb_5\
            + !\CORDIC:ctrl_2\ * !\CORDIC:cordic_state_2\ * 
              \CORDIC:cordic_state_1\ * \CORDIC:dX_out_temp_5\ * 
              !\CORDIC:x_po_lsb_5\
        );
        Output = \CORDIC:dX_out_temp_5\ (fanout=2)

    MacroCell: Name=\CORDIC:dX_out_temp_4\, Mode=(T-Register)
        Total # of inputs        : 5
        Total # of product terms : 2
        List of special equations: 
            Clock  = (Net_25) => Global
            Clock Enable: True
        Main Equation            : 2 pterms
        (
              !\CORDIC:ctrl_2\ * !\CORDIC:cordic_state_2\ * 
              \CORDIC:cordic_state_1\ * !\CORDIC:dX_out_temp_4\ * 
              \CORDIC:x_po_lsb_4\
            + !\CORDIC:ctrl_2\ * !\CORDIC:cordic_state_2\ * 
              \CORDIC:cordic_state_1\ * \CORDIC:dX_out_temp_4\ * 
              !\CORDIC:x_po_lsb_4\
        );
        Output = \CORDIC:dX_out_temp_4\ (fanout=2)

    MacroCell: Name=\CORDIC:dX_out_temp_3\, Mode=(T-Register)
        Total # of inputs        : 5
        Total # of product terms : 2
        List of special equations: 
            Clock  = (Net_25) => Global
            Clock Enable: True
        Main Equation            : 2 pterms
        (
              !\CORDIC:ctrl_2\ * !\CORDIC:cordic_state_2\ * 
              \CORDIC:cordic_state_1\ * !\CORDIC:dX_out_temp_3\ * 
              \CORDIC:x_po_lsb_3\
            + !\CORDIC:ctrl_2\ * !\CORDIC:cordic_state_2\ * 
              \CORDIC:cordic_state_1\ * \CORDIC:dX_out_temp_3\ * 
              !\CORDIC:x_po_lsb_3\
        );
        Output = \CORDIC:dX_out_temp_3\ (fanout=2)

    MacroCell: Name=\CORDIC:dX_out_temp_2\, Mode=(T-Register)
        Total # of inputs        : 5
        Total # of product terms : 2
        List of special equations: 
            Clock  = (Net_25) => Global
            Clock Enable: True
        Main Equation            : 2 pterms
        (
              !\CORDIC:ctrl_2\ * !\CORDIC:cordic_state_2\ * 
              \CORDIC:cordic_state_1\ * !\CORDIC:dX_out_temp_2\ * 
              \CORDIC:x_po_lsb_2\
            + !\CORDIC:ctrl_2\ * !\CORDIC:cordic_state_2\ * 
              \CORDIC:cordic_state_1\ * \CORDIC:dX_out_temp_2\ * 
              !\CORDIC:x_po_lsb_2\
        );
        Output = \CORDIC:dX_out_temp_2\ (fanout=2)

    MacroCell: Name=\CORDIC:dX_out_temp_1\, Mode=(T-Register)
        Total # of inputs        : 5
        Total # of product terms : 2
        List of special equations: 
            Clock  = (Net_25) => Global
            Clock Enable: True
        Main Equation            : 2 pterms
        (
              !\CORDIC:ctrl_2\ * !\CORDIC:cordic_state_2\ * 
              \CORDIC:cordic_state_1\ * !\CORDIC:dX_out_temp_1\ * 
              \CORDIC:x_po_lsb_1\
            + !\CORDIC:ctrl_2\ * !\CORDIC:cordic_state_2\ * 
              \CORDIC:cordic_state_1\ * \CORDIC:dX_out_temp_1\ * 
              !\CORDIC:x_po_lsb_1\
        );
        Output = \CORDIC:dX_out_temp_1\ (fanout=2)

    MacroCell: Name=\CORDIC:dX_out_temp_0\, Mode=(T-Register)
        Total # of inputs        : 5
        Total # of product terms : 2
        List of special equations: 
            Clock  = (Net_25) => Global
            Clock Enable: True
        Main Equation            : 2 pterms
        (
              !\CORDIC:ctrl_2\ * !\CORDIC:cordic_state_2\ * 
              \CORDIC:cordic_state_1\ * !\CORDIC:dX_out_temp_0\ * 
              \CORDIC:x_po_lsb_0\
            + !\CORDIC:ctrl_2\ * !\CORDIC:cordic_state_2\ * 
              \CORDIC:cordic_state_1\ * \CORDIC:dX_out_temp_0\ * 
              !\CORDIC:x_po_lsb_0\
        );
        Output = \CORDIC:dX_out_temp_0\ (fanout=2)

    MacroCell: Name=\CORDIC:dX_out_temp_15\, Mode=(T-Register)
        Total # of inputs        : 5
        Total # of product terms : 2
        List of special equations: 
            Clock  = (Net_25) => Global
            Clock Enable: True
        Main Equation            : 2 pterms
        (
              !\CORDIC:ctrl_2\ * !\CORDIC:cordic_state_2\ * 
              \CORDIC:cordic_state_1\ * !\CORDIC:dX_out_temp_15\ * 
              \CORDIC:x_po_msb_7\
            + !\CORDIC:ctrl_2\ * !\CORDIC:cordic_state_2\ * 
              \CORDIC:cordic_state_1\ * \CORDIC:dX_out_temp_15\ * 
              !\CORDIC:x_po_msb_7\
        );
        Output = \CORDIC:dX_out_temp_15\ (fanout=2)

    MacroCell: Name=\CORDIC:dX_out_temp_14\, Mode=(T-Register)
        Total # of inputs        : 5
        Total # of product terms : 2
        List of special equations: 
            Clock  = (Net_25) => Global
            Clock Enable: True
        Main Equation            : 2 pterms
        (
              !\CORDIC:ctrl_2\ * !\CORDIC:cordic_state_2\ * 
              \CORDIC:cordic_state_1\ * !\CORDIC:dX_out_temp_14\ * 
              \CORDIC:x_po_msb_6\
            + !\CORDIC:ctrl_2\ * !\CORDIC:cordic_state_2\ * 
              \CORDIC:cordic_state_1\ * \CORDIC:dX_out_temp_14\ * 
              !\CORDIC:x_po_msb_6\
        );
        Output = \CORDIC:dX_out_temp_14\ (fanout=2)

    MacroCell: Name=\CORDIC:dX_out_temp_13\, Mode=(T-Register)
        Total # of inputs        : 5
        Total # of product terms : 2
        List of special equations: 
            Clock  = (Net_25) => Global
            Clock Enable: True
        Main Equation            : 2 pterms
        (
              !\CORDIC:ctrl_2\ * !\CORDIC:cordic_state_2\ * 
              \CORDIC:cordic_state_1\ * !\CORDIC:dX_out_temp_13\ * 
              \CORDIC:x_po_msb_5\
            + !\CORDIC:ctrl_2\ * !\CORDIC:cordic_state_2\ * 
              \CORDIC:cordic_state_1\ * \CORDIC:dX_out_temp_13\ * 
              !\CORDIC:x_po_msb_5\
        );
        Output = \CORDIC:dX_out_temp_13\ (fanout=2)

    MacroCell: Name=\CORDIC:dX_out_temp_12\, Mode=(T-Register)
        Total # of inputs        : 5
        Total # of product terms : 2
        List of special equations: 
            Clock  = (Net_25) => Global
            Clock Enable: True
        Main Equation            : 2 pterms
        (
              !\CORDIC:ctrl_2\ * !\CORDIC:cordic_state_2\ * 
              \CORDIC:cordic_state_1\ * !\CORDIC:dX_out_temp_12\ * 
              \CORDIC:x_po_msb_4\
            + !\CORDIC:ctrl_2\ * !\CORDIC:cordic_state_2\ * 
              \CORDIC:cordic_state_1\ * \CORDIC:dX_out_temp_12\ * 
              !\CORDIC:x_po_msb_4\
        );
        Output = \CORDIC:dX_out_temp_12\ (fanout=2)

    MacroCell: Name=\CORDIC:dX_out_temp_11\, Mode=(T-Register)
        Total # of inputs        : 5
        Total # of product terms : 2
        List of special equations: 
            Clock  = (Net_25) => Global
            Clock Enable: True
        Main Equation            : 2 pterms
        (
              !\CORDIC:ctrl_2\ * !\CORDIC:cordic_state_2\ * 
              \CORDIC:cordic_state_1\ * !\CORDIC:dX_out_temp_11\ * 
              \CORDIC:x_po_msb_3\
            + !\CORDIC:ctrl_2\ * !\CORDIC:cordic_state_2\ * 
              \CORDIC:cordic_state_1\ * \CORDIC:dX_out_temp_11\ * 
              !\CORDIC:x_po_msb_3\
        );
        Output = \CORDIC:dX_out_temp_11\ (fanout=2)

    MacroCell: Name=\CORDIC:dX_out_temp_10\, Mode=(T-Register)
        Total # of inputs        : 5
        Total # of product terms : 2
        List of special equations: 
            Clock  = (Net_25) => Global
            Clock Enable: True
        Main Equation            : 2 pterms
        (
              !\CORDIC:ctrl_2\ * !\CORDIC:cordic_state_2\ * 
              \CORDIC:cordic_state_1\ * !\CORDIC:dX_out_temp_10\ * 
              \CORDIC:x_po_msb_2\
            + !\CORDIC:ctrl_2\ * !\CORDIC:cordic_state_2\ * 
              \CORDIC:cordic_state_1\ * \CORDIC:dX_out_temp_10\ * 
              !\CORDIC:x_po_msb_2\
        );
        Output = \CORDIC:dX_out_temp_10\ (fanout=2)

    MacroCell: Name=\CORDIC:dX_out_temp_9\, Mode=(T-Register)
        Total # of inputs        : 5
        Total # of product terms : 2
        List of special equations: 
            Clock  = (Net_25) => Global
            Clock Enable: True
        Main Equation            : 2 pterms
        (
              !\CORDIC:ctrl_2\ * !\CORDIC:cordic_state_2\ * 
              \CORDIC:cordic_state_1\ * !\CORDIC:dX_out_temp_9\ * 
              \CORDIC:x_po_msb_1\
            + !\CORDIC:ctrl_2\ * !\CORDIC:cordic_state_2\ * 
              \CORDIC:cordic_state_1\ * \CORDIC:dX_out_temp_9\ * 
              !\CORDIC:x_po_msb_1\
        );
        Output = \CORDIC:dX_out_temp_9\ (fanout=2)

    MacroCell: Name=\CORDIC:dX_out_temp_8\, Mode=(T-Register)
        Total # of inputs        : 5
        Total # of product terms : 2
        List of special equations: 
            Clock  = (Net_25) => Global
            Clock Enable: True
        Main Equation            : 2 pterms
        (
              !\CORDIC:ctrl_2\ * !\CORDIC:cordic_state_2\ * 
              \CORDIC:cordic_state_1\ * !\CORDIC:dX_out_temp_8\ * 
              \CORDIC:x_po_msb_0\
            + !\CORDIC:ctrl_2\ * !\CORDIC:cordic_state_2\ * 
              \CORDIC:cordic_state_1\ * \CORDIC:dX_out_temp_8\ * 
              !\CORDIC:x_po_msb_0\
        );
        Output = \CORDIC:dX_out_temp_8\ (fanout=2)
    </CYPRESSTAG>
    <CYPRESSTAG name="Datapath listing">

    ------------------------------------------------------------
    Datapath listing
    ------------------------------------------------------------

    datapathcell: Name =\CORDIC:dp_x_engine_LSB\
        PORT MAP (
            reset => \CORDIC:ctrl_2\ ,
            clock => Net_25 ,
            cs_addr_2 => \CORDIC:core_state_2\ ,
            cs_addr_1 => \CORDIC:core_state_1\ ,
            cs_addr_0 => \CORDIC:core_state_0\ ,
            f1_load => \CORDIC:load_out_fifo\ ,
            f0_blk_stat_comb => \CORDIC:F0_x_lsb_empty\ ,
            chain_out => \CORDIC:chain_x_12\ ,
            p_in_7 => \CORDIC:x_pi_lsb_7\ ,
            p_in_6 => \CORDIC:x_pi_lsb_6\ ,
            p_in_5 => \CORDIC:x_pi_lsb_5\ ,
            p_in_4 => \CORDIC:x_pi_lsb_4\ ,
            p_in_3 => \CORDIC:x_pi_lsb_3\ ,
            p_in_2 => \CORDIC:x_pi_lsb_2\ ,
            p_in_1 => \CORDIC:x_pi_lsb_1\ ,
            p_in_0 => \CORDIC:x_pi_lsb_0\ ,
            p_out_7 => \CORDIC:x_po_lsb_7\ ,
            p_out_6 => \CORDIC:x_po_lsb_6\ ,
            p_out_5 => \CORDIC:x_po_lsb_5\ ,
            p_out_4 => \CORDIC:x_po_lsb_4\ ,
            p_out_3 => \CORDIC:x_po_lsb_3\ ,
            p_out_2 => \CORDIC:x_po_lsb_2\ ,
            p_out_1 => \CORDIC:x_po_lsb_1\ ,
            p_out_0 => \CORDIC:x_po_lsb_0\ );
        Properties:
        {
            a0_init = "00000000"
            a1_init = "00000000"
            ce0_sync = 1
            ce1_sync = 1
            cl0_sync = 1
            cl1_sync = 1
            cmsb_sync = 1
            co_msb_sync = 1
            cy_dpconfig = "0000000000000000000000001100000000000010000100000001001000010000011010000100100000000000000000001000100001001000101001000100000011111111000000001111111111111111101000000000000001100100000000000000000000001000"
            d0_init = "00000000"
            d1_init = "11111111"
            f0_blk_sync = 1
            f0_bus_sync = 1
            f1_blk_sync = 1
            f1_bus_sync = 1
            ff0_sync = 1
            ff1_sync = 1
            ov_msb_sync = 1
            so_sync = 1
            z0_sync = 1
            z1_sync = 1
        }
        Clock Polarity: Active High
        Clock Enable: True
        Next in chain : \CORDIC:dp_x_engine_MSB\

    datapathcell: Name =\CORDIC:dp_x_engine_MSB\
        PORT MAP (
            reset => \CORDIC:ctrl_2\ ,
            clock => Net_25 ,
            cs_addr_2 => \CORDIC:core_state_2\ ,
            cs_addr_1 => \CORDIC:core_state_1\ ,
            cs_addr_0 => \CORDIC:core_state_0\ ,
            f1_load => \CORDIC:load_out_fifo\ ,
            f0_blk_stat_comb => \CORDIC:F0_x_msb_empty\ ,
            chain_in => \CORDIC:chain_x_12\ ,
            p_in_7 => \CORDIC:x_pi_msb_7\ ,
            p_in_6 => \CORDIC:x_pi_msb_6\ ,
            p_in_5 => \CORDIC:x_pi_msb_5\ ,
            p_in_4 => \CORDIC:x_pi_msb_4\ ,
            p_in_3 => \CORDIC:x_pi_msb_3\ ,
            p_in_2 => \CORDIC:x_pi_msb_2\ ,
            p_in_1 => \CORDIC:x_pi_msb_1\ ,
            p_in_0 => \CORDIC:x_pi_msb_0\ ,
            p_out_7 => \CORDIC:x_po_msb_7\ ,
            p_out_6 => \CORDIC:x_po_msb_6\ ,
            p_out_5 => \CORDIC:x_po_msb_5\ ,
            p_out_4 => \CORDIC:x_po_msb_4\ ,
            p_out_3 => \CORDIC:x_po_msb_3\ ,
            p_out_2 => \CORDIC:x_po_msb_2\ ,
            p_out_1 => \CORDIC:x_po_msb_1\ ,
            p_out_0 => \CORDIC:x_po_msb_0\ );
        Properties:
        {
            a0_init = "00000000"
            a1_init = "00000000"
            ce0_sync = 1
            ce1_sync = 1
            cl0_sync = 1
            cl1_sync = 1
            cmsb_sync = 1
            co_msb_sync = 1
            cy_dpconfig = "0000000000000000000000001100000000000010000100000001001000010000011010000100100000000000000000001000100001001000101001000100000011111111000000001111111111111111101000000000000001110100000000000000000000001000"
            d0_init = "00000000"
            d1_init = "11111111"
            f0_blk_sync = 1
            f0_bus_sync = 1
            f1_blk_sync = 1
            f1_bus_sync = 1
            ff0_sync = 1
            ff1_sync = 1
            ov_msb_sync = 1
            so_sync = 1
            z0_sync = 1
            z1_sync = 1
        }
        Clock Polarity: Active High
        Clock Enable: True
        Previous in chain : \CORDIC:dp_x_engine_LSB\

    datapathcell: Name =\CORDIC:dp_y_engine_LSB\
        PORT MAP (
            reset => \CORDIC:ctrl_2\ ,
            clock => Net_25 ,
            cs_addr_2 => \CORDIC:core_state_2\ ,
            cs_addr_1 => \CORDIC:core_state_1\ ,
            cs_addr_0 => \CORDIC:core_state_0\ ,
            f0_blk_stat_comb => \CORDIC:F0_y_lsb_empty\ ,
            chain_out => \CORDIC:chain_y_12\ ,
            p_in_7 => \CORDIC:y_pi_lsb_7\ ,
            p_in_6 => \CORDIC:y_pi_lsb_6\ ,
            p_in_5 => \CORDIC:y_pi_lsb_5\ ,
            p_in_4 => \CORDIC:y_pi_lsb_4\ ,
            p_in_3 => \CORDIC:y_pi_lsb_3\ ,
            p_in_2 => \CORDIC:y_pi_lsb_2\ ,
            p_in_1 => \CORDIC:y_pi_lsb_1\ ,
            p_in_0 => \CORDIC:y_pi_lsb_0\ ,
            p_out_7 => \CORDIC:y_po_lsb_7\ ,
            p_out_6 => \CORDIC:y_po_lsb_6\ ,
            p_out_5 => \CORDIC:y_po_lsb_5\ ,
            p_out_4 => \CORDIC:y_po_lsb_4\ ,
            p_out_3 => \CORDIC:y_po_lsb_3\ ,
            p_out_2 => \CORDIC:y_po_lsb_2\ ,
            p_out_1 => \CORDIC:y_po_lsb_1\ ,
            p_out_0 => \CORDIC:y_po_lsb_0\ );
        Properties:
        {
            a0_init = "00000000"
            a1_init = "00000000"
            ce0_sync = 1
            ce1_sync = 1
            cl0_sync = 1
            cl1_sync = 1
            cmsb_sync = 1
            co_msb_sync = 1
            cy_dpconfig = "0000000000000000000000001100000000000010000100000001001000010000100010000100100010100100010000000110100001001000000000000000000011111111000000001111111111111111101000000000000001100000000000000000000000001000"
            d0_init = "00000000"
            d1_init = "11111111"
            f0_blk_sync = 1
            f0_bus_sync = 1
            f1_blk_sync = 1
            f1_bus_sync = 1
            ff0_sync = 1
            ff1_sync = 1
            ov_msb_sync = 1
            so_sync = 1
            z0_sync = 1
            z1_sync = 1
        }
        Clock Polarity: Active High
        Clock Enable: True
        Next in chain : \CORDIC:dp_y_engine_MSB\

    datapathcell: Name =\CORDIC:dp_y_engine_MSB\
        PORT MAP (
            reset => \CORDIC:ctrl_2\ ,
            clock => Net_25 ,
            cs_addr_2 => \CORDIC:core_state_2\ ,
            cs_addr_1 => \CORDIC:core_state_1\ ,
            cs_addr_0 => \CORDIC:core_state_0\ ,
            f0_blk_stat_comb => \CORDIC:F0_y_msb_empty\ ,
            chain_in => \CORDIC:chain_y_12\ ,
            p_in_7 => \CORDIC:y_pi_msb_7\ ,
            p_in_6 => \CORDIC:y_pi_msb_6\ ,
            p_in_5 => \CORDIC:y_pi_msb_5\ ,
            p_in_4 => \CORDIC:y_pi_msb_4\ ,
            p_in_3 => \CORDIC:y_pi_msb_3\ ,
            p_in_2 => \CORDIC:y_pi_msb_2\ ,
            p_in_1 => \CORDIC:y_pi_msb_1\ ,
            p_in_0 => \CORDIC:y_pi_msb_0\ ,
            p_out_7 => \CORDIC:y_po_msb_7\ ,
            p_out_6 => \CORDIC:y_po_msb_6\ ,
            p_out_5 => \CORDIC:y_po_msb_5\ ,
            p_out_4 => \CORDIC:y_po_msb_4\ ,
            p_out_3 => \CORDIC:y_po_msb_3\ ,
            p_out_2 => \CORDIC:y_po_msb_2\ ,
            p_out_1 => \CORDIC:y_po_msb_1\ ,
            p_out_0 => \CORDIC:y_po_msb_0\ );
        Properties:
        {
            a0_init = "00000000"
            a1_init = "00000000"
            ce0_sync = 1
            ce1_sync = 1
            cl0_sync = 1
            cl1_sync = 1
            cmsb_sync = 1
            co_msb_sync = 1
            cy_dpconfig = "0000000000000000000000001100000000000010000100000001001000010000100010000100100010100100010000000110100001001000000000000000000011111111000000001111111111111111101000000000000001110000000000000000000000001000"
            d0_init = "00000000"
            d1_init = "11111111"
            f0_blk_sync = 1
            f0_bus_sync = 1
            f1_blk_sync = 1
            f1_bus_sync = 1
            ff0_sync = 1
            ff1_sync = 1
            ov_msb_sync = 1
            so_sync = 1
            z0_sync = 1
            z1_sync = 1
        }
        Clock Polarity: Active High
        Clock Enable: True
        Previous in chain : \CORDIC:dp_y_engine_LSB\

    datapathcell: Name =\CORDIC:dp_z_engine_LSB\
        PORT MAP (
            reset => \CORDIC:ctrl_2\ ,
            clock => Net_25 ,
            cs_addr_2 => \CORDIC:core_state_2\ ,
            cs_addr_1 => \CORDIC:core_state_1\ ,
            cs_addr_0 => \CORDIC:core_state_0\ ,
            f1_load => \CORDIC:load_out_fifo\ ,
            chain_out => \CORDIC:chain_z_12\ ,
            p_in_7 => \CORDIC:z_pi_lsb_7\ ,
            p_in_6 => \CORDIC:z_pi_lsb_6\ ,
            p_in_5 => \CORDIC:z_pi_lsb_5\ ,
            p_in_4 => \CORDIC:z_pi_lsb_4\ ,
            p_in_3 => \CORDIC:z_pi_lsb_3\ ,
            p_in_2 => \CORDIC:z_pi_lsb_2\ ,
            p_in_1 => \CORDIC:z_pi_lsb_1\ ,
            p_in_0 => \CORDIC:z_pi_lsb_0\ );
        Properties:
        {
            a0_init = "00000000"
            a1_init = "00000000"
            ce0_sync = 1
            ce1_sync = 1
            cl0_sync = 1
            cl1_sync = 1
            cmsb_sync = 1
            co_msb_sync = 1
            cy_dpconfig = "0000000000000000000000001100000000000000000000000000000000000000011010000100100000000000000000001000100001001000101001000100000011111111000000001111111111111111101000000000000001100100000000000000000000001000"
            d0_init = "00000000"
            d1_init = "11111111"
            f0_blk_sync = 1
            f0_bus_sync = 1
            f1_blk_sync = 1
            f1_bus_sync = 1
            ff0_sync = 1
            ff1_sync = 1
            ov_msb_sync = 1
            so_sync = 1
            z0_sync = 1
            z1_sync = 1
        }
        Clock Polarity: Active High
        Clock Enable: True
        Next in chain : \CORDIC:dp_z_engine_MSB\

    datapathcell: Name =\CORDIC:dp_z_engine_MSB\
        PORT MAP (
            reset => \CORDIC:ctrl_2\ ,
            clock => Net_25 ,
            cs_addr_2 => \CORDIC:core_state_2\ ,
            cs_addr_1 => \CORDIC:core_state_1\ ,
            cs_addr_0 => \CORDIC:core_state_0\ ,
            f1_load => \CORDIC:load_out_fifo\ ,
            chain_in => \CORDIC:chain_z_12\ ,
            p_in_7 => \CORDIC:z_pi_msb_7\ ,
            p_in_6 => \CORDIC:z_pi_msb_7\ ,
            p_in_5 => \CORDIC:z_pi_msb_5\ ,
            p_in_4 => \CORDIC:z_pi_msb_4\ ,
            p_in_3 => \CORDIC:z_pi_msb_3\ ,
            p_in_2 => \CORDIC:z_pi_msb_2\ ,
            p_in_1 => \CORDIC:z_pi_msb_1\ ,
            p_in_0 => \CORDIC:z_pi_msb_0\ );
        Properties:
        {
            a0_init = "00000000"
            a1_init = "00000000"
            ce0_sync = 1
            ce1_sync = 1
            cl0_sync = 1
            cl1_sync = 1
            cmsb_sync = 1
            co_msb_sync = 1
            cy_dpconfig = "0000000000000000000000001100000000000000000000000000000000000000011010000100100000000000000000001000100001001000101001000100000011111111000000001111111111111111101000000000000001110100000000000000000000001000"
            d0_init = "00000000"
            d1_init = "11111111"
            f0_blk_sync = 1
            f0_bus_sync = 1
            f1_blk_sync = 1
            f1_bus_sync = 1
            ff0_sync = 1
            ff1_sync = 1
            ov_msb_sync = 1
            so_sync = 1
            z0_sync = 1
            z1_sync = 1
        }
        Clock Polarity: Active High
        Clock Enable: True
        Previous in chain : \CORDIC:dp_z_engine_LSB\
    </CYPRESSTAG>
    <CYPRESSTAG name="Status register listing">

    ------------------------------------------------------------
    Status register listing
    ------------------------------------------------------------

    statuscell: Name =\CORDIC:StsReg\
        PORT MAP (
            reset => \CORDIC:ctrl_2\ ,
            status_4 => \CORDIC:mystatus_4\ ,
            status_3 => \CORDIC:mystatus_3\ ,
            status_2 => \CORDIC:StatusIntReg_1_status0\ ,
            status_1 => \CORDIC:mystatus_1\ );
        Properties:
        {
            cy_force_order = 1
            cy_md_select = "00000000"
        }
        Clock Enable: True
    </CYPRESSTAG>
    <CYPRESSTAG name="StatusI register listing">

    ------------------------------------------------------------
    StatusI register listing
    ------------------------------------------------------------

    statusicell: Name =\CORDIC:StatusIntReg_1:sts_intr:sts_reg\
        PORT MAP (
            clock => Net_25 ,
            status_0 => \CORDIC:StatusIntReg_1_status0\ ,
            interrupt => Net_42 );
        Properties:
        {
            cy_force_order = 1
            cy_int_mask = "1111111"
            cy_md_select = "1111111"
        }
        Clock Polarity: Active High
        Clock Enable: True
    </CYPRESSTAG>
    <CYPRESSTAG name="Sync listing">
    </CYPRESSTAG>
    <CYPRESSTAG name="Control register listing">

    ------------------------------------------------------------
    Control register listing
    ------------------------------------------------------------

    controlcell: Name =\CORDIC:CtlReg\
        PORT MAP (
            control_7 => \CORDIC:ctrl_7\ ,
            control_6 => \CORDIC:ctrl_6\ ,
            control_5 => \CORDIC:ctrl_5\ ,
            control_4 => \CORDIC:ctrl_4\ ,
            control_3 => \CORDIC:ctrl_3\ ,
            control_2 => \CORDIC:ctrl_2\ ,
            control_1 => \CORDIC:ctrl_1\ ,
            control_0 => \CORDIC:ctrl_0\ );
        Properties:
        {
            cy_ctrl_mode_0 = "00000000"
            cy_ctrl_mode_1 = "00000000"
            cy_ext_reset = 0
            cy_force_order = 1
            cy_init_value = "00000000"
        }
        Clock Enable: True
    </CYPRESSTAG>
    <CYPRESSTAG name="Count7 listing">
    </CYPRESSTAG>
    <CYPRESSTAG name="DRQ listing">
    </CYPRESSTAG>
    <CYPRESSTAG name="Interrupt listing">

    ------------------------------------------------------------
    Interrupt listing
    ------------------------------------------------------------

    interrupt: Name =\CAN:isr\
        PORT MAP (
            interrupt => Net_12 );
        Properties:
        {
            int_type = "10"
            is_nmi = 0
        }

    interrupt: Name =CORDIC_ISR
        PORT MAP (
            interrupt => Net_42 );
        Properties:
        {
            int_type = "10"
            is_nmi = 0
        }

    interrupt: Name =\I2C_1:I2C_IRQ\
        PORT MAP (
            interrupt => \I2C_1:Net_697\ );
        Properties:
        {
            int_type = "00"
            is_nmi = 0
        }
    </CYPRESSTAG>
</CYPRESSTAG>
<CYPRESSTAG name="Technology mapping summary" expanded>

------------------------------------------------------------
Technology mapping summary
------------------------------------------------------------

Resource Type                 : Used : Free :  Max :  % Used
============================================================
Digital Clocks                :    1 :    7 :    8 : 12.50 %
Analog Clocks                 :    0 :    4 :    4 :  0.00 %
CapSense Buffers              :    0 :    2 :    2 :  0.00 %
Digital Filter Block          :    0 :    1 :    1 :  0.00 %
Interrupts                    :    3 :   29 :   32 :  9.38 %
IO                            :    7 :   41 :   48 : 14.58 %
Segment LCD                   :    0 :    1 :    1 :  0.00 %
CAN 2.0b                      :    1 :    0 :    1 : 100.00 %
I2C                           :    1 :    0 :    1 : 100.00 %
USB                           :    0 :    1 :    1 :  0.00 %
DMA Channels                  :    0 :   24 :   24 :  0.00 %
Timer                         :    0 :    4 :    4 :  0.00 %
UDB                           :      :      :      :        
  Macrocells                  :  110 :   82 :  192 : 57.29 %
  Unique P-terms              :  216 :  168 :  384 : 56.25 %
  Total P-terms               :  228 :      :      :        
  Datapath Cells              :    6 :   18 :   24 : 25.00 %
  Status Cells                :    4 :   20 :   24 : 16.67 %
    Status Registers          :    1 :      :      :        
    StatusI Registers         :    1 :      :      :        
    Datapath Parallel In      :    2 :      :      :        
  Control Cells               :    1 :   23 :   24 :  4.17 %
    Control Registers         :    1 :      :      :        
Opamp                         :    0 :    4 :    4 :  0.00 %
Comparator                    :    0 :    4 :    4 :  0.00 %
Delta-Sigma ADC               :    0 :    1 :    1 :  0.00 %
LPF                           :    0 :    2 :    2 :  0.00 %
SAR ADC                       :    0 :    2 :    2 :  0.00 %
Analog (SC/CT) Blocks         :    0 :    4 :    4 :  0.00 %
DAC                           :      :      :      :        
  VIDAC                       :    0 :    4 :    4 :  0.00 %
</CYPRESSTAG>
Technology Mapping: Elapsed time ==> 0s.169ms
Tech Mapping phase: Elapsed time ==> 0s.237ms
</CYPRESSTAG>
<CYPRESSTAG name="Analog Placement">
Initial Analog Placement Results:
Analog Placement phase: Elapsed time ==> 0s.020ms
</CYPRESSTAG>
<CYPRESSTAG name="Analog Routing">
Analog Routing phase: Elapsed time ==> 0s.000ms
</CYPRESSTAG>
<CYPRESSTAG name="Analog Code Generation">
============ Analog Final Answer Routes ============
Dump of CyAnalogRoutingResultsDB
Map of net to items {
}
Map of item to net {
}
Mux Info {
}
Dump of CyP35AnalogRoutingResultsDB
IsVddaHalfUsedForComp = False
IsVddaHalfUsedForSar0 = False
IsVddaHalfUsedForSar1 = False
Analog Code Generation phase: Elapsed time ==> 0s.207ms
</CYPRESSTAG>
<CYPRESSTAG name="Digital Placement">
<CYPRESSTAG name="Detailed placement messages">
I2076: Total run-time: 3.4 sec.

</CYPRESSTAG>
<CYPRESSTAG name="PLD Packing">
<CYPRESSTAG name="PLD Packing Summary" expanded>

------------------------------------------------------------
PLD Packing Summary
------------------------------------------------------------
            Resource Type : Used : Free :  Max :  % Used
    ====================================================
                     PLDs :   32 :   16 :   48 :  66.67%

<CYPRESSTAG name="PLD Statistics">

        PLD Resource Type :     Average/LAB
    =======================================
                   Inputs :            9.13
                   Pterms :            7.06
               Macrocells :            3.44
</CYPRESSTAG>
<CYPRESSTAG name="Packed PLD Contents">
Packed PLD Contents not displayed at this verbose level.</CYPRESSTAG>
</CYPRESSTAG>
PLD Packing: Elapsed time ==> 0s.001ms
</CYPRESSTAG>
<CYPRESSTAG name="Partitioning">
<CYPRESSTAG name="Initial Partitioning Summary">
Initial Partitioning Summary not displayed at this verbose level.</CYPRESSTAG>
<CYPRESSTAG name="Final Partitioning Summary">
Final Partitioning Summary not displayed at this verbose level.</CYPRESSTAG>
Partitioning: Elapsed time ==> 0s.034ms
</CYPRESSTAG>
<CYPRESSTAG name="Final Placement Summary">

------------------------------------------------------------
Final Placement Summary
------------------------------------------------------------

       Resource Type :      Count : Avg Inputs : Avg Outputs
    ========================================================
                 UDB :         18 :      13.17 :       6.11
<CYPRESSTAG name="Final Placement Details">
<CYPRESSTAG name="Component Details">

------------------------------------------------------------
Component Placement Details
------------------------------------------------------------
UDB [UDB=(0,0)] contents:
datapathcell: Name =\CORDIC:dp_x_engine_LSB\
    PORT MAP (
        reset => \CORDIC:ctrl_2\ ,
        clock => Net_25 ,
        cs_addr_2 => \CORDIC:core_state_2\ ,
        cs_addr_1 => \CORDIC:core_state_1\ ,
        cs_addr_0 => \CORDIC:core_state_0\ ,
        f1_load => \CORDIC:load_out_fifo\ ,
        f0_blk_stat_comb => \CORDIC:F0_x_lsb_empty\ ,
        chain_out => \CORDIC:chain_x_12\ );
    Properties:
    {
        a0_init = "00000000"
        a1_init = "00000000"
        ce0_sync = 1
        ce1_sync = 1
        cl0_sync = 1
        cl1_sync = 1
        cmsb_sync = 1
        co_msb_sync = 1
        cy_dpconfig = "0000000000000000000000001100000000000010000100000001001000010000011010000100100000000000000000001000100001001000101001000100000011111111000000001111111111111111101000000000000001100100000000000000000000001000"
        d0_init = "00000000"
        d1_init = "11111111"
        f0_blk_sync = 1
        f0_bus_sync = 1
        f1_blk_sync = 1
        f1_bus_sync = 1
        ff0_sync = 1
        ff1_sync = 1
        ov_msb_sync = 1
        so_sync = 1
        z0_sync = 1
        z1_sync = 1
    }
    Clock Polarity: Active High
    Clock Enable: True
    Next in chain : \CORDIC:dp_x_engine_MSB\

UDB [UDB=(0,1)] contents:
LAB@[UDB=(0,1)][LB=0] #macrocells=1, #inputs=8, #pterms=5
{
    [McSlotId=0]: (empty)
    [McSlotId=1]: (empty)
    [McSlotId=2]:     MacroCell: Name=\CORDIC:core_state_2\, Mode=(D-Register) @ [UDB=(0,1)][LB=0][MC=2]
        Total # of inputs        : 8
        Total # of product terms : 5
        List of special equations: 
            Clock  = (Net_25) => Global
            Clock Enable: True
        Main Equation            : 5 pterms
        (
              !\CORDIC:fifo_ready\ * !\CORDIC:ctrl_2\ * 
              !\CORDIC:cordic_state_1\ * !\CORDIC:cordic_state_0\ * 
              \CORDIC:core_state_2\
            + !\CORDIC:ctrl_2\ * \CORDIC:cordic_state_2\ * 
              !\CORDIC:cordic_state_1\ * !\CORDIC:cordic_state_0\
            + !\CORDIC:ctrl_2\ * \CORDIC:cordic_state_2\ * 
              !\CORDIC:cordic_state_1\ * !\CORDIC:core_state_2\ * 
              \CORDIC:core_state_1\ * \CORDIC:core_state_0\
            + !\CORDIC:ctrl_2\ * \CORDIC:cordic_state_2\ * 
              !\CORDIC:cordic_state_1\ * \CORDIC:core_state_2\ * 
              !\CORDIC:core_state_1\
            + !\CORDIC:ctrl_2\ * \CORDIC:cordic_state_2\ * 
              !\CORDIC:cordic_state_1\ * \CORDIC:core_state_2\ * 
              !\CORDIC:core_state_0\
        );
        Output = \CORDIC:core_state_2\ (fanout=7)
        Properties               : 
        {
        }

    [McSlotId=3]: (empty)
}

datapathcell: Name =\CORDIC:dp_y_engine_MSB\
    PORT MAP (
        reset => \CORDIC:ctrl_2\ ,
        clock => Net_25 ,
        cs_addr_2 => \CORDIC:core_state_2\ ,
        cs_addr_1 => \CORDIC:core_state_1\ ,
        cs_addr_0 => \CORDIC:core_state_0\ ,
        f0_blk_stat_comb => \CORDIC:F0_y_msb_empty\ ,
        chain_in => \CORDIC:chain_y_12\ );
    Properties:
    {
        a0_init = "00000000"
        a1_init = "00000000"
        ce0_sync = 1
        ce1_sync = 1
        cl0_sync = 1
        cl1_sync = 1
        cmsb_sync = 1
        co_msb_sync = 1
        cy_dpconfig = "0000000000000000000000001100000000000010000100000001001000010000100010000100100010100100010000000110100001001000000000000000000011111111000000001111111111111111101000000000000001110000000000000000000000001000"
        d0_init = "00000000"
        d1_init = "11111111"
        f0_blk_sync = 1
        f0_bus_sync = 1
        f1_blk_sync = 1
        f1_bus_sync = 1
        ff0_sync = 1
        ff1_sync = 1
        ov_msb_sync = 1
        so_sync = 1
        z0_sync = 1
        z1_sync = 1
    }
    Clock Polarity: Active High
    Clock Enable: True
    Previous in chain : \CORDIC:dp_y_engine_LSB\

UDB [UDB=(0,2)] contents:
LAB@[UDB=(0,2)][LB=0] #macrocells=2, #inputs=9, #pterms=8
{
    [McSlotId=0]: (empty)
    [McSlotId=1]: (empty)
    [McSlotId=2]:     MacroCell: Name=\CORDIC:iter_1\, Mode=(T-Register) @ [UDB=(0,2)][LB=0][MC=2]
        Total # of inputs        : 9
        Total # of product terms : 5
        List of special equations: 
            Clock  = (Net_25) => Global
            Clock Enable: True
        Main Equation            : 5 pterms
        (
              \CORDIC:fifo_ready\ * \CORDIC:iter_1\ * 
              !\CORDIC:cordic_state_2\ * !\CORDIC:cordic_state_1\ * 
              !\CORDIC:cordic_state_0\
            + !\CORDIC:iter_3\ * \CORDIC:iter_0\ * !\CORDIC:ctrl_2\ * 
              \CORDIC:cordic_state_2\ * !\CORDIC:cordic_state_1\ * 
              \CORDIC:cordic_state_0\
            + !\CORDIC:iter_2\ * \CORDIC:iter_0\ * !\CORDIC:ctrl_2\ * 
              \CORDIC:cordic_state_2\ * !\CORDIC:cordic_state_1\ * 
              \CORDIC:cordic_state_0\
            + !\CORDIC:iter_1\ * \CORDIC:iter_0\ * !\CORDIC:ctrl_2\ * 
              \CORDIC:cordic_state_2\ * !\CORDIC:cordic_state_1\ * 
              \CORDIC:cordic_state_0\
            + \CORDIC:iter_1\ * \CORDIC:ctrl_2\
        );
        Output = \CORDIC:iter_1\ (fanout=20)
        Properties               : 
        {
        }

    [McSlotId=3]:     MacroCell: Name=\CORDIC:iter_3\, Mode=(T-Register) @ [UDB=(0,2)][LB=0][MC=3]
        Total # of inputs        : 9
        Total # of product terms : 3
        List of special equations: 
            Clock  = (Net_25) => Global
            Clock Enable: True
        Main Equation            : 3 pterms
        (
              \CORDIC:fifo_ready\ * \CORDIC:iter_3\ * 
              !\CORDIC:cordic_state_2\ * !\CORDIC:cordic_state_1\ * 
              !\CORDIC:cordic_state_0\
            + !\CORDIC:iter_3\ * \CORDIC:iter_2\ * \CORDIC:iter_1\ * 
              \CORDIC:iter_0\ * !\CORDIC:ctrl_2\ * \CORDIC:cordic_state_2\ * 
              !\CORDIC:cordic_state_1\ * \CORDIC:cordic_state_0\
            + \CORDIC:iter_3\ * \CORDIC:ctrl_2\
        );
        Output = \CORDIC:iter_3\ (fanout=20)
        Properties               : 
        {
        }
}

LAB@[UDB=(0,2)][LB=1] #macrocells=4, #inputs=10, #pterms=8
{
    [McSlotId=0]:     MacroCell: Name=\CORDIC:x_pi_msb_6\, Mode=(T-Register) @ [UDB=(0,2)][LB=1][MC=0]
        Total # of inputs        : 6
        Total # of product terms : 2
        List of special equations: 
            Clock  = (Net_25) => Global
            Clock Enable: True
        Main Equation            : 2 pterms
        (
              !\CORDIC:x_pi_msb_6\ * !\CORDIC:ctrl_2\ * 
              \CORDIC:cordic_state_2\ * !\CORDIC:cordic_state_1\ * 
              !\CORDIC:cordic_state_0\ * \CORDIC:dY_out_temp_14\
            + \CORDIC:x_pi_msb_6\ * !\CORDIC:ctrl_2\ * 
              \CORDIC:cordic_state_2\ * !\CORDIC:cordic_state_1\ * 
              !\CORDIC:cordic_state_0\ * !\CORDIC:dY_out_temp_14\
        );
        Output = \CORDIC:x_pi_msb_6\ (fanout=2)
        Properties               : 
        {
        }

    [McSlotId=1]:     MacroCell: Name=\CORDIC:y_pi_lsb_4\, Mode=(T-Register) @ [UDB=(0,2)][LB=1][MC=1]
        Total # of inputs        : 6
        Total # of product terms : 2
        List of special equations: 
            Clock  = (Net_25) => Global
            Clock Enable: True
        Main Equation            : 2 pterms
        (
              !\CORDIC:y_pi_lsb_4\ * !\CORDIC:ctrl_2\ * 
              \CORDIC:cordic_state_2\ * !\CORDIC:cordic_state_1\ * 
              !\CORDIC:cordic_state_0\ * \CORDIC:dX_out_temp_4\
            + \CORDIC:y_pi_lsb_4\ * !\CORDIC:ctrl_2\ * 
              \CORDIC:cordic_state_2\ * !\CORDIC:cordic_state_1\ * 
              !\CORDIC:cordic_state_0\ * !\CORDIC:dX_out_temp_4\
        );
        Output = \CORDIC:y_pi_lsb_4\ (fanout=2)
        Properties               : 
        {
        }

    [McSlotId=2]:     MacroCell: Name=\CORDIC:dX_out_temp_4\, Mode=(T-Register) @ [UDB=(0,2)][LB=1][MC=2]
        Total # of inputs        : 5
        Total # of product terms : 2
        List of special equations: 
            Clock  = (Net_25) => Global
            Clock Enable: True
        Main Equation            : 2 pterms
        (
              !\CORDIC:ctrl_2\ * !\CORDIC:cordic_state_2\ * 
              \CORDIC:cordic_state_1\ * !\CORDIC:dX_out_temp_4\ * 
              \CORDIC:x_po_lsb_4\
            + !\CORDIC:ctrl_2\ * !\CORDIC:cordic_state_2\ * 
              \CORDIC:cordic_state_1\ * \CORDIC:dX_out_temp_4\ * 
              !\CORDIC:x_po_lsb_4\
        );
        Output = \CORDIC:dX_out_temp_4\ (fanout=2)
        Properties               : 
        {
        }

    [McSlotId=3]:     MacroCell: Name=\CORDIC:dY_out_temp_14\, Mode=(T-Register) @ [UDB=(0,2)][LB=1][MC=3]
        Total # of inputs        : 5
        Total # of product terms : 2
        List of special equations: 
            Clock  = (Net_25) => Global
            Clock Enable: True
        Main Equation            : 2 pterms
        (
              !\CORDIC:ctrl_2\ * !\CORDIC:cordic_state_2\ * 
              \CORDIC:cordic_state_1\ * !\CORDIC:dY_out_temp_14\ * 
              \CORDIC:y_po_msb_6\
            + !\CORDIC:ctrl_2\ * !\CORDIC:cordic_state_2\ * 
              \CORDIC:cordic_state_1\ * \CORDIC:dY_out_temp_14\ * 
              !\CORDIC:y_po_msb_6\
        );
        Output = \CORDIC:dY_out_temp_14\ (fanout=2)
        Properties               : 
        {
        }
}

controlcell: Name =\CORDIC:CtlReg\
    PORT MAP (
        control_7 => \CORDIC:ctrl_7\ ,
        control_6 => \CORDIC:ctrl_6\ ,
        control_5 => \CORDIC:ctrl_5\ ,
        control_4 => \CORDIC:ctrl_4\ ,
        control_3 => \CORDIC:ctrl_3\ ,
        control_2 => \CORDIC:ctrl_2\ ,
        control_1 => \CORDIC:ctrl_1\ ,
        control_0 => \CORDIC:ctrl_0\ );
    Properties:
    {
        cy_ctrl_mode_0 = "00000000"
        cy_ctrl_mode_1 = "00000000"
        cy_ext_reset = 0
        cy_force_order = 1
        cy_init_value = "00000000"
    }
    Clock Enable: True

UDB [UDB=(0,3)] contents:
LAB@[UDB=(0,3)][LB=0] #macrocells=4, #inputs=10, #pterms=8
{
    [McSlotId=0]:     MacroCell: Name=\CORDIC:x_pi_msb_7\, Mode=(T-Register) @ [UDB=(0,3)][LB=0][MC=0]
        Total # of inputs        : 6
        Total # of product terms : 2
        List of special equations: 
            Clock  = (Net_25) => Global
            Clock Enable: True
        Main Equation            : 2 pterms
        (
              !\CORDIC:x_pi_msb_7\ * !\CORDIC:ctrl_2\ * 
              \CORDIC:cordic_state_2\ * !\CORDIC:cordic_state_1\ * 
              !\CORDIC:cordic_state_0\ * \CORDIC:dY_out_temp_15\
            + \CORDIC:x_pi_msb_7\ * !\CORDIC:ctrl_2\ * 
              \CORDIC:cordic_state_2\ * !\CORDIC:cordic_state_1\ * 
              !\CORDIC:cordic_state_0\ * !\CORDIC:dY_out_temp_15\
        );
        Output = \CORDIC:x_pi_msb_7\ (fanout=2)
        Properties               : 
        {
        }

    [McSlotId=1]:     MacroCell: Name=\CORDIC:sign\, Mode=(T-Register) @ [UDB=(0,3)][LB=0][MC=1]
        Total # of inputs        : 5
        Total # of product terms : 2
        List of special equations: 
            Clock  = (Net_25) => Global
            Clock Enable: True
        Main Equation            : 2 pterms
        (
              !\CORDIC:ctrl_2\ * !\CORDIC:cordic_state_2\ * 
              \CORDIC:cordic_state_1\ * !\CORDIC:sign\ * \CORDIC:y_po_msb_7\
            + !\CORDIC:ctrl_2\ * !\CORDIC:cordic_state_2\ * 
              \CORDIC:cordic_state_1\ * \CORDIC:sign\ * !\CORDIC:y_po_msb_7\
        );
        Output = \CORDIC:sign\ (fanout=2)
        Properties               : 
        {
        }

    [McSlotId=2]:     MacroCell: Name=\CORDIC:dY_out_temp_15\, Mode=(T-Register) @ [UDB=(0,3)][LB=0][MC=2]
        Total # of inputs        : 5
        Total # of product terms : 2
        List of special equations: 
            Clock  = (Net_25) => Global
            Clock Enable: True
        Main Equation            : 2 pterms
        (
              !\CORDIC:ctrl_2\ * !\CORDIC:cordic_state_2\ * 
              \CORDIC:cordic_state_1\ * !\CORDIC:dY_out_temp_15\ * 
              \CORDIC:y_po_msb_7\
            + !\CORDIC:ctrl_2\ * !\CORDIC:cordic_state_2\ * 
              \CORDIC:cordic_state_1\ * \CORDIC:dY_out_temp_15\ * 
              !\CORDIC:y_po_msb_7\
        );
        Output = \CORDIC:dY_out_temp_15\ (fanout=2)
        Properties               : 
        {
        }

    [McSlotId=3]:     MacroCell: Name=\CORDIC:y_pi_msb_4\, Mode=(T-Register) @ [UDB=(0,3)][LB=0][MC=3]
        Total # of inputs        : 6
        Total # of product terms : 2
        List of special equations: 
            Clock  = (Net_25) => Global
            Clock Enable: True
        Main Equation            : 2 pterms
        (
              !\CORDIC:y_pi_msb_4\ * !\CORDIC:ctrl_2\ * 
              \CORDIC:cordic_state_2\ * !\CORDIC:cordic_state_1\ * 
              !\CORDIC:cordic_state_0\ * \CORDIC:dX_out_temp_12\
            + \CORDIC:y_pi_msb_4\ * !\CORDIC:ctrl_2\ * 
              \CORDIC:cordic_state_2\ * !\CORDIC:cordic_state_1\ * 
              !\CORDIC:cordic_state_0\ * !\CORDIC:dX_out_temp_12\
        );
        Output = \CORDIC:y_pi_msb_4\ (fanout=2)
        Properties               : 
        {
        }
}

LAB@[UDB=(0,3)][LB=1] #macrocells=3, #inputs=10, #pterms=8
{
    [McSlotId=0]:     MacroCell: Name=\CORDIC:core_state_1\, Mode=(D-Register) @ [UDB=(0,3)][LB=1][MC=0]
        Total # of inputs        : 8
        Total # of product terms : 5
        List of special equations: 
            Clock  = (Net_25) => Global
            Clock Enable: True
        Main Equation            : 5 pterms
        (
              !\CORDIC:fifo_ready\ * !\CORDIC:ctrl_2\ * 
              !\CORDIC:cordic_state_2\ * !\CORDIC:cordic_state_0\ * 
              \CORDIC:core_state_1\
            + !\CORDIC:ctrl_2\ * !\CORDIC:cordic_state_2\ * 
              \CORDIC:cordic_state_1\
            + !\CORDIC:ctrl_2\ * \CORDIC:cordic_state_2\ * 
              !\CORDIC:cordic_state_1\ * !\CORDIC:cordic_state_0\ * 
              \CORDIC:sign\
            + !\CORDIC:ctrl_2\ * \CORDIC:cordic_state_2\ * 
              !\CORDIC:cordic_state_1\ * \CORDIC:cordic_state_0\ * 
              !\CORDIC:core_state_1\ * \CORDIC:core_state_0\
            + !\CORDIC:ctrl_2\ * \CORDIC:cordic_state_2\ * 
              !\CORDIC:cordic_state_1\ * \CORDIC:cordic_state_0\ * 
              \CORDIC:core_state_1\ * !\CORDIC:core_state_0\
        );
        Output = \CORDIC:core_state_1\ (fanout=8)
        Properties               : 
        {
        }

    [McSlotId=1]:     MacroCell: Name=\CORDIC:x_pi_lsb_0\, Mode=(T-Register) @ [UDB=(0,3)][LB=1][MC=1]
        Total # of inputs        : 6
        Total # of product terms : 2
        List of special equations: 
            Clock  = (Net_25) => Global
            Clock Enable: True
        Main Equation            : 2 pterms
        (
              !\CORDIC:x_pi_lsb_0\ * !\CORDIC:ctrl_2\ * 
              \CORDIC:cordic_state_2\ * !\CORDIC:cordic_state_1\ * 
              !\CORDIC:cordic_state_0\ * \CORDIC:dY_out_temp_0\
            + \CORDIC:x_pi_lsb_0\ * !\CORDIC:ctrl_2\ * 
              \CORDIC:cordic_state_2\ * !\CORDIC:cordic_state_1\ * 
              !\CORDIC:cordic_state_0\ * !\CORDIC:dY_out_temp_0\
        );
        Output = \CORDIC:x_pi_lsb_0\ (fanout=2)
        Properties               : 
        {
        }

    [McSlotId=2]:     MacroCell: Name=\CORDIC:cordic_state_1\, Mode=(D-Register) @ [UDB=(0,3)][LB=1][MC=2]
        Total # of inputs        : 3
        Total # of product terms : 1
        List of special equations: 
            Clock  = (Net_25) => Global
            Clock Enable: True
        Main Equation            : 1 pterm
        (
              !\CORDIC:ctrl_2\ * !\CORDIC:cordic_state_1\ * 
              \CORDIC:cordic_state_0\
        );
        Output = \CORDIC:cordic_state_1\ (fanout=78)
        Properties               : 
        {
        }

    [McSlotId=3]: (empty)
}

UDB [UDB=(0,4)] contents:
LAB@[UDB=(0,4)][LB=0] #macrocells=4, #inputs=5, #pterms=8
{
    [McSlotId=0]:     MacroCell: Name=\CORDIC:current_atan_5\, Mode=(D-Register) @ [UDB=(0,4)][LB=0][MC=0]
        Total # of inputs        : 4
        Total # of product terms : 3
        List of special equations: 
            Clock  = (Net_25) => Global
            Clock Enable: True
        Main Equation            : 3 pterms
        (
              !\CORDIC:iter_3\ * !\CORDIC:iter_2\ * !\CORDIC:iter_1\ * 
              \CORDIC:iter_0\
            + !\CORDIC:iter_3\ * \CORDIC:iter_1\ * !\CORDIC:iter_0\
            + \CORDIC:iter_3\ * !\CORDIC:iter_2\ * !\CORDIC:iter_1\ * 
              !\CORDIC:iter_0\
        );
        Output = \CORDIC:current_atan_5\ (fanout=1)
        Properties               : 
        {
        }

    [McSlotId=1]:     MacroCell: Name=\CORDIC:current_atan_4\, Mode=(D-Register) @ [UDB=(0,4)][LB=0][MC=1]
        Total # of inputs        : 4
        Total # of product terms : 3
        List of special equations: 
            Clock  = (Net_25) => Global
            Clock Enable: True
        Main Equation            : 3 pterms
        (
              !\CORDIC:iter_3\ * !\CORDIC:iter_2\ * \CORDIC:iter_1\
            + !\CORDIC:iter_3\ * \CORDIC:iter_1\ * \CORDIC:iter_0\
            + \CORDIC:iter_3\ * !\CORDIC:iter_2\ * !\CORDIC:iter_1\ * 
              \CORDIC:iter_0\
        );
        Output = \CORDIC:current_atan_4\ (fanout=1)
        Properties               : 
        {
        }

    [McSlotId=2]:     MacroCell: Name=\CORDIC:current_atan_7\, Mode=(D-Register) @ [UDB=(0,4)][LB=0][MC=2]
        Total # of inputs        : 4
        Total # of product terms : 3
        List of special equations: 
            Clock  = (Net_25) => Global
            Clock Enable: True
        Main Equation            : 3 pterms
        (
              !\CORDIC:iter_3\ * !\CORDIC:iter_2\ * !\CORDIC:iter_1\ * 
              \CORDIC:iter_0\
            + !\CORDIC:iter_3\ * \CORDIC:iter_2\ * !\CORDIC:iter_0\
            + !\CORDIC:iter_3\ * \CORDIC:iter_1\ * !\CORDIC:iter_0\
        );
        Output = \CORDIC:current_atan_7\ (fanout=1)
        Properties               : 
        {
        }

    [McSlotId=3]:     MacroCell: Name=\CORDIC:z_pi_lsb_5\, Mode=(D-Register) @ [UDB=(0,4)][LB=0][MC=3]
        Total # of inputs        : 1
        Total # of product terms : 1
        List of special equations: 
            Clock  = (Net_25) => Global
            Clock Enable: True
        Main Equation            : 1 pterm
        (
              \CORDIC:current_atan_5\
        );
        Output = \CORDIC:z_pi_lsb_5\ (fanout=1)
        Properties               : 
        {
        }
}

LAB@[UDB=(0,4)][LB=1] #macrocells=4, #inputs=10, #pterms=8
{
    [McSlotId=0]:     MacroCell: Name=\CORDIC:x_pi_lsb_4\, Mode=(T-Register) @ [UDB=(0,4)][LB=1][MC=0]
        Total # of inputs        : 6
        Total # of product terms : 2
        List of special equations: 
            Clock  = (Net_25) => Global
            Clock Enable: True
        Main Equation            : 2 pterms
        (
              !\CORDIC:x_pi_lsb_4\ * !\CORDIC:ctrl_2\ * 
              \CORDIC:cordic_state_2\ * !\CORDIC:cordic_state_1\ * 
              !\CORDIC:cordic_state_0\ * \CORDIC:dY_out_temp_4\
            + \CORDIC:x_pi_lsb_4\ * !\CORDIC:ctrl_2\ * 
              \CORDIC:cordic_state_2\ * !\CORDIC:cordic_state_1\ * 
              !\CORDIC:cordic_state_0\ * !\CORDIC:dY_out_temp_4\
        );
        Output = \CORDIC:x_pi_lsb_4\ (fanout=2)
        Properties               : 
        {
        }

    [McSlotId=1]:     MacroCell: Name=\CORDIC:dY_out_temp_4\, Mode=(T-Register) @ [UDB=(0,4)][LB=1][MC=1]
        Total # of inputs        : 5
        Total # of product terms : 2
        List of special equations: 
            Clock  = (Net_25) => Global
            Clock Enable: True
        Main Equation            : 2 pterms
        (
              !\CORDIC:ctrl_2\ * !\CORDIC:cordic_state_2\ * 
              \CORDIC:cordic_state_1\ * !\CORDIC:dY_out_temp_4\ * 
              \CORDIC:y_po_lsb_4\
            + !\CORDIC:ctrl_2\ * !\CORDIC:cordic_state_2\ * 
              \CORDIC:cordic_state_1\ * \CORDIC:dY_out_temp_4\ * 
              !\CORDIC:y_po_lsb_4\
        );
        Output = \CORDIC:dY_out_temp_4\ (fanout=2)
        Properties               : 
        {
        }

    [McSlotId=2]:     MacroCell: Name=\CORDIC:x_pi_lsb_7\, Mode=(T-Register) @ [UDB=(0,4)][LB=1][MC=2]
        Total # of inputs        : 6
        Total # of product terms : 2
        List of special equations: 
            Clock  = (Net_25) => Global
            Clock Enable: True
        Main Equation            : 2 pterms
        (
              !\CORDIC:x_pi_lsb_7\ * !\CORDIC:ctrl_2\ * 
              \CORDIC:cordic_state_2\ * !\CORDIC:cordic_state_1\ * 
              !\CORDIC:cordic_state_0\ * \CORDIC:dY_out_temp_7\
            + \CORDIC:x_pi_lsb_7\ * !\CORDIC:ctrl_2\ * 
              \CORDIC:cordic_state_2\ * !\CORDIC:cordic_state_1\ * 
              !\CORDIC:cordic_state_0\ * !\CORDIC:dY_out_temp_7\
        );
        Output = \CORDIC:x_pi_lsb_7\ (fanout=2)
        Properties               : 
        {
        }

    [McSlotId=3]:     MacroCell: Name=\CORDIC:dY_out_temp_7\, Mode=(T-Register) @ [UDB=(0,4)][LB=1][MC=3]
        Total # of inputs        : 5
        Total # of product terms : 2
        List of special equations: 
            Clock  = (Net_25) => Global
            Clock Enable: True
        Main Equation            : 2 pterms
        (
              !\CORDIC:ctrl_2\ * !\CORDIC:cordic_state_2\ * 
              \CORDIC:cordic_state_1\ * !\CORDIC:dY_out_temp_7\ * 
              \CORDIC:y_po_lsb_7\
            + !\CORDIC:ctrl_2\ * !\CORDIC:cordic_state_2\ * 
              \CORDIC:cordic_state_1\ * \CORDIC:dY_out_temp_7\ * 
              !\CORDIC:y_po_lsb_7\
        );
        Output = \CORDIC:dY_out_temp_7\ (fanout=2)
        Properties               : 
        {
        }
}

UDB [UDB=(0,5)] is empty.
UDB [UDB=(1,0)] contents:
LAB@[UDB=(1,0)][LB=0] #macrocells=2, #inputs=9, #pterms=8
{
    [McSlotId=0]:     MacroCell: Name=\CORDIC:iter_0\, Mode=(D-Register) @ [UDB=(1,0)][LB=0][MC=0]
        Total # of inputs        : 9
        Total # of product terms : 6
        List of special equations: 
            Clock  = (Net_25) => Global
            Clock Enable: True
        Main Equation            : 6 pterms
        (
              !\CORDIC:fifo_ready\ * \CORDIC:iter_0\ * !\CORDIC:ctrl_2\ * 
              !\CORDIC:cordic_state_0\
            + \CORDIC:iter_3\ * \CORDIC:iter_2\ * \CORDIC:iter_1\ * 
              \CORDIC:iter_0\ * !\CORDIC:ctrl_2\ * \CORDIC:cordic_state_0\
            + !\CORDIC:iter_0\ * !\CORDIC:ctrl_2\ * \CORDIC:cordic_state_2\ * 
              !\CORDIC:cordic_state_1\ * \CORDIC:cordic_state_0\
            + \CORDIC:iter_0\ * !\CORDIC:ctrl_2\ * !\CORDIC:cordic_state_2\ * 
              \CORDIC:cordic_state_0\
            + \CORDIC:iter_0\ * !\CORDIC:ctrl_2\ * \CORDIC:cordic_state_2\ * 
              !\CORDIC:cordic_state_0\
            + \CORDIC:iter_0\ * !\CORDIC:ctrl_2\ * \CORDIC:cordic_state_1\
        );
        Output = \CORDIC:iter_0\ (fanout=20)
        Properties               : 
        {
        }

    [McSlotId=1]: (empty)
    [McSlotId=2]:     MacroCell: Name=\CORDIC:current_atan_2\, Mode=(D-Register) @ [UDB=(1,0)][LB=0][MC=2]
        Total # of inputs        : 4
        Total # of product terms : 2
        List of special equations: 
            Clock  = (Net_25) => Global
            Clock Enable: True
        Main Equation            : 2 pterms
        (
              !\CORDIC:iter_3\ * !\CORDIC:iter_1\ * \CORDIC:iter_0\
            + \CORDIC:iter_3\ * !\CORDIC:iter_2\ * \CORDIC:iter_0\
        );
        Output = \CORDIC:current_atan_2\ (fanout=1)
        Properties               : 
        {
        }

    [McSlotId=3]: (empty)
}

LAB@[UDB=(1,0)][LB=1] #macrocells=3, #inputs=11, #pterms=7
{
    [McSlotId=0]:     MacroCell: Name=\CORDIC:iter_2\, Mode=(T-Register) @ [UDB=(1,0)][LB=1][MC=0]
        Total # of inputs        : 9
        Total # of product terms : 4
        List of special equations: 
            Clock  = (Net_25) => Global
            Clock Enable: True
        Main Equation            : 4 pterms
        (
              \CORDIC:fifo_ready\ * \CORDIC:iter_2\ * 
              !\CORDIC:cordic_state_2\ * !\CORDIC:cordic_state_1\ * 
              !\CORDIC:cordic_state_0\
            + !\CORDIC:iter_3\ * \CORDIC:iter_1\ * \CORDIC:iter_0\ * 
              !\CORDIC:ctrl_2\ * \CORDIC:cordic_state_2\ * 
              !\CORDIC:cordic_state_1\ * \CORDIC:cordic_state_0\
            + !\CORDIC:iter_2\ * \CORDIC:iter_1\ * \CORDIC:iter_0\ * 
              !\CORDIC:ctrl_2\ * \CORDIC:cordic_state_2\ * 
              !\CORDIC:cordic_state_1\ * \CORDIC:cordic_state_0\
            + \CORDIC:iter_2\ * \CORDIC:ctrl_2\
        );
        Output = \CORDIC:iter_2\ (fanout=20)
        Properties               : 
        {
        }

    [McSlotId=1]:     MacroCell: Name=\CORDIC:current_atan_10\, Mode=(D-Register) @ [UDB=(1,0)][LB=1][MC=1]
        Total # of inputs        : 4
        Total # of product terms : 1
        List of special equations: 
            Clock  = (Net_25) => Global
            Clock Enable: True
        Main Equation            : 1 pterm
        (
              !\CORDIC:iter_3\ * !\CORDIC:iter_2\ * \CORDIC:iter_1\ * 
              \CORDIC:iter_0\
        );
        Output = \CORDIC:current_atan_10\ (fanout=1)
        Properties               : 
        {
        }

    [McSlotId=2]: (empty)
    [McSlotId=3]:     MacroCell: Name=\CORDIC:dX_out_temp_2\, Mode=(T-Register) @ [UDB=(1,0)][LB=1][MC=3]
        Total # of inputs        : 5
        Total # of product terms : 2
        List of special equations: 
            Clock  = (Net_25) => Global
            Clock Enable: True
        Main Equation            : 2 pterms
        (
              !\CORDIC:ctrl_2\ * !\CORDIC:cordic_state_2\ * 
              \CORDIC:cordic_state_1\ * !\CORDIC:dX_out_temp_2\ * 
              \CORDIC:x_po_lsb_2\
            + !\CORDIC:ctrl_2\ * !\CORDIC:cordic_state_2\ * 
              \CORDIC:cordic_state_1\ * \CORDIC:dX_out_temp_2\ * 
              !\CORDIC:x_po_lsb_2\
        );
        Output = \CORDIC:dX_out_temp_2\ (fanout=2)
        Properties               : 
        {
        }
}

datapathcell: Name =\CORDIC:dp_x_engine_MSB\
    PORT MAP (
        reset => \CORDIC:ctrl_2\ ,
        clock => Net_25 ,
        cs_addr_2 => \CORDIC:core_state_2\ ,
        cs_addr_1 => \CORDIC:core_state_1\ ,
        cs_addr_0 => \CORDIC:core_state_0\ ,
        f1_load => \CORDIC:load_out_fifo\ ,
        f0_blk_stat_comb => \CORDIC:F0_x_msb_empty\ ,
        chain_in => \CORDIC:chain_x_12\ );
    Properties:
    {
        a0_init = "00000000"
        a1_init = "00000000"
        ce0_sync = 1
        ce1_sync = 1
        cl0_sync = 1
        cl1_sync = 1
        cmsb_sync = 1
        co_msb_sync = 1
        cy_dpconfig = "0000000000000000000000001100000000000010000100000001001000010000011010000100100000000000000000001000100001001000101001000100000011111111000000001111111111111111101000000000000001110100000000000000000000001000"
        d0_init = "00000000"
        d1_init = "11111111"
        f0_blk_sync = 1
        f0_bus_sync = 1
        f1_blk_sync = 1
        f1_bus_sync = 1
        ff0_sync = 1
        ff1_sync = 1
        ov_msb_sync = 1
        so_sync = 1
        z0_sync = 1
        z1_sync = 1
    }
    Clock Polarity: Active High
    Clock Enable: True
    Previous in chain : \CORDIC:dp_x_engine_LSB\

UDB [UDB=(1,1)] contents:
LAB@[UDB=(1,1)][LB=0] #macrocells=4, #inputs=10, #pterms=8
{
    [McSlotId=0]:     MacroCell: Name=\CORDIC:dY_out_temp_3\, Mode=(T-Register) @ [UDB=(1,1)][LB=0][MC=0]
        Total # of inputs        : 5
        Total # of product terms : 2
        List of special equations: 
            Clock  = (Net_25) => Global
            Clock Enable: True
        Main Equation            : 2 pterms
        (
              !\CORDIC:ctrl_2\ * !\CORDIC:cordic_state_2\ * 
              \CORDIC:cordic_state_1\ * !\CORDIC:dY_out_temp_3\ * 
              \CORDIC:y_po_lsb_3\
            + !\CORDIC:ctrl_2\ * !\CORDIC:cordic_state_2\ * 
              \CORDIC:cordic_state_1\ * \CORDIC:dY_out_temp_3\ * 
              !\CORDIC:y_po_lsb_3\
        );
        Output = \CORDIC:dY_out_temp_3\ (fanout=2)
        Properties               : 
        {
        }

    [McSlotId=1]:     MacroCell: Name=\CORDIC:x_pi_lsb_3\, Mode=(T-Register) @ [UDB=(1,1)][LB=0][MC=1]
        Total # of inputs        : 6
        Total # of product terms : 2
        List of special equations: 
            Clock  = (Net_25) => Global
            Clock Enable: True
        Main Equation            : 2 pterms
        (
              !\CORDIC:x_pi_lsb_3\ * !\CORDIC:ctrl_2\ * 
              \CORDIC:cordic_state_2\ * !\CORDIC:cordic_state_1\ * 
              !\CORDIC:cordic_state_0\ * \CORDIC:dY_out_temp_3\
            + \CORDIC:x_pi_lsb_3\ * !\CORDIC:ctrl_2\ * 
              \CORDIC:cordic_state_2\ * !\CORDIC:cordic_state_1\ * 
              !\CORDIC:cordic_state_0\ * !\CORDIC:dY_out_temp_3\
        );
        Output = \CORDIC:x_pi_lsb_3\ (fanout=2)
        Properties               : 
        {
        }

    [McSlotId=2]:     MacroCell: Name=\CORDIC:dY_out_temp_5\, Mode=(T-Register) @ [UDB=(1,1)][LB=0][MC=2]
        Total # of inputs        : 5
        Total # of product terms : 2
        List of special equations: 
            Clock  = (Net_25) => Global
            Clock Enable: True
        Main Equation            : 2 pterms
        (
              !\CORDIC:ctrl_2\ * !\CORDIC:cordic_state_2\ * 
              \CORDIC:cordic_state_1\ * !\CORDIC:dY_out_temp_5\ * 
              \CORDIC:y_po_lsb_5\
            + !\CORDIC:ctrl_2\ * !\CORDIC:cordic_state_2\ * 
              \CORDIC:cordic_state_1\ * \CORDIC:dY_out_temp_5\ * 
              !\CORDIC:y_po_lsb_5\
        );
        Output = \CORDIC:dY_out_temp_5\ (fanout=2)
        Properties               : 
        {
        }

    [McSlotId=3]:     MacroCell: Name=\CORDIC:x_pi_lsb_5\, Mode=(T-Register) @ [UDB=(1,1)][LB=0][MC=3]
        Total # of inputs        : 6
        Total # of product terms : 2
        List of special equations: 
            Clock  = (Net_25) => Global
            Clock Enable: True
        Main Equation            : 2 pterms
        (
              !\CORDIC:x_pi_lsb_5\ * !\CORDIC:ctrl_2\ * 
              \CORDIC:cordic_state_2\ * !\CORDIC:cordic_state_1\ * 
              !\CORDIC:cordic_state_0\ * \CORDIC:dY_out_temp_5\
            + \CORDIC:x_pi_lsb_5\ * !\CORDIC:ctrl_2\ * 
              \CORDIC:cordic_state_2\ * !\CORDIC:cordic_state_1\ * 
              !\CORDIC:cordic_state_0\ * !\CORDIC:dY_out_temp_5\
        );
        Output = \CORDIC:x_pi_lsb_5\ (fanout=2)
        Properties               : 
        {
        }
}

LAB@[UDB=(1,1)][LB=1] #macrocells=4, #inputs=12, #pterms=8
{
    [McSlotId=0]:     MacroCell: Name=\CORDIC:fifo_ready\, Mode=(Combinatorial) @ [UDB=(1,1)][LB=1][MC=0]
        Total # of inputs        : 4
        Total # of product terms : 1
            Clock Enable: True
        Main Equation            : 1 pterm
        (
              !\CORDIC:F0_x_lsb_empty\ * !\CORDIC:F0_x_msb_empty\ * 
              !\CORDIC:F0_y_lsb_empty\ * !\CORDIC:F0_y_msb_empty\
        );
        Output = \CORDIC:fifo_ready\ (fanout=8)
        Properties               : 
        {
            soft = 1
        }

    [McSlotId=1]:     MacroCell: Name=\CORDIC:mystatus_3\, Mode=(Combinatorial) @ [UDB=(1,1)][LB=1][MC=1]
        Total # of inputs        : 2
        Total # of product terms : 1
            Clock Enable: True
        Main Equation            : 1 pterm
        (
              !\CORDIC:F0_y_lsb_empty\ * !\CORDIC:F0_y_msb_empty\
        );
        Output = \CORDIC:mystatus_3\ (fanout=1)
        Properties               : 
        {
        }

    [McSlotId=2]:     MacroCell: Name=\CORDIC:core_state_0\, Mode=(D-Register) @ [UDB=(1,1)][LB=1][MC=2]
        Total # of inputs        : 6
        Total # of product terms : 4
        List of special equations: 
            Clock  = (Net_25) => Global
            Clock Enable: True
        Main Equation            : 4 pterms
        (
              \CORDIC:fifo_ready\ * !\CORDIC:ctrl_2\ * 
              !\CORDIC:cordic_state_2\ * !\CORDIC:cordic_state_1\
            + !\CORDIC:ctrl_2\ * !\CORDIC:cordic_state_2\ * 
              !\CORDIC:cordic_state_1\ * \CORDIC:core_state_0\
            + !\CORDIC:ctrl_2\ * !\CORDIC:cordic_state_2\ * 
              \CORDIC:cordic_state_0\
            + !\CORDIC:ctrl_2\ * !\CORDIC:cordic_state_1\ * 
              \CORDIC:cordic_state_0\ * !\CORDIC:core_state_0\
        );
        Output = \CORDIC:core_state_0\ (fanout=9)
        Properties               : 
        {
        }

    [McSlotId=3]:     MacroCell: Name=\CORDIC:y_pi_lsb_2\, Mode=(T-Register) @ [UDB=(1,1)][LB=1][MC=3]
        Total # of inputs        : 6
        Total # of product terms : 2
        List of special equations: 
            Clock  = (Net_25) => Global
            Clock Enable: True
        Main Equation            : 2 pterms
        (
              !\CORDIC:y_pi_lsb_2\ * !\CORDIC:ctrl_2\ * 
              \CORDIC:cordic_state_2\ * !\CORDIC:cordic_state_1\ * 
              !\CORDIC:cordic_state_0\ * \CORDIC:dX_out_temp_2\
            + \CORDIC:y_pi_lsb_2\ * !\CORDIC:ctrl_2\ * 
              \CORDIC:cordic_state_2\ * !\CORDIC:cordic_state_1\ * 
              !\CORDIC:cordic_state_0\ * !\CORDIC:dX_out_temp_2\
        );
        Output = \CORDIC:y_pi_lsb_2\ (fanout=2)
        Properties               : 
        {
        }
}

datapathcell: Name =\CORDIC:dp_y_engine_LSB\
    PORT MAP (
        reset => \CORDIC:ctrl_2\ ,
        clock => Net_25 ,
        cs_addr_2 => \CORDIC:core_state_2\ ,
        cs_addr_1 => \CORDIC:core_state_1\ ,
        cs_addr_0 => \CORDIC:core_state_0\ ,
        f0_blk_stat_comb => \CORDIC:F0_y_lsb_empty\ ,
        chain_out => \CORDIC:chain_y_12\ );
    Properties:
    {
        a0_init = "00000000"
        a1_init = "00000000"
        ce0_sync = 1
        ce1_sync = 1
        cl0_sync = 1
        cl1_sync = 1
        cmsb_sync = 1
        co_msb_sync = 1
        cy_dpconfig = "0000000000000000000000001100000000000010000100000001001000010000100010000100100010100100010000000110100001001000000000000000000011111111000000001111111111111111101000000000000001100000000000000000000000001000"
        d0_init = "00000000"
        d1_init = "11111111"
        f0_blk_sync = 1
        f0_bus_sync = 1
        f1_blk_sync = 1
        f1_bus_sync = 1
        ff0_sync = 1
        ff1_sync = 1
        ov_msb_sync = 1
        so_sync = 1
        z0_sync = 1
        z1_sync = 1
    }
    Clock Polarity: Active High
    Clock Enable: True
    Next in chain : \CORDIC:dp_y_engine_MSB\

UDB [UDB=(1,2)] contents:
LAB@[UDB=(1,2)][LB=0] #macrocells=4, #inputs=5, #pterms=8
{
    [McSlotId=0]:     MacroCell: Name=\CORDIC:current_atan_9\, Mode=(D-Register) @ [UDB=(1,2)][LB=0][MC=0]
        Total # of inputs        : 4
        Total # of product terms : 2
        List of special equations: 
            Clock  = (Net_25) => Global
            Clock Enable: True
        Main Equation            : 2 pterms
        (
              !\CORDIC:iter_3\ * !\CORDIC:iter_2\ * !\CORDIC:iter_1\ * 
              \CORDIC:iter_0\
            + !\CORDIC:iter_3\ * \CORDIC:iter_2\ * !\CORDIC:iter_1\ * 
              !\CORDIC:iter_0\
        );
        Output = \CORDIC:current_atan_9\ (fanout=1)
        Properties               : 
        {
        }

    [McSlotId=1]:     MacroCell: Name=\CORDIC:current_atan_13\, Mode=(D-Register) @ [UDB=(1,2)][LB=0][MC=1]
        Total # of inputs        : 4
        Total # of product terms : 1
        List of special equations: 
            Clock  = (Net_25) => Global
            Clock Enable: True
        Main Equation            : 1 pterm
        (
              !\CORDIC:iter_3\ * !\CORDIC:iter_2\ * !\CORDIC:iter_1\ * 
              !\CORDIC:iter_0\
        );
        Output = \CORDIC:current_atan_13\ (fanout=1)
        Properties               : 
        {
        }

    [McSlotId=2]:     MacroCell: Name=\CORDIC:z_pi_msb_4\, Mode=(D-Register) @ [UDB=(1,2)][LB=0][MC=2]
        Total # of inputs        : 1
        Total # of product terms : 1
        List of special equations: 
            Clock  = (Net_25) => Global
            Clock Enable: True
        Main Equation            : 1 pterm
        (
              \CORDIC:current_atan_12\
        );
        Output = \CORDIC:z_pi_msb_4\ (fanout=1)
        Properties               : 
        {
        }

    [McSlotId=3]:     MacroCell: Name=\CORDIC:current_atan_1\, Mode=(D-Register) @ [UDB=(1,2)][LB=0][MC=3]
        Total # of inputs        : 4
        Total # of product terms : 4
        List of special equations: 
            Clock  = (Net_25) => Global
            Clock Enable: True
        Main Equation            : 4 pterms
        (
              !\CORDIC:iter_3\ * \CORDIC:iter_2\ * !\CORDIC:iter_1\
            + !\CORDIC:iter_3\ * \CORDIC:iter_1\ * !\CORDIC:iter_0\
            + !\CORDIC:iter_2\ * \CORDIC:iter_1\ * !\CORDIC:iter_0\
            + \CORDIC:iter_2\ * !\CORDIC:iter_1\ * !\CORDIC:iter_0\
        );
        Output = \CORDIC:current_atan_1\ (fanout=1)
        Properties               : 
        {
        }
}

LAB@[UDB=(1,2)][LB=1] #macrocells=4, #inputs=12, #pterms=6
{
    [McSlotId=0]:     MacroCell: Name=\CORDIC:y_pi_lsb_5\, Mode=(T-Register) @ [UDB=(1,2)][LB=1][MC=0]
        Total # of inputs        : 6
        Total # of product terms : 2
        List of special equations: 
            Clock  = (Net_25) => Global
            Clock Enable: True
        Main Equation            : 2 pterms
        (
              !\CORDIC:y_pi_lsb_5\ * !\CORDIC:ctrl_2\ * 
              \CORDIC:cordic_state_2\ * !\CORDIC:cordic_state_1\ * 
              !\CORDIC:cordic_state_0\ * \CORDIC:dX_out_temp_5\
            + \CORDIC:y_pi_lsb_5\ * !\CORDIC:ctrl_2\ * 
              \CORDIC:cordic_state_2\ * !\CORDIC:cordic_state_1\ * 
              !\CORDIC:cordic_state_0\ * !\CORDIC:dX_out_temp_5\
        );
        Output = \CORDIC:y_pi_lsb_5\ (fanout=2)
        Properties               : 
        {
        }

    [McSlotId=1]:     MacroCell: Name=\CORDIC:z_pi_lsb_4\, Mode=(D-Register) @ [UDB=(1,2)][LB=1][MC=1]
        Total # of inputs        : 1
        Total # of product terms : 1
        List of special equations: 
            Clock  = (Net_25) => Global
            Clock Enable: True
        Main Equation            : 1 pterm
        (
              \CORDIC:current_atan_4\
        );
        Output = \CORDIC:z_pi_lsb_4\ (fanout=1)
        Properties               : 
        {
        }

    [McSlotId=2]:     MacroCell: Name=\CORDIC:current_atan_12\, Mode=(D-Register) @ [UDB=(1,2)][LB=1][MC=2]
        Total # of inputs        : 4
        Total # of product terms : 1
        List of special equations: 
            Clock  = (Net_25) => Global
            Clock Enable: True
        Main Equation            : 1 pterm
        (
              !\CORDIC:iter_3\ * !\CORDIC:iter_2\ * !\CORDIC:iter_1\ * 
              \CORDIC:iter_0\
        );
        Output = \CORDIC:current_atan_12\ (fanout=1)
        Properties               : 
        {
        }

    [McSlotId=3]:     MacroCell: Name=\CORDIC:dX_out_temp_5\, Mode=(T-Register) @ [UDB=(1,2)][LB=1][MC=3]
        Total # of inputs        : 5
        Total # of product terms : 2
        List of special equations: 
            Clock  = (Net_25) => Global
            Clock Enable: True
        Main Equation            : 2 pterms
        (
              !\CORDIC:ctrl_2\ * !\CORDIC:cordic_state_2\ * 
              \CORDIC:cordic_state_1\ * !\CORDIC:dX_out_temp_5\ * 
              \CORDIC:x_po_lsb_5\
            + !\CORDIC:ctrl_2\ * !\CORDIC:cordic_state_2\ * 
              \CORDIC:cordic_state_1\ * \CORDIC:dX_out_temp_5\ * 
              !\CORDIC:x_po_lsb_5\
        );
        Output = \CORDIC:dX_out_temp_5\ (fanout=2)
        Properties               : 
        {
        }
}

UDB [UDB=(1,3)] contents:
LAB@[UDB=(1,3)][LB=0] #macrocells=4, #inputs=10, #pterms=8
{
    [McSlotId=0]:     MacroCell: Name=\CORDIC:y_pi_msb_6\, Mode=(T-Register) @ [UDB=(1,3)][LB=0][MC=0]
        Total # of inputs        : 6
        Total # of product terms : 2
        List of special equations: 
            Clock  = (Net_25) => Global
            Clock Enable: True
        Main Equation            : 2 pterms
        (
              !\CORDIC:y_pi_msb_6\ * !\CORDIC:ctrl_2\ * 
              \CORDIC:cordic_state_2\ * !\CORDIC:cordic_state_1\ * 
              !\CORDIC:cordic_state_0\ * \CORDIC:dX_out_temp_14\
            + \CORDIC:y_pi_msb_6\ * !\CORDIC:ctrl_2\ * 
              \CORDIC:cordic_state_2\ * !\CORDIC:cordic_state_1\ * 
              !\CORDIC:cordic_state_0\ * !\CORDIC:dX_out_temp_14\
        );
        Output = \CORDIC:y_pi_msb_6\ (fanout=2)
        Properties               : 
        {
        }

    [McSlotId=1]:     MacroCell: Name=\CORDIC:dY_out_temp_1\, Mode=(T-Register) @ [UDB=(1,3)][LB=0][MC=1]
        Total # of inputs        : 5
        Total # of product terms : 2
        List of special equations: 
            Clock  = (Net_25) => Global
            Clock Enable: True
        Main Equation            : 2 pterms
        (
              !\CORDIC:ctrl_2\ * !\CORDIC:cordic_state_2\ * 
              \CORDIC:cordic_state_1\ * !\CORDIC:dY_out_temp_1\ * 
              \CORDIC:y_po_lsb_1\
            + !\CORDIC:ctrl_2\ * !\CORDIC:cordic_state_2\ * 
              \CORDIC:cordic_state_1\ * \CORDIC:dY_out_temp_1\ * 
              !\CORDIC:y_po_lsb_1\
        );
        Output = \CORDIC:dY_out_temp_1\ (fanout=2)
        Properties               : 
        {
        }

    [McSlotId=2]:     MacroCell: Name=\CORDIC:dX_out_temp_14\, Mode=(T-Register) @ [UDB=(1,3)][LB=0][MC=2]
        Total # of inputs        : 5
        Total # of product terms : 2
        List of special equations: 
            Clock  = (Net_25) => Global
            Clock Enable: True
        Main Equation            : 2 pterms
        (
              !\CORDIC:ctrl_2\ * !\CORDIC:cordic_state_2\ * 
              \CORDIC:cordic_state_1\ * !\CORDIC:dX_out_temp_14\ * 
              \CORDIC:x_po_msb_6\
            + !\CORDIC:ctrl_2\ * !\CORDIC:cordic_state_2\ * 
              \CORDIC:cordic_state_1\ * \CORDIC:dX_out_temp_14\ * 
              !\CORDIC:x_po_msb_6\
        );
        Output = \CORDIC:dX_out_temp_14\ (fanout=2)
        Properties               : 
        {
        }

    [McSlotId=3]:     MacroCell: Name=\CORDIC:x_pi_lsb_1\, Mode=(T-Register) @ [UDB=(1,3)][LB=0][MC=3]
        Total # of inputs        : 6
        Total # of product terms : 2
        List of special equations: 
            Clock  = (Net_25) => Global
            Clock Enable: True
        Main Equation            : 2 pterms
        (
              !\CORDIC:x_pi_lsb_1\ * !\CORDIC:ctrl_2\ * 
              \CORDIC:cordic_state_2\ * !\CORDIC:cordic_state_1\ * 
              !\CORDIC:cordic_state_0\ * \CORDIC:dY_out_temp_1\
            + \CORDIC:x_pi_lsb_1\ * !\CORDIC:ctrl_2\ * 
              \CORDIC:cordic_state_2\ * !\CORDIC:cordic_state_1\ * 
              !\CORDIC:cordic_state_0\ * !\CORDIC:dY_out_temp_1\
        );
        Output = \CORDIC:x_pi_lsb_1\ (fanout=2)
        Properties               : 
        {
        }
}

LAB@[UDB=(1,3)][LB=1] #macrocells=4, #inputs=11, #pterms=8
{
    [McSlotId=0]:     MacroCell: Name=\CORDIC:dY_out_temp_11\, Mode=(T-Register) @ [UDB=(1,3)][LB=1][MC=0]
        Total # of inputs        : 5
        Total # of product terms : 2
        List of special equations: 
            Clock  = (Net_25) => Global
            Clock Enable: True
        Main Equation            : 2 pterms
        (
              !\CORDIC:ctrl_2\ * !\CORDIC:cordic_state_2\ * 
              \CORDIC:cordic_state_1\ * !\CORDIC:dY_out_temp_11\ * 
              \CORDIC:y_po_msb_3\
            + !\CORDIC:ctrl_2\ * !\CORDIC:cordic_state_2\ * 
              \CORDIC:cordic_state_1\ * \CORDIC:dY_out_temp_11\ * 
              !\CORDIC:y_po_msb_3\
        );
        Output = \CORDIC:dY_out_temp_11\ (fanout=2)
        Properties               : 
        {
        }

    [McSlotId=1]:     MacroCell: Name=\CORDIC:dX_out_temp_13\, Mode=(T-Register) @ [UDB=(1,3)][LB=1][MC=1]
        Total # of inputs        : 5
        Total # of product terms : 2
        List of special equations: 
            Clock  = (Net_25) => Global
            Clock Enable: True
        Main Equation            : 2 pterms
        (
              !\CORDIC:ctrl_2\ * !\CORDIC:cordic_state_2\ * 
              \CORDIC:cordic_state_1\ * !\CORDIC:dX_out_temp_13\ * 
              \CORDIC:x_po_msb_5\
            + !\CORDIC:ctrl_2\ * !\CORDIC:cordic_state_2\ * 
              \CORDIC:cordic_state_1\ * \CORDIC:dX_out_temp_13\ * 
              !\CORDIC:x_po_msb_5\
        );
        Output = \CORDIC:dX_out_temp_13\ (fanout=2)
        Properties               : 
        {
        }

    [McSlotId=2]:     MacroCell: Name=\CORDIC:dX_out_temp_0\, Mode=(T-Register) @ [UDB=(1,3)][LB=1][MC=2]
        Total # of inputs        : 5
        Total # of product terms : 2
        List of special equations: 
            Clock  = (Net_25) => Global
            Clock Enable: True
        Main Equation            : 2 pterms
        (
              !\CORDIC:ctrl_2\ * !\CORDIC:cordic_state_2\ * 
              \CORDIC:cordic_state_1\ * !\CORDIC:dX_out_temp_0\ * 
              \CORDIC:x_po_lsb_0\
            + !\CORDIC:ctrl_2\ * !\CORDIC:cordic_state_2\ * 
              \CORDIC:cordic_state_1\ * \CORDIC:dX_out_temp_0\ * 
              !\CORDIC:x_po_lsb_0\
        );
        Output = \CORDIC:dX_out_temp_0\ (fanout=2)
        Properties               : 
        {
        }

    [McSlotId=3]:     MacroCell: Name=\CORDIC:dX_out_temp_12\, Mode=(T-Register) @ [UDB=(1,3)][LB=1][MC=3]
        Total # of inputs        : 5
        Total # of product terms : 2
        List of special equations: 
            Clock  = (Net_25) => Global
            Clock Enable: True
        Main Equation            : 2 pterms
        (
              !\CORDIC:ctrl_2\ * !\CORDIC:cordic_state_2\ * 
              \CORDIC:cordic_state_1\ * !\CORDIC:dX_out_temp_12\ * 
              \CORDIC:x_po_msb_4\
            + !\CORDIC:ctrl_2\ * !\CORDIC:cordic_state_2\ * 
              \CORDIC:cordic_state_1\ * \CORDIC:dX_out_temp_12\ * 
              !\CORDIC:x_po_msb_4\
        );
        Output = \CORDIC:dX_out_temp_12\ (fanout=2)
        Properties               : 
        {
        }
}

UDB [UDB=(1,4)] contents:
LAB@[UDB=(1,4)][LB=0] #macrocells=3, #inputs=12, #pterms=8
{
    [McSlotId=0]:     MacroCell: Name=\CORDIC:cordic_state_0\, Mode=(D-Register) @ [UDB=(1,4)][LB=0][MC=0]
        Total # of inputs        : 9
        Total # of product terms : 5
        List of special equations: 
            Clock  = (Net_25) => Global
            Clock Enable: True
        Main Equation            : 5 pterms
        !(
              !\CORDIC:fifo_ready\ * !\CORDIC:cordic_state_2\
            + \CORDIC:iter_3\ * \CORDIC:iter_2\ * \CORDIC:iter_1\ * 
              \CORDIC:iter_0\ * \CORDIC:cordic_state_0\
            + \CORDIC:ctrl_2\
            + !\CORDIC:cordic_state_2\ * \CORDIC:cordic_state_0\
            + \CORDIC:cordic_state_1\
        );
        Output = \CORDIC:cordic_state_0\ (fanout=45)
        Properties               : 
        {
        }

    [McSlotId=1]:     MacroCell: Name=\CORDIC:dY_out_temp_0\, Mode=(T-Register) @ [UDB=(1,4)][LB=0][MC=1]
        Total # of inputs        : 5
        Total # of product terms : 2
        List of special equations: 
            Clock  = (Net_25) => Global
            Clock Enable: True
        Main Equation            : 2 pterms
        (
              !\CORDIC:ctrl_2\ * !\CORDIC:cordic_state_2\ * 
              \CORDIC:cordic_state_1\ * !\CORDIC:dY_out_temp_0\ * 
              \CORDIC:y_po_lsb_0\
            + !\CORDIC:ctrl_2\ * !\CORDIC:cordic_state_2\ * 
              \CORDIC:cordic_state_1\ * \CORDIC:dY_out_temp_0\ * 
              !\CORDIC:y_po_lsb_0\
        );
        Output = \CORDIC:dY_out_temp_0\ (fanout=2)
        Properties               : 
        {
        }

    [McSlotId=2]: (empty)
    [McSlotId=3]:     MacroCell: Name=\CORDIC:z_pi_msb_5\, Mode=(D-Register) @ [UDB=(1,4)][LB=0][MC=3]
        Total # of inputs        : 1
        Total # of product terms : 1
        List of special equations: 
            Clock  = (Net_25) => Global
            Clock Enable: True
        Main Equation            : 1 pterm
        (
              \CORDIC:current_atan_13\
        );
        Output = \CORDIC:z_pi_msb_5\ (fanout=1)
        Properties               : 
        {
        }
}

LAB@[UDB=(1,4)][LB=1] #macrocells=4, #inputs=11, #pterms=8
{
    [McSlotId=0]:     MacroCell: Name=\CORDIC:dX_out_temp_11\, Mode=(T-Register) @ [UDB=(1,4)][LB=1][MC=0]
        Total # of inputs        : 5
        Total # of product terms : 2
        List of special equations: 
            Clock  = (Net_25) => Global
            Clock Enable: True
        Main Equation            : 2 pterms
        (
              !\CORDIC:ctrl_2\ * !\CORDIC:cordic_state_2\ * 
              \CORDIC:cordic_state_1\ * !\CORDIC:dX_out_temp_11\ * 
              \CORDIC:x_po_msb_3\
            + !\CORDIC:ctrl_2\ * !\CORDIC:cordic_state_2\ * 
              \CORDIC:cordic_state_1\ * \CORDIC:dX_out_temp_11\ * 
              !\CORDIC:x_po_msb_3\
        );
        Output = \CORDIC:dX_out_temp_11\ (fanout=2)
        Properties               : 
        {
        }

    [McSlotId=1]:     MacroCell: Name=\CORDIC:x_pi_lsb_6\, Mode=(T-Register) @ [UDB=(1,4)][LB=1][MC=1]
        Total # of inputs        : 6
        Total # of product terms : 2
        List of special equations: 
            Clock  = (Net_25) => Global
            Clock Enable: True
        Main Equation            : 2 pterms
        (
              !\CORDIC:x_pi_lsb_6\ * !\CORDIC:ctrl_2\ * 
              \CORDIC:cordic_state_2\ * !\CORDIC:cordic_state_1\ * 
              !\CORDIC:cordic_state_0\ * \CORDIC:dY_out_temp_6\
            + \CORDIC:x_pi_lsb_6\ * !\CORDIC:ctrl_2\ * 
              \CORDIC:cordic_state_2\ * !\CORDIC:cordic_state_1\ * 
              !\CORDIC:cordic_state_0\ * !\CORDIC:dY_out_temp_6\
        );
        Output = \CORDIC:x_pi_lsb_6\ (fanout=2)
        Properties               : 
        {
        }

    [McSlotId=2]:     MacroCell: Name=\CORDIC:dX_out_temp_8\, Mode=(T-Register) @ [UDB=(1,4)][LB=1][MC=2]
        Total # of inputs        : 5
        Total # of product terms : 2
        List of special equations: 
            Clock  = (Net_25) => Global
            Clock Enable: True
        Main Equation            : 2 pterms
        (
              !\CORDIC:ctrl_2\ * !\CORDIC:cordic_state_2\ * 
              \CORDIC:cordic_state_1\ * !\CORDIC:dX_out_temp_8\ * 
              \CORDIC:x_po_msb_0\
            + !\CORDIC:ctrl_2\ * !\CORDIC:cordic_state_2\ * 
              \CORDIC:cordic_state_1\ * \CORDIC:dX_out_temp_8\ * 
              !\CORDIC:x_po_msb_0\
        );
        Output = \CORDIC:dX_out_temp_8\ (fanout=2)
        Properties               : 
        {
        }

    [McSlotId=3]:     MacroCell: Name=\CORDIC:dY_out_temp_6\, Mode=(T-Register) @ [UDB=(1,4)][LB=1][MC=3]
        Total # of inputs        : 5
        Total # of product terms : 2
        List of special equations: 
            Clock  = (Net_25) => Global
            Clock Enable: True
        Main Equation            : 2 pterms
        (
              !\CORDIC:ctrl_2\ * !\CORDIC:cordic_state_2\ * 
              \CORDIC:cordic_state_1\ * !\CORDIC:dY_out_temp_6\ * 
              \CORDIC:y_po_lsb_6\
            + !\CORDIC:ctrl_2\ * !\CORDIC:cordic_state_2\ * 
              \CORDIC:cordic_state_1\ * \CORDIC:dY_out_temp_6\ * 
              !\CORDIC:y_po_lsb_6\
        );
        Output = \CORDIC:dY_out_temp_6\ (fanout=2)
        Properties               : 
        {
        }
}

UDB [UDB=(1,5)] is empty.
UDB [UDB=(2,0)] contents:
LAB@[UDB=(2,0)][LB=0] #macrocells=4, #inputs=10, #pterms=8
{
    [McSlotId=0]:     MacroCell: Name=\CORDIC:y_pi_lsb_7\, Mode=(T-Register) @ [UDB=(2,0)][LB=0][MC=0]
        Total # of inputs        : 6
        Total # of product terms : 2
        List of special equations: 
            Clock  = (Net_25) => Global
            Clock Enable: True
        Main Equation            : 2 pterms
        (
              !\CORDIC:y_pi_lsb_7\ * !\CORDIC:ctrl_2\ * 
              \CORDIC:cordic_state_2\ * !\CORDIC:cordic_state_1\ * 
              !\CORDIC:cordic_state_0\ * \CORDIC:dX_out_temp_7\
            + \CORDIC:y_pi_lsb_7\ * !\CORDIC:ctrl_2\ * 
              \CORDIC:cordic_state_2\ * !\CORDIC:cordic_state_1\ * 
              !\CORDIC:cordic_state_0\ * !\CORDIC:dX_out_temp_7\
        );
        Output = \CORDIC:y_pi_lsb_7\ (fanout=2)
        Properties               : 
        {
        }

    [McSlotId=1]:     MacroCell: Name=\CORDIC:dX_out_temp_7\, Mode=(T-Register) @ [UDB=(2,0)][LB=0][MC=1]
        Total # of inputs        : 5
        Total # of product terms : 2
        List of special equations: 
            Clock  = (Net_25) => Global
            Clock Enable: True
        Main Equation            : 2 pterms
        (
              !\CORDIC:ctrl_2\ * !\CORDIC:cordic_state_2\ * 
              \CORDIC:cordic_state_1\ * !\CORDIC:dX_out_temp_7\ * 
              \CORDIC:x_po_lsb_7\
            + !\CORDIC:ctrl_2\ * !\CORDIC:cordic_state_2\ * 
              \CORDIC:cordic_state_1\ * \CORDIC:dX_out_temp_7\ * 
              !\CORDIC:x_po_lsb_7\
        );
        Output = \CORDIC:dX_out_temp_7\ (fanout=2)
        Properties               : 
        {
        }

    [McSlotId=2]:     MacroCell: Name=\CORDIC:y_pi_lsb_1\, Mode=(T-Register) @ [UDB=(2,0)][LB=0][MC=2]
        Total # of inputs        : 6
        Total # of product terms : 2
        List of special equations: 
            Clock  = (Net_25) => Global
            Clock Enable: True
        Main Equation            : 2 pterms
        (
              !\CORDIC:y_pi_lsb_1\ * !\CORDIC:ctrl_2\ * 
              \CORDIC:cordic_state_2\ * !\CORDIC:cordic_state_1\ * 
              !\CORDIC:cordic_state_0\ * \CORDIC:dX_out_temp_1\
            + \CORDIC:y_pi_lsb_1\ * !\CORDIC:ctrl_2\ * 
              \CORDIC:cordic_state_2\ * !\CORDIC:cordic_state_1\ * 
              !\CORDIC:cordic_state_0\ * !\CORDIC:dX_out_temp_1\
        );
        Output = \CORDIC:y_pi_lsb_1\ (fanout=2)
        Properties               : 
        {
        }

    [McSlotId=3]:     MacroCell: Name=\CORDIC:dX_out_temp_1\, Mode=(T-Register) @ [UDB=(2,0)][LB=0][MC=3]
        Total # of inputs        : 5
        Total # of product terms : 2
        List of special equations: 
            Clock  = (Net_25) => Global
            Clock Enable: True
        Main Equation            : 2 pterms
        (
              !\CORDIC:ctrl_2\ * !\CORDIC:cordic_state_2\ * 
              \CORDIC:cordic_state_1\ * !\CORDIC:dX_out_temp_1\ * 
              \CORDIC:x_po_lsb_1\
            + !\CORDIC:ctrl_2\ * !\CORDIC:cordic_state_2\ * 
              \CORDIC:cordic_state_1\ * \CORDIC:dX_out_temp_1\ * 
              !\CORDIC:x_po_lsb_1\
        );
        Output = \CORDIC:dX_out_temp_1\ (fanout=2)
        Properties               : 
        {
        }
}

LAB@[UDB=(2,0)][LB=1] #macrocells=4, #inputs=10, #pterms=8
{
    [McSlotId=0]:     MacroCell: Name=\CORDIC:dX_out_temp_3\, Mode=(T-Register) @ [UDB=(2,0)][LB=1][MC=0]
        Total # of inputs        : 5
        Total # of product terms : 2
        List of special equations: 
            Clock  = (Net_25) => Global
            Clock Enable: True
        Main Equation            : 2 pterms
        (
              !\CORDIC:ctrl_2\ * !\CORDIC:cordic_state_2\ * 
              \CORDIC:cordic_state_1\ * !\CORDIC:dX_out_temp_3\ * 
              \CORDIC:x_po_lsb_3\
            + !\CORDIC:ctrl_2\ * !\CORDIC:cordic_state_2\ * 
              \CORDIC:cordic_state_1\ * \CORDIC:dX_out_temp_3\ * 
              !\CORDIC:x_po_lsb_3\
        );
        Output = \CORDIC:dX_out_temp_3\ (fanout=2)
        Properties               : 
        {
        }

    [McSlotId=1]:     MacroCell: Name=\CORDIC:y_pi_msb_7\, Mode=(T-Register) @ [UDB=(2,0)][LB=1][MC=1]
        Total # of inputs        : 6
        Total # of product terms : 2
        List of special equations: 
            Clock  = (Net_25) => Global
            Clock Enable: True
        Main Equation            : 2 pterms
        (
              !\CORDIC:y_pi_msb_7\ * !\CORDIC:ctrl_2\ * 
              \CORDIC:cordic_state_2\ * !\CORDIC:cordic_state_1\ * 
              !\CORDIC:cordic_state_0\ * \CORDIC:dX_out_temp_15\
            + \CORDIC:y_pi_msb_7\ * !\CORDIC:ctrl_2\ * 
              \CORDIC:cordic_state_2\ * !\CORDIC:cordic_state_1\ * 
              !\CORDIC:cordic_state_0\ * !\CORDIC:dX_out_temp_15\
        );
        Output = \CORDIC:y_pi_msb_7\ (fanout=2)
        Properties               : 
        {
        }

    [McSlotId=2]:     MacroCell: Name=\CORDIC:dX_out_temp_15\, Mode=(T-Register) @ [UDB=(2,0)][LB=1][MC=2]
        Total # of inputs        : 5
        Total # of product terms : 2
        List of special equations: 
            Clock  = (Net_25) => Global
            Clock Enable: True
        Main Equation            : 2 pterms
        (
              !\CORDIC:ctrl_2\ * !\CORDIC:cordic_state_2\ * 
              \CORDIC:cordic_state_1\ * !\CORDIC:dX_out_temp_15\ * 
              \CORDIC:x_po_msb_7\
            + !\CORDIC:ctrl_2\ * !\CORDIC:cordic_state_2\ * 
              \CORDIC:cordic_state_1\ * \CORDIC:dX_out_temp_15\ * 
              !\CORDIC:x_po_msb_7\
        );
        Output = \CORDIC:dX_out_temp_15\ (fanout=2)
        Properties               : 
        {
        }

    [McSlotId=3]:     MacroCell: Name=\CORDIC:y_pi_lsb_3\, Mode=(T-Register) @ [UDB=(2,0)][LB=1][MC=3]
        Total # of inputs        : 6
        Total # of product terms : 2
        List of special equations: 
            Clock  = (Net_25) => Global
            Clock Enable: True
        Main Equation            : 2 pterms
        (
              !\CORDIC:y_pi_lsb_3\ * !\CORDIC:ctrl_2\ * 
              \CORDIC:cordic_state_2\ * !\CORDIC:cordic_state_1\ * 
              !\CORDIC:cordic_state_0\ * \CORDIC:dX_out_temp_3\
            + \CORDIC:y_pi_lsb_3\ * !\CORDIC:ctrl_2\ * 
              \CORDIC:cordic_state_2\ * !\CORDIC:cordic_state_1\ * 
              !\CORDIC:cordic_state_0\ * !\CORDIC:dX_out_temp_3\
        );
        Output = \CORDIC:y_pi_lsb_3\ (fanout=2)
        Properties               : 
        {
        }
}

UDB [UDB=(2,1)] contents:
LAB@[UDB=(2,1)][LB=0] #macrocells=3, #inputs=8, #pterms=5
{
    [McSlotId=0]:     MacroCell: Name=\CORDIC:y_pi_lsb_6\, Mode=(T-Register) @ [UDB=(2,1)][LB=0][MC=0]
        Total # of inputs        : 6
        Total # of product terms : 2
        List of special equations: 
            Clock  = (Net_25) => Global
            Clock Enable: True
        Main Equation            : 2 pterms
        (
              !\CORDIC:y_pi_lsb_6\ * !\CORDIC:ctrl_2\ * 
              \CORDIC:cordic_state_2\ * !\CORDIC:cordic_state_1\ * 
              !\CORDIC:cordic_state_0\ * \CORDIC:dX_out_temp_6\
            + \CORDIC:y_pi_lsb_6\ * !\CORDIC:ctrl_2\ * 
              \CORDIC:cordic_state_2\ * !\CORDIC:cordic_state_1\ * 
              !\CORDIC:cordic_state_0\ * !\CORDIC:dX_out_temp_6\
        );
        Output = \CORDIC:y_pi_lsb_6\ (fanout=2)
        Properties               : 
        {
        }

    [McSlotId=1]:     MacroCell: Name=\CORDIC:dX_out_temp_6\, Mode=(T-Register) @ [UDB=(2,1)][LB=0][MC=1]
        Total # of inputs        : 5
        Total # of product terms : 2
        List of special equations: 
            Clock  = (Net_25) => Global
            Clock Enable: True
        Main Equation            : 2 pterms
        (
              !\CORDIC:ctrl_2\ * !\CORDIC:cordic_state_2\ * 
              \CORDIC:cordic_state_1\ * !\CORDIC:dX_out_temp_6\ * 
              \CORDIC:x_po_lsb_6\
            + !\CORDIC:ctrl_2\ * !\CORDIC:cordic_state_2\ * 
              \CORDIC:cordic_state_1\ * \CORDIC:dX_out_temp_6\ * 
              !\CORDIC:x_po_lsb_6\
        );
        Output = \CORDIC:dX_out_temp_6\ (fanout=2)
        Properties               : 
        {
        }

    [McSlotId=2]:     MacroCell: Name=\CORDIC:z_pi_lsb_7\, Mode=(D-Register) @ [UDB=(2,1)][LB=0][MC=2]
        Total # of inputs        : 1
        Total # of product terms : 1
        List of special equations: 
            Clock  = (Net_25) => Global
            Clock Enable: True
        Main Equation            : 1 pterm
        (
              \CORDIC:current_atan_7\
        );
        Output = \CORDIC:z_pi_lsb_7\ (fanout=1)
        Properties               : 
        {
        }

    [McSlotId=3]: (empty)
}

LAB@[UDB=(2,1)][LB=1] #macrocells=4, #inputs=9, #pterms=6
{
    [McSlotId=0]:     MacroCell: Name=\CORDIC:z_pi_msb_7\, Mode=(D-Register) @ [UDB=(2,1)][LB=1][MC=0]
        Total # of inputs        : 0
        Total # of product terms : 0
        List of special equations: 
            Clock  = (Net_25) => Global
            Clock Enable: True
        Main Equation            : 0 pterms
        (
            0
        );
        Output = \CORDIC:z_pi_msb_7\ (fanout=2)
        Properties               : 
        {
        }

    [McSlotId=1]:     MacroCell: Name=\CORDIC:dY_out_temp_2\, Mode=(T-Register) @ [UDB=(2,1)][LB=1][MC=1]
        Total # of inputs        : 5
        Total # of product terms : 2
        List of special equations: 
            Clock  = (Net_25) => Global
            Clock Enable: True
        Main Equation            : 2 pterms
        (
              !\CORDIC:ctrl_2\ * !\CORDIC:cordic_state_2\ * 
              \CORDIC:cordic_state_1\ * !\CORDIC:dY_out_temp_2\ * 
              \CORDIC:y_po_lsb_2\
            + !\CORDIC:ctrl_2\ * !\CORDIC:cordic_state_2\ * 
              \CORDIC:cordic_state_1\ * \CORDIC:dY_out_temp_2\ * 
              !\CORDIC:y_po_lsb_2\
        );
        Output = \CORDIC:dY_out_temp_2\ (fanout=2)
        Properties               : 
        {
        }

    [McSlotId=2]:     MacroCell: Name=\CORDIC:dY_out_temp_13\, Mode=(T-Register) @ [UDB=(2,1)][LB=1][MC=2]
        Total # of inputs        : 5
        Total # of product terms : 2
        List of special equations: 
            Clock  = (Net_25) => Global
            Clock Enable: True
        Main Equation            : 2 pterms
        (
              !\CORDIC:ctrl_2\ * !\CORDIC:cordic_state_2\ * 
              \CORDIC:cordic_state_1\ * !\CORDIC:dY_out_temp_13\ * 
              \CORDIC:y_po_msb_5\
            + !\CORDIC:ctrl_2\ * !\CORDIC:cordic_state_2\ * 
              \CORDIC:cordic_state_1\ * \CORDIC:dY_out_temp_13\ * 
              !\CORDIC:y_po_msb_5\
        );
        Output = \CORDIC:dY_out_temp_13\ (fanout=2)
        Properties               : 
        {
        }

    [McSlotId=3]:     MacroCell: Name=\CORDIC:x_pi_msb_5\, Mode=(T-Register) @ [UDB=(2,1)][LB=1][MC=3]
        Total # of inputs        : 6
        Total # of product terms : 2
        List of special equations: 
            Clock  = (Net_25) => Global
            Clock Enable: True
        Main Equation            : 2 pterms
        (
              !\CORDIC:x_pi_msb_5\ * !\CORDIC:ctrl_2\ * 
              \CORDIC:cordic_state_2\ * !\CORDIC:cordic_state_1\ * 
              !\CORDIC:cordic_state_0\ * \CORDIC:dY_out_temp_13\
            + \CORDIC:x_pi_msb_5\ * !\CORDIC:ctrl_2\ * 
              \CORDIC:cordic_state_2\ * !\CORDIC:cordic_state_1\ * 
              !\CORDIC:cordic_state_0\ * !\CORDIC:dY_out_temp_13\
        );
        Output = \CORDIC:x_pi_msb_5\ (fanout=2)
        Properties               : 
        {
        }
}

datapathcell: Name =\CORDIC:dp_z_engine_MSB\
    PORT MAP (
        reset => \CORDIC:ctrl_2\ ,
        clock => Net_25 ,
        cs_addr_2 => \CORDIC:core_state_2\ ,
        cs_addr_1 => \CORDIC:core_state_1\ ,
        cs_addr_0 => \CORDIC:core_state_0\ ,
        f1_load => \CORDIC:load_out_fifo\ ,
        chain_in => \CORDIC:chain_z_12\ );
    Properties:
    {
        a0_init = "00000000"
        a1_init = "00000000"
        ce0_sync = 1
        ce1_sync = 1
        cl0_sync = 1
        cl1_sync = 1
        cmsb_sync = 1
        co_msb_sync = 1
        cy_dpconfig = "0000000000000000000000001100000000000000000000000000000000000000011010000100100000000000000000001000100001001000101001000100000011111111000000001111111111111111101000000000000001110100000000000000000000001000"
        d0_init = "00000000"
        d1_init = "11111111"
        f0_blk_sync = 1
        f0_bus_sync = 1
        f1_blk_sync = 1
        f1_bus_sync = 1
        ff0_sync = 1
        ff1_sync = 1
        ov_msb_sync = 1
        so_sync = 1
        z0_sync = 1
        z1_sync = 1
    }
    Clock Polarity: Active High
    Clock Enable: True
    Previous in chain : \CORDIC:dp_z_engine_LSB\

UDB [UDB=(2,2)] is empty.
UDB [UDB=(2,3)] contents:
LAB@[UDB=(2,3)][LB=0] #macrocells=3, #inputs=10, #pterms=6
{
    [McSlotId=0]:     MacroCell: Name=\CORDIC:dY_out_temp_12\, Mode=(T-Register) @ [UDB=(2,3)][LB=0][MC=0]
        Total # of inputs        : 5
        Total # of product terms : 2
        List of special equations: 
            Clock  = (Net_25) => Global
            Clock Enable: True
        Main Equation            : 2 pterms
        (
              !\CORDIC:ctrl_2\ * !\CORDIC:cordic_state_2\ * 
              \CORDIC:cordic_state_1\ * !\CORDIC:dY_out_temp_12\ * 
              \CORDIC:y_po_msb_4\
            + !\CORDIC:ctrl_2\ * !\CORDIC:cordic_state_2\ * 
              \CORDIC:cordic_state_1\ * \CORDIC:dY_out_temp_12\ * 
              !\CORDIC:y_po_msb_4\
        );
        Output = \CORDIC:dY_out_temp_12\ (fanout=2)
        Properties               : 
        {
        }

    [McSlotId=1]:     MacroCell: Name=\CORDIC:y_pi_msb_5\, Mode=(T-Register) @ [UDB=(2,3)][LB=0][MC=1]
        Total # of inputs        : 6
        Total # of product terms : 2
        List of special equations: 
            Clock  = (Net_25) => Global
            Clock Enable: True
        Main Equation            : 2 pterms
        (
              !\CORDIC:y_pi_msb_5\ * !\CORDIC:ctrl_2\ * 
              \CORDIC:cordic_state_2\ * !\CORDIC:cordic_state_1\ * 
              !\CORDIC:cordic_state_0\ * \CORDIC:dX_out_temp_13\
            + \CORDIC:y_pi_msb_5\ * !\CORDIC:ctrl_2\ * 
              \CORDIC:cordic_state_2\ * !\CORDIC:cordic_state_1\ * 
              !\CORDIC:cordic_state_0\ * !\CORDIC:dX_out_temp_13\
        );
        Output = \CORDIC:y_pi_msb_5\ (fanout=2)
        Properties               : 
        {
        }

    [McSlotId=2]:     MacroCell: Name=\CORDIC:x_pi_lsb_2\, Mode=(T-Register) @ [UDB=(2,3)][LB=0][MC=2]
        Total # of inputs        : 6
        Total # of product terms : 2
        List of special equations: 
            Clock  = (Net_25) => Global
            Clock Enable: True
        Main Equation            : 2 pterms
        (
              !\CORDIC:x_pi_lsb_2\ * !\CORDIC:ctrl_2\ * 
              \CORDIC:cordic_state_2\ * !\CORDIC:cordic_state_1\ * 
              !\CORDIC:cordic_state_0\ * \CORDIC:dY_out_temp_2\
            + \CORDIC:x_pi_lsb_2\ * !\CORDIC:ctrl_2\ * 
              \CORDIC:cordic_state_2\ * !\CORDIC:cordic_state_1\ * 
              !\CORDIC:cordic_state_0\ * !\CORDIC:dY_out_temp_2\
        );
        Output = \CORDIC:x_pi_lsb_2\ (fanout=2)
        Properties               : 
        {
        }

    [McSlotId=3]: (empty)
}

LAB@[UDB=(2,3)][LB=1] #macrocells=4, #inputs=12, #pterms=7
{
    [McSlotId=0]:     MacroCell: Name=\CORDIC:y_pi_lsb_0\, Mode=(T-Register) @ [UDB=(2,3)][LB=1][MC=0]
        Total # of inputs        : 6
        Total # of product terms : 2
        List of special equations: 
            Clock  = (Net_25) => Global
            Clock Enable: True
        Main Equation            : 2 pterms
        (
              !\CORDIC:y_pi_lsb_0\ * !\CORDIC:ctrl_2\ * 
              \CORDIC:cordic_state_2\ * !\CORDIC:cordic_state_1\ * 
              !\CORDIC:cordic_state_0\ * \CORDIC:dX_out_temp_0\
            + \CORDIC:y_pi_lsb_0\ * !\CORDIC:ctrl_2\ * 
              \CORDIC:cordic_state_2\ * !\CORDIC:cordic_state_1\ * 
              !\CORDIC:cordic_state_0\ * !\CORDIC:dX_out_temp_0\
        );
        Output = \CORDIC:y_pi_lsb_0\ (fanout=2)
        Properties               : 
        {
        }

    [McSlotId=1]:     MacroCell: Name=\CORDIC:x_pi_msb_3\, Mode=(T-Register) @ [UDB=(2,3)][LB=1][MC=1]
        Total # of inputs        : 6
        Total # of product terms : 2
        List of special equations: 
            Clock  = (Net_25) => Global
            Clock Enable: True
        Main Equation            : 2 pterms
        (
              !\CORDIC:x_pi_msb_3\ * !\CORDIC:ctrl_2\ * 
              \CORDIC:cordic_state_2\ * !\CORDIC:cordic_state_1\ * 
              !\CORDIC:cordic_state_0\ * \CORDIC:dY_out_temp_11\
            + \CORDIC:x_pi_msb_3\ * !\CORDIC:ctrl_2\ * 
              \CORDIC:cordic_state_2\ * !\CORDIC:cordic_state_1\ * 
              !\CORDIC:cordic_state_0\ * !\CORDIC:dY_out_temp_11\
        );
        Output = \CORDIC:x_pi_msb_3\ (fanout=2)
        Properties               : 
        {
        }

    [McSlotId=2]:     MacroCell: Name=\CORDIC:mystatus_4\, Mode=(Combinatorial) @ [UDB=(2,3)][LB=1][MC=2]
        Total # of inputs        : 2
        Total # of product terms : 1
            Clock Enable: True
        Main Equation            : 1 pterm
        (
              !\CORDIC:F0_x_lsb_empty\ * !\CORDIC:F0_x_msb_empty\
        );
        Output = \CORDIC:mystatus_4\ (fanout=1)
        Properties               : 
        {
        }

    [McSlotId=3]:     MacroCell: Name=\CORDIC:x_pi_msb_4\, Mode=(T-Register) @ [UDB=(2,3)][LB=1][MC=3]
        Total # of inputs        : 6
        Total # of product terms : 2
        List of special equations: 
            Clock  = (Net_25) => Global
            Clock Enable: True
        Main Equation            : 2 pterms
        (
              !\CORDIC:x_pi_msb_4\ * !\CORDIC:ctrl_2\ * 
              \CORDIC:cordic_state_2\ * !\CORDIC:cordic_state_1\ * 
              !\CORDIC:cordic_state_0\ * \CORDIC:dY_out_temp_12\
            + \CORDIC:x_pi_msb_4\ * !\CORDIC:ctrl_2\ * 
              \CORDIC:cordic_state_2\ * !\CORDIC:cordic_state_1\ * 
              !\CORDIC:cordic_state_0\ * !\CORDIC:dY_out_temp_12\
        );
        Output = \CORDIC:x_pi_msb_4\ (fanout=2)
        Properties               : 
        {
        }
}

statuscell: Name =\CORDIC:StsReg\
    PORT MAP (
        reset => \CORDIC:ctrl_2\ ,
        status_4 => \CORDIC:mystatus_4\ ,
        status_3 => \CORDIC:mystatus_3\ ,
        status_2 => \CORDIC:StatusIntReg_1_status0\ ,
        status_1 => \CORDIC:mystatus_1\ );
    Properties:
    {
        cy_force_order = 1
        cy_md_select = "00000000"
    }
    Clock Enable: True

UDB [UDB=(2,4)] contents:
LAB@[UDB=(2,4)][LB=0] #macrocells=4, #inputs=11, #pterms=8
{
    [McSlotId=0]:     MacroCell: Name=\CORDIC:y_pi_msb_3\, Mode=(T-Register) @ [UDB=(2,4)][LB=0][MC=0]
        Total # of inputs        : 6
        Total # of product terms : 2
        List of special equations: 
            Clock  = (Net_25) => Global
            Clock Enable: True
        Main Equation            : 2 pterms
        (
              !\CORDIC:y_pi_msb_3\ * !\CORDIC:ctrl_2\ * 
              \CORDIC:cordic_state_2\ * !\CORDIC:cordic_state_1\ * 
              !\CORDIC:cordic_state_0\ * \CORDIC:dX_out_temp_11\
            + \CORDIC:y_pi_msb_3\ * !\CORDIC:ctrl_2\ * 
              \CORDIC:cordic_state_2\ * !\CORDIC:cordic_state_1\ * 
              !\CORDIC:cordic_state_0\ * !\CORDIC:dX_out_temp_11\
        );
        Output = \CORDIC:y_pi_msb_3\ (fanout=2)
        Properties               : 
        {
        }

    [McSlotId=1]:     MacroCell: Name=\CORDIC:y_pi_msb_0\, Mode=(T-Register) @ [UDB=(2,4)][LB=0][MC=1]
        Total # of inputs        : 6
        Total # of product terms : 2
        List of special equations: 
            Clock  = (Net_25) => Global
            Clock Enable: True
        Main Equation            : 2 pterms
        (
              !\CORDIC:y_pi_msb_0\ * !\CORDIC:ctrl_2\ * 
              \CORDIC:cordic_state_2\ * !\CORDIC:cordic_state_1\ * 
              !\CORDIC:cordic_state_0\ * \CORDIC:dX_out_temp_8\
            + \CORDIC:y_pi_msb_0\ * !\CORDIC:ctrl_2\ * 
              \CORDIC:cordic_state_2\ * !\CORDIC:cordic_state_1\ * 
              !\CORDIC:cordic_state_0\ * !\CORDIC:dX_out_temp_8\
        );
        Output = \CORDIC:y_pi_msb_0\ (fanout=2)
        Properties               : 
        {
        }

    [McSlotId=2]:     MacroCell: Name=\CORDIC:x_pi_msb_0\, Mode=(T-Register) @ [UDB=(2,4)][LB=0][MC=2]
        Total # of inputs        : 6
        Total # of product terms : 2
        List of special equations: 
            Clock  = (Net_25) => Global
            Clock Enable: True
        Main Equation            : 2 pterms
        (
              !\CORDIC:x_pi_msb_0\ * !\CORDIC:ctrl_2\ * 
              \CORDIC:cordic_state_2\ * !\CORDIC:cordic_state_1\ * 
              !\CORDIC:cordic_state_0\ * \CORDIC:dY_out_temp_8\
            + \CORDIC:x_pi_msb_0\ * !\CORDIC:ctrl_2\ * 
              \CORDIC:cordic_state_2\ * !\CORDIC:cordic_state_1\ * 
              !\CORDIC:cordic_state_0\ * !\CORDIC:dY_out_temp_8\
        );
        Output = \CORDIC:x_pi_msb_0\ (fanout=2)
        Properties               : 
        {
        }

    [McSlotId=3]:     MacroCell: Name=\CORDIC:dY_out_temp_8\, Mode=(T-Register) @ [UDB=(2,4)][LB=0][MC=3]
        Total # of inputs        : 5
        Total # of product terms : 2
        List of special equations: 
            Clock  = (Net_25) => Global
            Clock Enable: True
        Main Equation            : 2 pterms
        (
              !\CORDIC:ctrl_2\ * !\CORDIC:cordic_state_2\ * 
              \CORDIC:cordic_state_1\ * !\CORDIC:dY_out_temp_8\ * 
              \CORDIC:y_po_msb_0\
            + !\CORDIC:ctrl_2\ * !\CORDIC:cordic_state_2\ * 
              \CORDIC:cordic_state_1\ * \CORDIC:dY_out_temp_8\ * 
              !\CORDIC:y_po_msb_0\
        );
        Output = \CORDIC:dY_out_temp_8\ (fanout=2)
        Properties               : 
        {
        }
}

LAB@[UDB=(2,4)][LB=1] #macrocells=3, #inputs=6, #pterms=5
{
    [McSlotId=0]: (empty)
    [McSlotId=1]:     MacroCell: Name=\CORDIC:z_pi_msb_1\, Mode=(D-Register) @ [UDB=(2,4)][LB=1][MC=1]
        Total # of inputs        : 1
        Total # of product terms : 1
        List of special equations: 
            Clock  = (Net_25) => Global
            Clock Enable: True
        Main Equation            : 1 pterm
        (
              \CORDIC:current_atan_9\
        );
        Output = \CORDIC:z_pi_msb_1\ (fanout=1)
        Properties               : 
        {
        }

    [McSlotId=2]:     MacroCell: Name=\CORDIC:z_pi_lsb_6\, Mode=(D-Register) @ [UDB=(2,4)][LB=1][MC=2]
        Total # of inputs        : 1
        Total # of product terms : 1
        List of special equations: 
            Clock  = (Net_25) => Global
            Clock Enable: True
        Main Equation            : 1 pterm
        (
              \CORDIC:current_atan_6\
        );
        Output = \CORDIC:z_pi_lsb_6\ (fanout=1)
        Properties               : 
        {
        }

    [McSlotId=3]:     MacroCell: Name=\CORDIC:current_atan_6\, Mode=(D-Register) @ [UDB=(2,4)][LB=1][MC=3]
        Total # of inputs        : 4
        Total # of product terms : 3
        List of special equations: 
            Clock  = (Net_25) => Global
            Clock Enable: True
        Main Equation            : 3 pterms
        (
              !\CORDIC:iter_3\ * !\CORDIC:iter_2\ * \CORDIC:iter_1\ * 
              !\CORDIC:iter_0\
            + !\CORDIC:iter_3\ * \CORDIC:iter_2\ * \CORDIC:iter_0\
            + !\CORDIC:iter_3\ * !\CORDIC:iter_1\ * \CORDIC:iter_0\
        );
        Output = \CORDIC:current_atan_6\ (fanout=1)
        Properties               : 
        {
        }
}

UDB [UDB=(2,5)] is empty.
UDB [UDB=(3,0)] contents:
LAB@[UDB=(3,0)][LB=0] #macrocells=4, #inputs=9, #pterms=6
{
    [McSlotId=0]:     MacroCell: Name=\CORDIC:dY_out_temp_10\, Mode=(T-Register) @ [UDB=(3,0)][LB=0][MC=0]
        Total # of inputs        : 5
        Total # of product terms : 2
        List of special equations: 
            Clock  = (Net_25) => Global
            Clock Enable: True
        Main Equation            : 2 pterms
        (
              !\CORDIC:ctrl_2\ * !\CORDIC:cordic_state_2\ * 
              \CORDIC:cordic_state_1\ * !\CORDIC:dY_out_temp_10\ * 
              \CORDIC:y_po_msb_2\
            + !\CORDIC:ctrl_2\ * !\CORDIC:cordic_state_2\ * 
              \CORDIC:cordic_state_1\ * \CORDIC:dY_out_temp_10\ * 
              !\CORDIC:y_po_msb_2\
        );
        Output = \CORDIC:dY_out_temp_10\ (fanout=2)
        Properties               : 
        {
        }

    [McSlotId=1]:     MacroCell: Name=\CORDIC:z_pi_msb_2\, Mode=(D-Register) @ [UDB=(3,0)][LB=0][MC=1]
        Total # of inputs        : 1
        Total # of product terms : 1
        List of special equations: 
            Clock  = (Net_25) => Global
            Clock Enable: True
        Main Equation            : 1 pterm
        (
              \CORDIC:current_atan_10\
        );
        Output = \CORDIC:z_pi_msb_2\ (fanout=1)
        Properties               : 
        {
        }

    [McSlotId=2]:     MacroCell: Name=\CORDIC:dX_out_temp_10\, Mode=(T-Register) @ [UDB=(3,0)][LB=0][MC=2]
        Total # of inputs        : 5
        Total # of product terms : 2
        List of special equations: 
            Clock  = (Net_25) => Global
            Clock Enable: True
        Main Equation            : 2 pterms
        (
              !\CORDIC:ctrl_2\ * !\CORDIC:cordic_state_2\ * 
              \CORDIC:cordic_state_1\ * !\CORDIC:dX_out_temp_10\ * 
              \CORDIC:x_po_msb_2\
            + !\CORDIC:ctrl_2\ * !\CORDIC:cordic_state_2\ * 
              \CORDIC:cordic_state_1\ * \CORDIC:dX_out_temp_10\ * 
              !\CORDIC:x_po_msb_2\
        );
        Output = \CORDIC:dX_out_temp_10\ (fanout=2)
        Properties               : 
        {
        }

    [McSlotId=3]:     MacroCell: Name=\CORDIC:z_pi_lsb_1\, Mode=(D-Register) @ [UDB=(3,0)][LB=0][MC=3]
        Total # of inputs        : 1
        Total # of product terms : 1
        List of special equations: 
            Clock  = (Net_25) => Global
            Clock Enable: True
        Main Equation            : 1 pterm
        (
              \CORDIC:current_atan_1\
        );
        Output = \CORDIC:z_pi_lsb_1\ (fanout=1)
        Properties               : 
        {
        }
}

LAB@[UDB=(3,0)][LB=1] #macrocells=4, #inputs=10, #pterms=7
{
    [McSlotId=0]:     MacroCell: Name=\CORDIC:x_pi_msb_2\, Mode=(T-Register) @ [UDB=(3,0)][LB=1][MC=0]
        Total # of inputs        : 6
        Total # of product terms : 2
        List of special equations: 
            Clock  = (Net_25) => Global
            Clock Enable: True
        Main Equation            : 2 pterms
        (
              !\CORDIC:x_pi_msb_2\ * !\CORDIC:ctrl_2\ * 
              \CORDIC:cordic_state_2\ * !\CORDIC:cordic_state_1\ * 
              !\CORDIC:cordic_state_0\ * \CORDIC:dY_out_temp_10\
            + \CORDIC:x_pi_msb_2\ * !\CORDIC:ctrl_2\ * 
              \CORDIC:cordic_state_2\ * !\CORDIC:cordic_state_1\ * 
              !\CORDIC:cordic_state_0\ * !\CORDIC:dY_out_temp_10\
        );
        Output = \CORDIC:x_pi_msb_2\ (fanout=2)
        Properties               : 
        {
        }

    [McSlotId=1]:     MacroCell: Name=\CORDIC:y_pi_msb_2\, Mode=(T-Register) @ [UDB=(3,0)][LB=1][MC=1]
        Total # of inputs        : 6
        Total # of product terms : 2
        List of special equations: 
            Clock  = (Net_25) => Global
            Clock Enable: True
        Main Equation            : 2 pterms
        (
              !\CORDIC:y_pi_msb_2\ * !\CORDIC:ctrl_2\ * 
              \CORDIC:cordic_state_2\ * !\CORDIC:cordic_state_1\ * 
              !\CORDIC:cordic_state_0\ * \CORDIC:dX_out_temp_10\
            + \CORDIC:y_pi_msb_2\ * !\CORDIC:ctrl_2\ * 
              \CORDIC:cordic_state_2\ * !\CORDIC:cordic_state_1\ * 
              !\CORDIC:cordic_state_0\ * !\CORDIC:dX_out_temp_10\
        );
        Output = \CORDIC:y_pi_msb_2\ (fanout=2)
        Properties               : 
        {
        }

    [McSlotId=2]:     MacroCell: Name=\CORDIC:dX_out_temp_9\, Mode=(T-Register) @ [UDB=(3,0)][LB=1][MC=2]
        Total # of inputs        : 5
        Total # of product terms : 2
        List of special equations: 
            Clock  = (Net_25) => Global
            Clock Enable: True
        Main Equation            : 2 pterms
        (
              !\CORDIC:ctrl_2\ * !\CORDIC:cordic_state_2\ * 
              \CORDIC:cordic_state_1\ * !\CORDIC:dX_out_temp_9\ * 
              \CORDIC:x_po_msb_1\
            + !\CORDIC:ctrl_2\ * !\CORDIC:cordic_state_2\ * 
              \CORDIC:cordic_state_1\ * \CORDIC:dX_out_temp_9\ * 
              !\CORDIC:x_po_msb_1\
        );
        Output = \CORDIC:dX_out_temp_9\ (fanout=2)
        Properties               : 
        {
        }

    [McSlotId=3]:     MacroCell: Name=\CORDIC:mystatus_1\, Mode=(Combinatorial) @ [UDB=(3,0)][LB=1][MC=3]
        Total # of inputs        : 3
        Total # of product terms : 1
            Clock Enable: True
        Main Equation            : 1 pterm
        (
              !\CORDIC:cordic_state_2\ * !\CORDIC:cordic_state_1\ * 
              !\CORDIC:cordic_state_0\
        );
        Output = \CORDIC:mystatus_1\ (fanout=1)
        Properties               : 
        {
        }
}

UDB [UDB=(3,1)] contents:
LAB@[UDB=(3,1)][LB=0] #macrocells=2, #inputs=7, #pterms=4
{
    [McSlotId=0]:     MacroCell: Name=\CORDIC:dY_out_temp_9\, Mode=(T-Register) @ [UDB=(3,1)][LB=0][MC=0]
        Total # of inputs        : 5
        Total # of product terms : 2
        List of special equations: 
            Clock  = (Net_25) => Global
            Clock Enable: True
        Main Equation            : 2 pterms
        (
              !\CORDIC:ctrl_2\ * !\CORDIC:cordic_state_2\ * 
              \CORDIC:cordic_state_1\ * !\CORDIC:dY_out_temp_9\ * 
              \CORDIC:y_po_msb_1\
            + !\CORDIC:ctrl_2\ * !\CORDIC:cordic_state_2\ * 
              \CORDIC:cordic_state_1\ * \CORDIC:dY_out_temp_9\ * 
              !\CORDIC:y_po_msb_1\
        );
        Output = \CORDIC:dY_out_temp_9\ (fanout=2)
        Properties               : 
        {
        }

    [McSlotId=1]: (empty)
    [McSlotId=2]:     MacroCell: Name=\CORDIC:x_pi_msb_1\, Mode=(T-Register) @ [UDB=(3,1)][LB=0][MC=2]
        Total # of inputs        : 6
        Total # of product terms : 2
        List of special equations: 
            Clock  = (Net_25) => Global
            Clock Enable: True
        Main Equation            : 2 pterms
        (
              !\CORDIC:x_pi_msb_1\ * !\CORDIC:ctrl_2\ * 
              \CORDIC:cordic_state_2\ * !\CORDIC:cordic_state_1\ * 
              !\CORDIC:cordic_state_0\ * \CORDIC:dY_out_temp_9\
            + \CORDIC:x_pi_msb_1\ * !\CORDIC:ctrl_2\ * 
              \CORDIC:cordic_state_2\ * !\CORDIC:cordic_state_1\ * 
              !\CORDIC:cordic_state_0\ * !\CORDIC:dY_out_temp_9\
        );
        Output = \CORDIC:x_pi_msb_1\ (fanout=2)
        Properties               : 
        {
        }

    [McSlotId=3]: (empty)
}

datapathcell: Name =\CORDIC:dp_z_engine_LSB\
    PORT MAP (
        reset => \CORDIC:ctrl_2\ ,
        clock => Net_25 ,
        cs_addr_2 => \CORDIC:core_state_2\ ,
        cs_addr_1 => \CORDIC:core_state_1\ ,
        cs_addr_0 => \CORDIC:core_state_0\ ,
        f1_load => \CORDIC:load_out_fifo\ ,
        chain_out => \CORDIC:chain_z_12\ );
    Properties:
    {
        a0_init = "00000000"
        a1_init = "00000000"
        ce0_sync = 1
        ce1_sync = 1
        cl0_sync = 1
        cl1_sync = 1
        cmsb_sync = 1
        co_msb_sync = 1
        cy_dpconfig = "0000000000000000000000001100000000000000000000000000000000000000011010000100100000000000000000001000100001001000101001000100000011111111000000001111111111111111101000000000000001100100000000000000000000001000"
        d0_init = "00000000"
        d1_init = "11111111"
        f0_blk_sync = 1
        f0_bus_sync = 1
        f1_blk_sync = 1
        f1_bus_sync = 1
        ff0_sync = 1
        ff1_sync = 1
        ov_msb_sync = 1
        so_sync = 1
        z0_sync = 1
        z1_sync = 1
    }
    Clock Polarity: Active High
    Clock Enable: True
    Next in chain : \CORDIC:dp_z_engine_MSB\

UDB [UDB=(3,2)] is empty.
UDB [UDB=(3,3)] contents:
LAB@[UDB=(3,3)][LB=0] #macrocells=3, #inputs=4, #pterms=8
{
    [McSlotId=0]:     MacroCell: Name=\CORDIC:current_atan_8\, Mode=(D-Register) @ [UDB=(3,3)][LB=0][MC=0]
        Total # of inputs        : 4
        Total # of product terms : 2
        List of special equations: 
            Clock  = (Net_25) => Global
            Clock Enable: True
        Main Equation            : 2 pterms
        (
              !\CORDIC:iter_3\ * !\CORDIC:iter_2\ * \CORDIC:iter_1\
            + !\CORDIC:iter_3\ * \CORDIC:iter_2\ * !\CORDIC:iter_1\ * 
              \CORDIC:iter_0\
        );
        Output = \CORDIC:current_atan_8\ (fanout=1)
        Properties               : 
        {
        }

    [McSlotId=1]:     MacroCell: Name=\CORDIC:current_atan_0\, Mode=(D-Register) @ [UDB=(3,3)][LB=0][MC=1]
        Total # of inputs        : 4
        Total # of product terms : 5
        List of special equations: 
            Clock  = (Net_25) => Global
            Clock Enable: True
        Main Equation            : 5 pterms
        (
              !\CORDIC:iter_3\ * \CORDIC:iter_1\
            + \CORDIC:iter_3\ * \CORDIC:iter_2\ * !\CORDIC:iter_1\
            + \CORDIC:iter_3\ * !\CORDIC:iter_1\ * !\CORDIC:iter_0\
            + !\CORDIC:iter_2\ * \CORDIC:iter_1\ * \CORDIC:iter_0\
            + \CORDIC:iter_2\ * !\CORDIC:iter_0\
        );
        Output = \CORDIC:current_atan_0\ (fanout=1)
        Properties               : 
        {
        }

    [McSlotId=2]: (empty)
    [McSlotId=3]:     MacroCell: Name=\CORDIC:current_atan_11\, Mode=(D-Register) @ [UDB=(3,3)][LB=0][MC=3]
        Total # of inputs        : 4
        Total # of product terms : 1
        List of special equations: 
            Clock  = (Net_25) => Global
            Clock Enable: True
        Main Equation            : 1 pterm
        (
              !\CORDIC:iter_3\ * !\CORDIC:iter_2\ * \CORDIC:iter_1\ * 
              !\CORDIC:iter_0\
        );
        Output = \CORDIC:current_atan_11\ (fanout=1)
        Properties               : 
        {
        }
}

LAB@[UDB=(3,3)][LB=1] #macrocells=4, #inputs=4, #pterms=4
{
    [McSlotId=0]:     MacroCell: Name=\CORDIC:z_pi_lsb_0\, Mode=(D-Register) @ [UDB=(3,3)][LB=1][MC=0]
        Total # of inputs        : 1
        Total # of product terms : 1
        List of special equations: 
            Clock  = (Net_25) => Global
            Clock Enable: True
        Main Equation            : 1 pterm
        (
              \CORDIC:current_atan_0\
        );
        Output = \CORDIC:z_pi_lsb_0\ (fanout=1)
        Properties               : 
        {
        }

    [McSlotId=1]:     MacroCell: Name=\CORDIC:z_pi_msb_0\, Mode=(D-Register) @ [UDB=(3,3)][LB=1][MC=1]
        Total # of inputs        : 1
        Total # of product terms : 1
        List of special equations: 
            Clock  = (Net_25) => Global
            Clock Enable: True
        Main Equation            : 1 pterm
        (
              \CORDIC:current_atan_8\
        );
        Output = \CORDIC:z_pi_msb_0\ (fanout=1)
        Properties               : 
        {
        }

    [McSlotId=2]:     MacroCell: Name=\CORDIC:z_pi_lsb_2\, Mode=(D-Register) @ [UDB=(3,3)][LB=1][MC=2]
        Total # of inputs        : 1
        Total # of product terms : 1
        List of special equations: 
            Clock  = (Net_25) => Global
            Clock Enable: True
        Main Equation            : 1 pterm
        (
              \CORDIC:current_atan_2\
        );
        Output = \CORDIC:z_pi_lsb_2\ (fanout=1)
        Properties               : 
        {
        }

    [McSlotId=3]:     MacroCell: Name=\CORDIC:z_pi_msb_3\, Mode=(D-Register) @ [UDB=(3,3)][LB=1][MC=3]
        Total # of inputs        : 1
        Total # of product terms : 1
        List of special equations: 
            Clock  = (Net_25) => Global
            Clock Enable: True
        Main Equation            : 1 pterm
        (
              \CORDIC:current_atan_11\
        );
        Output = \CORDIC:z_pi_msb_3\ (fanout=1)
        Properties               : 
        {
        }
}

UDB [UDB=(3,4)] contents:
LAB@[UDB=(3,4)][LB=0] #macrocells=2, #inputs=8, #pterms=6
{
    [McSlotId=0]: (empty)
    [McSlotId=1]:     MacroCell: Name=\CORDIC:current_atan_3\, Mode=(D-Register) @ [UDB=(3,4)][LB=0][MC=1]
        Total # of inputs        : 4
        Total # of product terms : 3
        List of special equations: 
            Clock  = (Net_25) => Global
            Clock Enable: True
        Main Equation            : 3 pterms
        (
              !\CORDIC:iter_3\ * \CORDIC:iter_2\ * !\CORDIC:iter_1\ * 
              !\CORDIC:iter_0\
            + \CORDIC:iter_3\ * !\CORDIC:iter_2\ * !\CORDIC:iter_0\
            + !\CORDIC:iter_2\ * \CORDIC:iter_1\ * !\CORDIC:iter_0\
        );
        Output = \CORDIC:current_atan_3\ (fanout=1)
        Properties               : 
        {
        }

    [McSlotId=2]:     MacroCell: Name=\CORDIC:cordic_state_2\, Mode=(D-Register) @ [UDB=(3,4)][LB=0][MC=2]
        Total # of inputs        : 8
        Total # of product terms : 3
        List of special equations: 
            Clock  = (Net_25) => Global
            Clock Enable: True
        Main Equation            : 3 pterms
        (
              \CORDIC:iter_3\ * \CORDIC:iter_2\ * \CORDIC:iter_1\ * 
              \CORDIC:iter_0\ * !\CORDIC:ctrl_2\ * \CORDIC:cordic_state_2\ * 
              !\CORDIC:cordic_state_1\
            + !\CORDIC:ctrl_2\ * !\CORDIC:cordic_state_2\ * 
              \CORDIC:cordic_state_1\
            + !\CORDIC:ctrl_2\ * \CORDIC:cordic_state_2\ * 
              !\CORDIC:cordic_state_1\ * !\CORDIC:cordic_state_0\
        );
        Output = \CORDIC:cordic_state_2\ (fanout=77)
        Properties               : 
        {
        }

    [McSlotId=3]: (empty)
}

LAB@[UDB=(3,4)][LB=1] #macrocells=4, #inputs=9, #pterms=8
{
    [McSlotId=0]:     MacroCell: Name=\CORDIC:StatusIntReg_1_status0\, Mode=(D-Register) @ [UDB=(3,4)][LB=1][MC=0]
        Total # of inputs        : 5
        Total # of product terms : 2
        List of special equations: 
            Clock  = (Net_25) => Global
            Clock Enable: True
        Main Equation            : 2 pterms
        (
              \CORDIC:StatusIntReg_1_status0\ * !\CORDIC:ctrl_2\
            + !\CORDIC:ctrl_2\ * \CORDIC:cordic_state_2\ * 
              \CORDIC:cordic_state_1\ * !\CORDIC:cordic_state_0\
        );
        Output = \CORDIC:StatusIntReg_1_status0\ (fanout=3)
        Properties               : 
        {
        }

    [McSlotId=1]:     MacroCell: Name=\CORDIC:load_out_fifo\, Mode=(T-Register) @ [UDB=(3,4)][LB=1][MC=1]
        Total # of inputs        : 5
        Total # of product terms : 3
        List of special equations: 
            Clock  = (Net_25) => Global
            Clock Enable: True
        Main Equation            : 3 pterms
        (
              !\CORDIC:load_out_fifo\ * !\CORDIC:ctrl_2\ * 
              \CORDIC:cordic_state_2\ * \CORDIC:cordic_state_1\ * 
              !\CORDIC:cordic_state_0\
            + \CORDIC:load_out_fifo\ * \CORDIC:ctrl_2\
            + \CORDIC:load_out_fifo\ * !\CORDIC:cordic_state_2\ * 
              !\CORDIC:cordic_state_1\ * !\CORDIC:cordic_state_0\
        );
        Output = \CORDIC:load_out_fifo\ (fanout=5)
        Properties               : 
        {
        }

    [McSlotId=2]:     MacroCell: Name=\CORDIC:z_pi_lsb_3\, Mode=(D-Register) @ [UDB=(3,4)][LB=1][MC=2]
        Total # of inputs        : 1
        Total # of product terms : 1
        List of special equations: 
            Clock  = (Net_25) => Global
            Clock Enable: True
        Main Equation            : 1 pterm
        (
              \CORDIC:current_atan_3\
        );
        Output = \CORDIC:z_pi_lsb_3\ (fanout=1)
        Properties               : 
        {
        }

    [McSlotId=3]:     MacroCell: Name=\CORDIC:y_pi_msb_1\, Mode=(T-Register) @ [UDB=(3,4)][LB=1][MC=3]
        Total # of inputs        : 6
        Total # of product terms : 2
        List of special equations: 
            Clock  = (Net_25) => Global
            Clock Enable: True
        Main Equation            : 2 pterms
        (
              !\CORDIC:y_pi_msb_1\ * !\CORDIC:ctrl_2\ * 
              \CORDIC:cordic_state_2\ * !\CORDIC:cordic_state_1\ * 
              !\CORDIC:cordic_state_0\ * \CORDIC:dX_out_temp_9\
            + \CORDIC:y_pi_msb_1\ * !\CORDIC:ctrl_2\ * 
              \CORDIC:cordic_state_2\ * !\CORDIC:cordic_state_1\ * 
              !\CORDIC:cordic_state_0\ * !\CORDIC:dX_out_temp_9\
        );
        Output = \CORDIC:y_pi_msb_1\ (fanout=2)
        Properties               : 
        {
        }
}

statusicell: Name =\CORDIC:StatusIntReg_1:sts_intr:sts_reg\
    PORT MAP (
        clock => Net_25 ,
        status_0 => \CORDIC:StatusIntReg_1_status0\ ,
        interrupt => Net_42 );
    Properties:
    {
        cy_force_order = 1
        cy_int_mask = "1111111"
        cy_md_select = "1111111"
    }
    Clock Polarity: Active High
    Clock Enable: True

UDB [UDB=(3,5)] is empty.
Intr container @ [IntrContainer=(0)]: 
  Intr@ [IntrContainer=(0)][IntrId=(0)] 
    interrupt: Name =CORDIC_ISR
        PORT MAP (
            interrupt => Net_42 );
        Properties:
        {
            int_type = "10"
            is_nmi = 0
        }
  Intr@ [IntrContainer=(0)][IntrId=(15)] 
    interrupt: Name =\I2C_1:I2C_IRQ\
        PORT MAP (
            interrupt => \I2C_1:Net_697\ );
        Properties:
        {
            int_type = "00"
            is_nmi = 0
        }
  Intr@ [IntrContainer=(0)][IntrId=(16)] 
    interrupt: Name =\CAN:isr\
        PORT MAP (
            interrupt => Net_12 );
        Properties:
        {
            int_type = "10"
            is_nmi = 0
        }
Drq container @ [DrqContainer=(0)]: empty
Port 0 contains the following IO cells:
[IoId=0]: 
Pin : Name = RX_1(0)
    Attributes:
        In Group/Port: True
        In Sync Option: NOSYNC
        Out Sync Option: AUTO
        Interrupt generated: False
        Interrupt mode: NONE
        Drive mode: HI_Z_DIGITAL
        VTrip: CMOS
        Slew: FAST
        Input Sync needed: False
        Output Sync needed: False
        SC shield enabled: False
        POR State: ANY
        LCD Mode: COMMON
        Register Mode: RegComb
        CaSense Mode: NEITHER
        Treat as pin: True
        Is OE Registered: False
        Uses Analog: False
        Can contain Digital: True
        Is SIO: False
        SIO Output Buf: NONREGULATED
        SIO Input Buf: SINGLE_ENDED
        SIO HiFreq: LOW
        SIO Hyst: DISABLED
        SIO Vtrip: MULTIPLIER_0_5
        SIO Multiplier Index: 0
        SIO RefSel: VCC_IO
        Required Capabilities: DIGITAL, ROUTABLE
        Initial Value: 0
        IO Voltage: 0
    PORT MAP (
        pa_out => RX_1(0)__PA ,
        fb => Net_11 ,
        pad => RX_1(0)_PAD );
    Properties:
    {
    }

[IoId=1]: 
Pin : Name = SCL_1(0)
    Attributes:
        In Group/Port: True
        In Sync Option: SYNC
        Out Sync Option: NOSYNC
        Interrupt generated: False
        Interrupt mode: NONE
        Drive mode: OPEN_DRAIN_LO
        VTrip: CMOS
        Slew: FAST
        Input Sync needed: True
        Output Sync needed: False
        SC shield enabled: False
        POR State: ANY
        LCD Mode: COMMON
        Register Mode: RegComb
        CaSense Mode: NEITHER
        Treat as pin: True
        Is OE Registered: False
        Uses Analog: False
        Can contain Digital: True
        Is SIO: False
        SIO Output Buf: NONREGULATED
        SIO Input Buf: SINGLE_ENDED
        SIO HiFreq: LOW
        SIO Hyst: DISABLED
        SIO Vtrip: MULTIPLIER_0_5
        SIO Multiplier Index: 0
        SIO RefSel: VCC_IO
        Required Capabilities: DIGITAL, ROUTABLE
        Initial Value: 1
        IO Voltage: 0
    PORT MAP (
        pa_out => SCL_1(0)__PA ,
        fb => \I2C_1:Net_1109_0\ ,
        pin_input => \I2C_1:Net_643_0\ ,
        pad => SCL_1(0)_PAD );
    Properties:
    {
    }

[IoId=2]: 
Pin : Name = SDA_1(0)
    Attributes:
        In Group/Port: True
        In Sync Option: SYNC
        Out Sync Option: NOSYNC
        Interrupt generated: False
        Interrupt mode: NONE
        Drive mode: OPEN_DRAIN_LO
        VTrip: CMOS
        Slew: FAST
        Input Sync needed: True
        Output Sync needed: False
        SC shield enabled: False
        POR State: ANY
        LCD Mode: COMMON
        Register Mode: RegComb
        CaSense Mode: NEITHER
        Treat as pin: True
        Is OE Registered: False
        Uses Analog: False
        Can contain Digital: True
        Is SIO: False
        SIO Output Buf: NONREGULATED
        SIO Input Buf: SINGLE_ENDED
        SIO HiFreq: LOW
        SIO Hyst: DISABLED
        SIO Vtrip: MULTIPLIER_0_5
        SIO Multiplier Index: 0
        SIO RefSel: VCC_IO
        Required Capabilities: DIGITAL, ROUTABLE
        Initial Value: 1
        IO Voltage: 0
    PORT MAP (
        pa_out => SDA_1(0)__PA ,
        fb => \I2C_1:Net_1109_1\ ,
        pin_input => \I2C_1:sda_x_wire\ ,
        pad => SDA_1(0)_PAD );
    Properties:
    {
    }

[IoId=3]: 
Pin : Name = TX_1(0)
    Attributes:
        In Group/Port: True
        In Sync Option: AUTO
        Out Sync Option: NOSYNC
        Interrupt generated: False
        Interrupt mode: NONE
        Drive mode: CMOS_OUT
        VTrip: EITHER
        Slew: FAST
        Input Sync needed: False
        Output Sync needed: False
        SC shield enabled: False
        POR State: ANY
        LCD Mode: COMMON
        Register Mode: RegComb
        CaSense Mode: NEITHER
        Treat as pin: True
        Is OE Registered: False
        Uses Analog: False
        Can contain Digital: True
        Is SIO: False
        SIO Output Buf: NONREGULATED
        SIO Input Buf: SINGLE_ENDED
        SIO HiFreq: LOW
        SIO Hyst: DISABLED
        SIO Vtrip: MULTIPLIER_0_5
        SIO Multiplier Index: 0
        SIO RefSel: VCC_IO
        Required Capabilities: DIGITAL, ROUTABLE
        Initial Value: 0
        IO Voltage: 0
    PORT MAP (
        pa_out => TX_1(0)__PA ,
        pin_input => Net_6 ,
        pad => TX_1(0)_PAD );
    Properties:
    {
    }

Port 1 contains the following IO cells:
Port 2 contains the following IO cells:
Port 3 contains the following IO cells:
Port 12 contains the following IO cells:
Port 15 contains the following IO cells:
ARM group 0: empty
CAN group 0: 
    CAN Block @ F(CAN,0): 
    cancell: Name =\CAN:CanIP\
        PORT MAP (
            clock => ClockBlock_BUS_CLK ,
            can_rx => Net_11 ,
            can_tx => Net_6 ,
            can_tx_en => Net_2 ,
            interrupt => Net_12 );
        Properties:
        {
            cy_registers = ""
        }
Cache group 0: empty
CapSense group 0: empty
Clock group 0: 
    Clock Block @ F(Clock,0): 
    clockblockcell: Name =ClockBlock
        PORT MAP (
            imo => ClockBlock_IMO ,
            pllout => ClockBlock_PLL_OUT ,
            ilo => ClockBlock_ILO ,
            clk_100k => ClockBlock_100k ,
            clk_1k => ClockBlock_1k ,
            clk_32k => ClockBlock_32k ,
            xtal => ClockBlock_XTAL ,
            clk_32k_xtal => ClockBlock_XTAL_32KHZ ,
            clk_sync => ClockBlock_MASTER_CLK ,
            clk_bus_glb => ClockBlock_BUS_CLK ,
            clk_bus => ClockBlock_BUS_CLK_local ,
            dclk_glb_0 => Net_25 ,
            dclk_0 => Net_25_local );
        Properties:
        {
        }
Comparator group 0: empty
DFB group 0: empty
DSM group 0: empty
Decimator group 0: empty
EMIF group 0: empty
I2C group 0: 
    I2C Block @ F(I2C,0): 
    i2ccell: Name =\I2C_1:I2C_FF\
        PORT MAP (
            clock => ClockBlock_BUS_CLK ,
            scl_in => \I2C_1:Net_1109_0\ ,
            sda_in => \I2C_1:Net_1109_1\ ,
            scl_out => \I2C_1:Net_643_0\ ,
            sda_out => \I2C_1:sda_x_wire\ ,
            interrupt => \I2C_1:Net_697\ );
        Properties:
        {
            cy_registers = ""
            use_wakeup = 0
        }
LCD group 0: empty
LVD group 0: empty
PICU group 0: empty
PM group 0: empty
SC group 0: empty
SPC group 0: empty
Timer group 0: empty
USB group 0: empty
VIDAC group 0: empty
OpAmp group 0: empty
CsAbuf group 0: empty
Vref group 0: empty
LPF group 0: empty
SAR group 0: empty
ANAIF group 0: empty
PHUB group 0: empty
</CYPRESSTAG>
<CYPRESSTAG name="Port Configuration Details">

------------------------------------------------------------
Port Configuration report
------------------------------------------------------------
     |     |       | Interrupt |                  |          | 
Port | Pin | Fixed |      Type |       Drive Mode |     Name | Connections
-----+-----+-------+-----------+------------------+----------+-----------------------------------------------
   0 |   0 |       |      NONE |     HI_Z_DIGITAL |  RX_1(0) | FB(Net_11)
     |   1 |       |      NONE |    OPEN_DRAIN_LO | SCL_1(0) | FB(\I2C_1:Net_1109_0\), In(\I2C_1:Net_643_0\)
     |   2 |       |      NONE |    OPEN_DRAIN_LO | SDA_1(0) | FB(\I2C_1:Net_1109_1\), In(\I2C_1:sda_x_wire\)
     |   3 |       |      NONE |         CMOS_OUT |  TX_1(0) | In(Net_6)
-------------------------------------------------------------------------------------------------------------
</CYPRESSTAG>
</CYPRESSTAG>
</CYPRESSTAG>
Digital component placer commit/Report: Elapsed time ==> 0s.072ms
Digital Placement phase: Elapsed time ==> 3s.842ms
</CYPRESSTAG>
<CYPRESSTAG name="Digital Routing">
"C:\Program Files (x86)\Cypress\PSoC Creator\4.4\PSoC Creator\bin/sjrouter.exe" --xml-path "C:\Program Files (x86)\Cypress\PSoC Creator\4.4\PSoC Creator\dev\psoc5/psoc5lp/route_arch-rrg.cydata" --vh2-path "RobotDog_r.vh2" --pcf-path "RobotDog.pco" --des-name "RobotDog" --dsf-path "RobotDog.dsf" --sdc-path "RobotDog.sdc" --lib-path "RobotDog_r.lib"
Routing successful.
Digital Routing phase: Elapsed time ==> 4s.935ms
</CYPRESSTAG>
<CYPRESSTAG name="Bitstream Generation">
Bitstream Generation phase: Elapsed time ==> 0s.151ms
</CYPRESSTAG>
<CYPRESSTAG name="Bitstream Verification">
Bitstream Verification phase: Elapsed time ==> 0s.029ms
</CYPRESSTAG>
<CYPRESSTAG name="Static timing analysis">
Timing report is in RobotDog_timing.html.
Static timing analysis phase: Elapsed time ==> 0s.444ms
</CYPRESSTAG>
<CYPRESSTAG name="Data reporting">
Data reporting phase: Elapsed time ==> 0s.000ms
</CYPRESSTAG>
<CYPRESSTAG name="Database update...">
Design database save phase: Elapsed time ==> 0s.248ms
</CYPRESSTAG>
cydsfit: Elapsed time ==> 10s.220ms
</CYPRESSTAG>
Fitter phase: Elapsed time ==> 10s.221ms
API generation phase: Elapsed time ==> 1s.168ms
Dependency generation phase: Elapsed time ==> 0s.008ms
Cleanup phase: Elapsed time ==> 0s.000ms
