Loading plugins phase: Elapsed time ==> 0s.120ms
<CYPRESSTAG name="CyDsfit arguments...">
cydsfit arguments: -.fdsnotice -.fdswarpdepfile=warp_dependencies.txt -.fdselabdepfile=elab_dependencies.txt -.fdsbldfile=generated_files.txt -.fdsreffile=referenced_files.txt -p C:\Users\daan1\Documents\Robo-dagoe\firmware\platform\PSoC\PSoC-workspace\ExpressLRS_PWM_Receiver.cydsn\ExpressLRS_PWM_Receiver.cyprj -d CY8C5888LTI-LP097 -s C:\Users\daan1\Documents\Robo-dagoe\firmware\platform\PSoC\PSoC-workspace\ExpressLRS_PWM_Receiver.cydsn\Generated_Source\PSoC5 -- -yv2 -q10 -ygs -o2 -v3 -.fftcfgtype=LE
</CYPRESSTAG>
<CYPRESSTAG name="Design elaboration results...">
</CYPRESSTAG>
Elaboration phase: Elapsed time ==> 0s.957ms
<CYPRESSTAG name="HDL generation results...">
</CYPRESSTAG>
HDL generation phase: Elapsed time ==> 0s.020ms
<CYPRESSTAG name="Synthesis results...">

     | | | | | | |
   _________________
  -|               |-
  -|               |-
  -|               |-
  -|    CYPRESS    |-
  -|               |-
  -|               |-   Warp Verilog Synthesis Compiler: Version 6.3 IR 41
  -|               |-   Copyright (C) 1991-2001 Cypress Semiconductor
   |_______________|
     | | | | | | |

======================================================================
Compiling:  ExpressLRS_PWM_Receiver.v
Program  :   C:\Program Files (x86)\Cypress\PSoC Creator\4.4\PSoC Creator\warp\bin\warp.exe
Options  :    -yv2 -q10 -ygs -o2 -v3 -.fftcfgtype=LE -ya -.fftprj=C:\Users\daan1\Documents\Robo-dagoe\firmware\platform\PSoC\PSoC-workspace\ExpressLRS_PWM_Receiver.cydsn\ExpressLRS_PWM_Receiver.cyprj -dcpsoc3 ExpressLRS_PWM_Receiver.v -verilog
======================================================================

======================================================================
Compiling:  ExpressLRS_PWM_Receiver.v
Program  :   C:\Program Files (x86)\Cypress\PSoC Creator\4.4\PSoC Creator\warp\bin\warp.exe
Options  :    -yv2 -q10 -ygs -o2 -v3 -.fftcfgtype=LE -ya -.fftprj=C:\Users\daan1\Documents\Robo-dagoe\firmware\platform\PSoC\PSoC-workspace\ExpressLRS_PWM_Receiver.cydsn\ExpressLRS_PWM_Receiver.cyprj -dcpsoc3 ExpressLRS_PWM_Receiver.v -verilog
======================================================================

======================================================================
Compiling:  ExpressLRS_PWM_Receiver.v
Program  :   vlogfe
Options  :    -yv2 -q10 -ygs -o2 -v3 -.fftcfgtype=LE -ya -.fftprj=C:\Users\daan1\Documents\Robo-dagoe\firmware\platform\PSoC\PSoC-workspace\ExpressLRS_PWM_Receiver.cydsn\ExpressLRS_PWM_Receiver.cyprj -dcpsoc3 -verilog ExpressLRS_PWM_Receiver.v
======================================================================

vlogfe V6.3 IR 41:  Verilog parser
Sun Mar 29 14:01:49 2026


======================================================================
Compiling:  ExpressLRS_PWM_Receiver.v
Program  :   vpp
Options  :    -yv2 -q10 ExpressLRS_PWM_Receiver.v
======================================================================

vpp V6.3 IR 41:  Verilog Pre-Processor
Sun Mar 29 14:01:49 2026

Flattening file 'C:\Program Files (x86)\Cypress\PSoC Creator\4.4\PSoC Creator\psoc\content\CyPrimitives\cyprimitives.cylib\ZeroTerminal\ZeroTerminal.v'
Flattening file 'C:\Program Files (x86)\Cypress\PSoC Creator\4.4\PSoC Creator\psoc\content\CyPrimitives\cyprimitives.cylib\cy_virtualmux_v1_0\cy_virtualmux_v1_0.v'
Flattening file 'C:\Program Files (x86)\Cypress\PSoC Creator\4.4\PSoC Creator\psoc\content\CyComponentLibrary\CyComponentLibrary.cylib\B_Timer_v2_80\B_Timer_v2_80.v'
Flattening file 'C:\Program Files (x86)\Cypress\PSoC Creator\4.4\PSoC Creator\warp\lib\common\cypress.v'
Flattening file 'C:\Program Files (x86)\Cypress\PSoC Creator\4.4\PSoC Creator\warp\lib\common\cy_psoc3_inc.v'
Flattening file 'C:\Program Files (x86)\Cypress\PSoC Creator\4.4\PSoC Creator\psoc\content\CyPrimitives\cyprimitives.cylib\OneTerminal\OneTerminal.v'

vpp:  No errors.

Library 'work' => directory 'lcpsoc3'
General_symbol_table
General_symbol_table
Linking 'C:\Program Files (x86)\Cypress\PSoC Creator\4.4\PSoC Creator\warp\lib\common\std.vhd'.
Linking 'C:\Program Files (x86)\Cypress\PSoC Creator\4.4\PSoC Creator\warp\lib\common\cypress.vhd'.
Linking 'C:\Program Files (x86)\Cypress\PSoC Creator\4.4\PSoC Creator\warp\lib\common\work\cypress.vif'.
Linking 'C:\Program Files (x86)\Cypress\PSoC Creator\4.4\PSoC Creator\warp\lib\ieee\work\stdlogic.vif'.
Linking 'C:\Program Files (x86)\Cypress\PSoC Creator\4.4\PSoC Creator\warp\lib\common\stdlogic\lpmpkg.vif'.
Linking 'C:\Program Files (x86)\Cypress\PSoC Creator\4.4\PSoC Creator\warp\lib\common\stdlogic\rtlpkg.vif'.
Linking 'C:\Program Files (x86)\Cypress\PSoC Creator\4.4\PSoC Creator\warp\lib\common\stdlogic\mod_cnst.vif'.
Linking 'C:\Program Files (x86)\Cypress\PSoC Creator\4.4\PSoC Creator\warp\lib\common\stdlogic\mod_mthv.vif'.
Linking 'C:\Program Files (x86)\Cypress\PSoC Creator\4.4\PSoC Creator\warp\lib\common\stdlogic\mod_genv.vif'.
Using control file 'ExpressLRS_PWM_Receiver.ctl'.
C:\Program Files (x86)\Cypress\PSoC Creator\4.4\PSoC Creator\psoc\content\CyComponentLibrary\CyComponentLibrary.cylib\B_Timer_v2_80\B_Timer_v2_80.v (line 368, col 46):  Note: Substituting module 'cmp_vv_vv' for '='.
C:\Program Files (x86)\Cypress\PSoC Creator\4.4\PSoC Creator\psoc\content\CyComponentLibrary\CyComponentLibrary.cylib\B_Timer_v2_80\B_Timer_v2_80.v (line 374, col 62):  Note: Substituting module 'add_vv_vv' for '+'.
Linking 'C:\Program Files (x86)\Cypress\PSoC Creator\4.4\PSoC Creator\warp\lib\common\stdlogic\cy_psoc3pkg.vif'.
Linking 'C:\Program Files (x86)\Cypress\PSoC Creator\4.4\PSoC Creator\warp\lib\common\stdlogic\cy_psoc3.vif'.

vlogfe:  No errors.


======================================================================
Compiling:  ExpressLRS_PWM_Receiver.v
Program  :   tovif
Options  :    -yv2 -q10 -ygs -o2 -v3 -.fftcfgtype=LE -ya -.fftprj=C:\Users\daan1\Documents\Robo-dagoe\firmware\platform\PSoC\PSoC-workspace\ExpressLRS_PWM_Receiver.cydsn\ExpressLRS_PWM_Receiver.cyprj -dcpsoc3 -verilog ExpressLRS_PWM_Receiver.v
======================================================================

tovif V6.3 IR 41:  High-level synthesis
Sun Mar 29 14:01:49 2026

Linking 'C:\Program Files (x86)\Cypress\PSoC Creator\4.4\PSoC Creator\warp\lib\common\std.vhd'.
Linking 'C:\Program Files (x86)\Cypress\PSoC Creator\4.4\PSoC Creator\warp\lib\common\cypress.vhd'.
Linking 'C:\Program Files (x86)\Cypress\PSoC Creator\4.4\PSoC Creator\warp\lib\common\work\cypress.vif'.
Linking 'C:\Program Files (x86)\Cypress\PSoC Creator\4.4\PSoC Creator\warp\lib\ieee\work\stdlogic.vif'.
Linking 'C:\Program Files (x86)\Cypress\PSoC Creator\4.4\PSoC Creator\warp\lib\common\stdlogic\lpmpkg.vif'.
Linking 'C:\Program Files (x86)\Cypress\PSoC Creator\4.4\PSoC Creator\warp\lib\common\stdlogic\rtlpkg.vif'.
Linking 'C:\Program Files (x86)\Cypress\PSoC Creator\4.4\PSoC Creator\warp\lib\common\stdlogic\mod_cnst.vif'.
Linking 'C:\Program Files (x86)\Cypress\PSoC Creator\4.4\PSoC Creator\warp\lib\common\stdlogic\mod_mthv.vif'.
Linking 'C:\Program Files (x86)\Cypress\PSoC Creator\4.4\PSoC Creator\warp\lib\common\stdlogic\mod_genv.vif'.
Linking 'C:\Users\daan1\Documents\Robo-dagoe\firmware\platform\PSoC\PSoC-workspace\ExpressLRS_PWM_Receiver.cydsn\codegentemp\ExpressLRS_PWM_Receiver.ctl'.
Linking 'C:\Program Files (x86)\Cypress\PSoC Creator\4.4\PSoC Creator\psoc\content\CyPrimitives\cyprimitives.cylib\ZeroTerminal\ZeroTerminal.v'.
Linking 'C:\Users\daan1\Documents\Robo-dagoe\firmware\platform\PSoC\PSoC-workspace\ExpressLRS_PWM_Receiver.cydsn\codegentemp\ExpressLRS_PWM_Receiver.v'.
Linking 'C:\Program Files (x86)\Cypress\PSoC Creator\4.4\PSoC Creator\psoc\content\CyPrimitives\cyprimitives.cylib\cy_virtualmux_v1_0\cy_virtualmux_v1_0.v'.
Linking 'C:\Program Files (x86)\Cypress\PSoC Creator\4.4\PSoC Creator\psoc\content\CyComponentLibrary\CyComponentLibrary.cylib\B_Timer_v2_80\B_Timer_v2_80.v'.
Linking 'C:\Program Files (x86)\Cypress\PSoC Creator\4.4\PSoC Creator\warp\lib\common\cypress.v'.
Linking 'C:\Program Files (x86)\Cypress\PSoC Creator\4.4\PSoC Creator\warp\lib\common\cy_psoc3_inc.v'.
Linking 'C:\Program Files (x86)\Cypress\PSoC Creator\4.4\PSoC Creator\psoc\content\CyPrimitives\cyprimitives.cylib\OneTerminal\OneTerminal.v'.
Linking 'C:\Program Files (x86)\Cypress\PSoC Creator\4.4\PSoC Creator\warp\lib\common\stdlogic\cy_psoc3pkg.vif'.
Linking 'C:\Program Files (x86)\Cypress\PSoC Creator\4.4\PSoC Creator\warp\lib\common\stdlogic\cy_psoc3.vif'.
Linking 'C:\Program Files (x86)\Cypress\PSoC Creator\4.4\PSoC Creator\warp\lib\common\stdlogic\mcompare.vif'.
Linking 'C:\Program Files (x86)\Cypress\PSoC Creator\4.4\PSoC Creator\warp\lib\lcpsoc3\stdlogic\mod_cnst.vif'.

tovif:  No errors.


======================================================================
Compiling:  ExpressLRS_PWM_Receiver.v
Program  :   topld
Options  :    -yv2 -q10 -ygs -o2 -v3 -.fftcfgtype=LE -ya -.fftprj=C:\Users\daan1\Documents\Robo-dagoe\firmware\platform\PSoC\PSoC-workspace\ExpressLRS_PWM_Receiver.cydsn\ExpressLRS_PWM_Receiver.cyprj -dcpsoc3 -verilog ExpressLRS_PWM_Receiver.v
======================================================================

topld V6.3 IR 41:  Synthesis and optimization
Sun Mar 29 14:01:49 2026

Linking 'C:\Program Files (x86)\Cypress\PSoC Creator\4.4\PSoC Creator\warp\lib\common\std.vhd'.
Linking 'C:\Program Files (x86)\Cypress\PSoC Creator\4.4\PSoC Creator\warp\lib\common\cypress.vhd'.
Linking 'C:\Program Files (x86)\Cypress\PSoC Creator\4.4\PSoC Creator\warp\lib\common\work\cypress.vif'.
Linking 'C:\Program Files (x86)\Cypress\PSoC Creator\4.4\PSoC Creator\warp\lib\ieee\work\stdlogic.vif'.
Linking 'C:\Program Files (x86)\Cypress\PSoC Creator\4.4\PSoC Creator\warp\lib\common\stdlogic\lpmpkg.vif'.
Linking 'C:\Program Files (x86)\Cypress\PSoC Creator\4.4\PSoC Creator\warp\lib\common\stdlogic\rtlpkg.vif'.
Linking 'C:\Program Files (x86)\Cypress\PSoC Creator\4.4\PSoC Creator\warp\lib\common\stdlogic\mod_cnst.vif'.
Linking 'C:\Program Files (x86)\Cypress\PSoC Creator\4.4\PSoC Creator\warp\lib\common\stdlogic\mod_mthv.vif'.
Linking 'C:\Program Files (x86)\Cypress\PSoC Creator\4.4\PSoC Creator\warp\lib\common\stdlogic\mod_genv.vif'.
Linking 'C:\Users\daan1\Documents\Robo-dagoe\firmware\platform\PSoC\PSoC-workspace\ExpressLRS_PWM_Receiver.cydsn\codegentemp\ExpressLRS_PWM_Receiver.ctl'.
Linking 'C:\Program Files (x86)\Cypress\PSoC Creator\4.4\PSoC Creator\psoc\content\CyPrimitives\cyprimitives.cylib\ZeroTerminal\ZeroTerminal.v'.
Linking 'C:\Users\daan1\Documents\Robo-dagoe\firmware\platform\PSoC\PSoC-workspace\ExpressLRS_PWM_Receiver.cydsn\codegentemp\ExpressLRS_PWM_Receiver.v'.
Linking 'C:\Program Files (x86)\Cypress\PSoC Creator\4.4\PSoC Creator\psoc\content\CyPrimitives\cyprimitives.cylib\cy_virtualmux_v1_0\cy_virtualmux_v1_0.v'.
Linking 'C:\Program Files (x86)\Cypress\PSoC Creator\4.4\PSoC Creator\psoc\content\CyComponentLibrary\CyComponentLibrary.cylib\B_Timer_v2_80\B_Timer_v2_80.v'.
Linking 'C:\Program Files (x86)\Cypress\PSoC Creator\4.4\PSoC Creator\warp\lib\common\cypress.v'.
Linking 'C:\Program Files (x86)\Cypress\PSoC Creator\4.4\PSoC Creator\warp\lib\common\cy_psoc3_inc.v'.
Linking 'C:\Program Files (x86)\Cypress\PSoC Creator\4.4\PSoC Creator\psoc\content\CyPrimitives\cyprimitives.cylib\OneTerminal\OneTerminal.v'.
Linking 'C:\Program Files (x86)\Cypress\PSoC Creator\4.4\PSoC Creator\warp\lib\common\stdlogic\cy_psoc3pkg.vif'.
Linking 'C:\Program Files (x86)\Cypress\PSoC Creator\4.4\PSoC Creator\warp\lib\common\stdlogic\cy_psoc3.vif'.
Linking 'C:\Program Files (x86)\Cypress\PSoC Creator\4.4\PSoC Creator\warp\lib\common\stdlogic\mcompare.vif'.
Linking 'C:\Program Files (x86)\Cypress\PSoC Creator\4.4\PSoC Creator\warp\lib\lcpsoc3\stdlogic\mod_cnst.vif'.
Linking 'C:\Program Files (x86)\Cypress\PSoC Creator\4.4\PSoC Creator\warp\lib\lcpsoc3\stdlogic\cpsoc3.vif'.

----------------------------------------------------------
Detecting unused logic.
----------------------------------------------------------
    User names
	\CH1_Timer:Net_260\
	Net_561
	Net_345
	\CH1_Timer:Net_53\
	\CH1_Timer:TimerUDB:ctrl_ten\
	\CH1_Timer:TimerUDB:ctrl_cmode_0\
	\CH1_Timer:TimerUDB:ctrl_tmode_1\
	\CH1_Timer:TimerUDB:ctrl_tmode_0\
	Net_343
	\CH1_Timer:TimerUDB:sIntCapCount:MODULE_1:g1:a0:gx:u0:albi_1\
	\CH1_Timer:TimerUDB:sIntCapCount:MODULE_1:g1:a0:gx:u0:agbi_1\
	\CH1_Timer:TimerUDB:sIntCapCount:MODULE_1:g1:a0:gx:u0:lt_0\
	\CH1_Timer:TimerUDB:sIntCapCount:MODULE_1:g1:a0:gx:u0:gt_0\
	\CH1_Timer:TimerUDB:sIntCapCount:MODULE_1:g1:a0:gx:u0:lt_1\
	\CH1_Timer:TimerUDB:sIntCapCount:MODULE_1:g1:a0:gx:u0:gt_1\
	\CH1_Timer:TimerUDB:sIntCapCount:MODULE_1:g1:a0:gx:u0:lti_0\
	\CH1_Timer:TimerUDB:sIntCapCount:MODULE_1:g1:a0:gx:u0:gti_0\
	\CH1_Timer:TimerUDB:sIntCapCount:MODULE_1:g1:a0:gx:u0:albi_0\
	\CH1_Timer:TimerUDB:sIntCapCount:MODULE_1:g1:a0:gx:u0:agbi_0\
	\CH1_Timer:TimerUDB:sIntCapCount:MODULE_1:g1:a0:xneq\
	\CH1_Timer:TimerUDB:sIntCapCount:MODULE_1:g1:a0:xlt\
	\CH1_Timer:TimerUDB:sIntCapCount:MODULE_1:g1:a0:xlte\
	\CH1_Timer:TimerUDB:sIntCapCount:MODULE_1:g1:a0:xgt\
	\CH1_Timer:TimerUDB:sIntCapCount:MODULE_1:g1:a0:xgte\
	\CH1_Timer:TimerUDB:sIntCapCount:MODULE_1:lt\
	\CH1_Timer:TimerUDB:sIntCapCount:MODULE_1:gt\
	\CH1_Timer:TimerUDB:sIntCapCount:MODULE_1:gte\
	\CH1_Timer:TimerUDB:sIntCapCount:MODULE_1:lte\
	\CH1_Timer:TimerUDB:sIntCapCount:MODULE_1:neq\
	\CH1_Timer:TimerUDB:sIntCapCount:MODULE_2:g2:a0:b_1\
	\CH1_Timer:TimerUDB:sIntCapCount:MODULE_2:g2:a0:b_0\
	\CH1_Timer:Net_102\
	\CH1_Timer:Net_266\
	\CH2_Timer:Net_260\
	Net_137
	Net_138
	\CH2_Timer:Net_53\
	\CH2_Timer:TimerUDB:ctrl_ten\
	\CH2_Timer:TimerUDB:ctrl_cmode_0\
	\CH2_Timer:TimerUDB:ctrl_tmode_1\
	\CH2_Timer:TimerUDB:ctrl_tmode_0\
	Net_135
	\CH2_Timer:TimerUDB:sIntCapCount:MODULE_3:g1:a0:gx:u0:albi_1\
	\CH2_Timer:TimerUDB:sIntCapCount:MODULE_3:g1:a0:gx:u0:agbi_1\
	\CH2_Timer:TimerUDB:sIntCapCount:MODULE_3:g1:a0:gx:u0:lt_0\
	\CH2_Timer:TimerUDB:sIntCapCount:MODULE_3:g1:a0:gx:u0:gt_0\
	\CH2_Timer:TimerUDB:sIntCapCount:MODULE_3:g1:a0:gx:u0:lt_1\
	\CH2_Timer:TimerUDB:sIntCapCount:MODULE_3:g1:a0:gx:u0:gt_1\
	\CH2_Timer:TimerUDB:sIntCapCount:MODULE_3:g1:a0:gx:u0:lti_0\
	\CH2_Timer:TimerUDB:sIntCapCount:MODULE_3:g1:a0:gx:u0:gti_0\
	\CH2_Timer:TimerUDB:sIntCapCount:MODULE_3:g1:a0:gx:u0:albi_0\
	\CH2_Timer:TimerUDB:sIntCapCount:MODULE_3:g1:a0:gx:u0:agbi_0\
	\CH2_Timer:TimerUDB:sIntCapCount:MODULE_3:g1:a0:xneq\
	\CH2_Timer:TimerUDB:sIntCapCount:MODULE_3:g1:a0:xlt\
	\CH2_Timer:TimerUDB:sIntCapCount:MODULE_3:g1:a0:xlte\
	\CH2_Timer:TimerUDB:sIntCapCount:MODULE_3:g1:a0:xgt\
	\CH2_Timer:TimerUDB:sIntCapCount:MODULE_3:g1:a0:xgte\
	\CH2_Timer:TimerUDB:sIntCapCount:MODULE_3:lt\
	\CH2_Timer:TimerUDB:sIntCapCount:MODULE_3:gt\
	\CH2_Timer:TimerUDB:sIntCapCount:MODULE_3:gte\
	\CH2_Timer:TimerUDB:sIntCapCount:MODULE_3:lte\
	\CH2_Timer:TimerUDB:sIntCapCount:MODULE_3:neq\
	\CH2_Timer:TimerUDB:sIntCapCount:MODULE_4:g2:a0:b_1\
	\CH2_Timer:TimerUDB:sIntCapCount:MODULE_4:g2:a0:b_0\
	\CH2_Timer:Net_102\
	\CH2_Timer:Net_266\
	\CH3_Timer:Net_260\
	Net_148
	Net_149
	\CH3_Timer:Net_53\
	\CH3_Timer:TimerUDB:ctrl_ten\
	\CH3_Timer:TimerUDB:ctrl_cmode_0\
	\CH3_Timer:TimerUDB:ctrl_tmode_1\
	\CH3_Timer:TimerUDB:ctrl_tmode_0\
	Net_146
	\CH3_Timer:TimerUDB:sIntCapCount:MODULE_5:g1:a0:gx:u0:albi_1\
	\CH3_Timer:TimerUDB:sIntCapCount:MODULE_5:g1:a0:gx:u0:agbi_1\
	\CH3_Timer:TimerUDB:sIntCapCount:MODULE_5:g1:a0:gx:u0:lt_0\
	\CH3_Timer:TimerUDB:sIntCapCount:MODULE_5:g1:a0:gx:u0:gt_0\
	\CH3_Timer:TimerUDB:sIntCapCount:MODULE_5:g1:a0:gx:u0:lt_1\
	\CH3_Timer:TimerUDB:sIntCapCount:MODULE_5:g1:a0:gx:u0:gt_1\
	\CH3_Timer:TimerUDB:sIntCapCount:MODULE_5:g1:a0:gx:u0:lti_0\
	\CH3_Timer:TimerUDB:sIntCapCount:MODULE_5:g1:a0:gx:u0:gti_0\
	\CH3_Timer:TimerUDB:sIntCapCount:MODULE_5:g1:a0:gx:u0:albi_0\
	\CH3_Timer:TimerUDB:sIntCapCount:MODULE_5:g1:a0:gx:u0:agbi_0\
	\CH3_Timer:TimerUDB:sIntCapCount:MODULE_5:g1:a0:xneq\
	\CH3_Timer:TimerUDB:sIntCapCount:MODULE_5:g1:a0:xlt\
	\CH3_Timer:TimerUDB:sIntCapCount:MODULE_5:g1:a0:xlte\
	\CH3_Timer:TimerUDB:sIntCapCount:MODULE_5:g1:a0:xgt\
	\CH3_Timer:TimerUDB:sIntCapCount:MODULE_5:g1:a0:xgte\
	\CH3_Timer:TimerUDB:sIntCapCount:MODULE_5:lt\
	\CH3_Timer:TimerUDB:sIntCapCount:MODULE_5:gt\
	\CH3_Timer:TimerUDB:sIntCapCount:MODULE_5:gte\
	\CH3_Timer:TimerUDB:sIntCapCount:MODULE_5:lte\
	\CH3_Timer:TimerUDB:sIntCapCount:MODULE_5:neq\
	\CH3_Timer:TimerUDB:sIntCapCount:MODULE_6:g2:a0:b_1\
	\CH3_Timer:TimerUDB:sIntCapCount:MODULE_6:g2:a0:b_0\
	\CH3_Timer:Net_102\
	\CH3_Timer:Net_266\
	\CH4_Timer:Net_260\
	Net_583
	Net_584
	\CH4_Timer:Net_53\
	\CH4_Timer:TimerUDB:ctrl_ten\
	\CH4_Timer:TimerUDB:ctrl_cmode_0\
	\CH4_Timer:TimerUDB:ctrl_tmode_1\
	\CH4_Timer:TimerUDB:ctrl_tmode_0\
	Net_581
	\CH4_Timer:TimerUDB:sIntCapCount:MODULE_7:g1:a0:gx:u0:albi_1\
	\CH4_Timer:TimerUDB:sIntCapCount:MODULE_7:g1:a0:gx:u0:agbi_1\
	\CH4_Timer:TimerUDB:sIntCapCount:MODULE_7:g1:a0:gx:u0:lt_0\
	\CH4_Timer:TimerUDB:sIntCapCount:MODULE_7:g1:a0:gx:u0:gt_0\
	\CH4_Timer:TimerUDB:sIntCapCount:MODULE_7:g1:a0:gx:u0:lt_1\
	\CH4_Timer:TimerUDB:sIntCapCount:MODULE_7:g1:a0:gx:u0:gt_1\
	\CH4_Timer:TimerUDB:sIntCapCount:MODULE_7:g1:a0:gx:u0:lti_0\
	\CH4_Timer:TimerUDB:sIntCapCount:MODULE_7:g1:a0:gx:u0:gti_0\
	\CH4_Timer:TimerUDB:sIntCapCount:MODULE_7:g1:a0:gx:u0:albi_0\
	\CH4_Timer:TimerUDB:sIntCapCount:MODULE_7:g1:a0:gx:u0:agbi_0\
	\CH4_Timer:TimerUDB:sIntCapCount:MODULE_7:g1:a0:xneq\
	\CH4_Timer:TimerUDB:sIntCapCount:MODULE_7:g1:a0:xlt\
	\CH4_Timer:TimerUDB:sIntCapCount:MODULE_7:g1:a0:xlte\
	\CH4_Timer:TimerUDB:sIntCapCount:MODULE_7:g1:a0:xgt\
	\CH4_Timer:TimerUDB:sIntCapCount:MODULE_7:g1:a0:xgte\
	\CH4_Timer:TimerUDB:sIntCapCount:MODULE_7:lt\
	\CH4_Timer:TimerUDB:sIntCapCount:MODULE_7:gt\
	\CH4_Timer:TimerUDB:sIntCapCount:MODULE_7:gte\
	\CH4_Timer:TimerUDB:sIntCapCount:MODULE_7:lte\
	\CH4_Timer:TimerUDB:sIntCapCount:MODULE_7:neq\
	\CH4_Timer:TimerUDB:sIntCapCount:MODULE_8:g2:a0:b_1\
	\CH4_Timer:TimerUDB:sIntCapCount:MODULE_8:g2:a0:b_0\
	\CH4_Timer:Net_102\
	\CH4_Timer:Net_266\


Deleted 132 User equations/components.
Deleted 0 Synthesized equations/components.

------------------------------------------------------
Alias Detection
------------------------------------------------------
Aliasing zero to Net_12
Aliasing \CH1_Timer:TimerUDB:ctrl_cmode_1\ to one
Aliasing \CH1_Timer:TimerUDB:trigger_enable\ to one
Aliasing \CH1_Timer:TimerUDB:sIntCapCount:MODULE_1:g1:a0:gx:u0:aeqb_0\ to one
Aliasing MODIN3_1 to MODIN1_1
Aliasing MODIN3_0 to MODIN1_0
Aliasing \CH1_Timer:TimerUDB:sIntCapCount:MODULE_2:g2:a0:g1:z1:s0:g1:u0:b_0\ to one
Aliasing \CH1_Timer:TimerUDB:status_6\ to Net_12
Aliasing \CH1_Timer:TimerUDB:status_5\ to Net_12
Aliasing \CH1_Timer:TimerUDB:status_4\ to Net_12
Aliasing \CH1_Timer:TimerUDB:status_0\ to \CH1_Timer:TimerUDB:tc_i\
Aliasing Net_133 to Net_12
Aliasing \CH2_Timer:TimerUDB:ctrl_cmode_1\ to one
Aliasing \CH2_Timer:TimerUDB:trigger_enable\ to one
Aliasing \CH2_Timer:TimerUDB:sIntCapCount:MODULE_3:g1:a0:gx:u0:aeqb_0\ to one
Aliasing MODIN6_1 to MODIN4_1
Aliasing MODIN6_0 to MODIN4_0
Aliasing \CH2_Timer:TimerUDB:sIntCapCount:MODULE_4:g2:a0:g1:z1:s0:g1:u0:b_0\ to one
Aliasing \CH2_Timer:TimerUDB:status_6\ to Net_12
Aliasing \CH2_Timer:TimerUDB:status_5\ to Net_12
Aliasing \CH2_Timer:TimerUDB:status_4\ to Net_12
Aliasing \CH2_Timer:TimerUDB:status_0\ to \CH2_Timer:TimerUDB:tc_i\
Aliasing Net_144 to Net_12
Aliasing \CH3_Timer:TimerUDB:ctrl_cmode_1\ to one
Aliasing \CH3_Timer:TimerUDB:trigger_enable\ to one
Aliasing \CH3_Timer:TimerUDB:sIntCapCount:MODULE_5:g1:a0:gx:u0:aeqb_0\ to one
Aliasing MODIN9_1 to MODIN7_1
Aliasing MODIN9_0 to MODIN7_0
Aliasing \CH3_Timer:TimerUDB:sIntCapCount:MODULE_6:g2:a0:g1:z1:s0:g1:u0:b_0\ to one
Aliasing \CH3_Timer:TimerUDB:status_6\ to Net_12
Aliasing \CH3_Timer:TimerUDB:status_5\ to Net_12
Aliasing \CH3_Timer:TimerUDB:status_4\ to Net_12
Aliasing \CH3_Timer:TimerUDB:status_0\ to \CH3_Timer:TimerUDB:tc_i\
Aliasing Net_156 to Net_12
Aliasing \CH4_Timer:TimerUDB:ctrl_cmode_1\ to one
Aliasing \CH4_Timer:TimerUDB:trigger_enable\ to one
Aliasing \CH4_Timer:TimerUDB:sIntCapCount:MODULE_7:g1:a0:gx:u0:aeqb_0\ to one
Aliasing \CH4_Timer:TimerUDB:sIntCapCount:MODIN12_1\ to \CH4_Timer:TimerUDB:sIntCapCount:MODIN10_1\
Aliasing \CH4_Timer:TimerUDB:sIntCapCount:MODIN12_0\ to \CH4_Timer:TimerUDB:sIntCapCount:MODIN10_0\
Aliasing \CH4_Timer:TimerUDB:sIntCapCount:MODULE_8:g2:a0:g1:z1:s0:g1:u0:b_0\ to one
Aliasing \CH4_Timer:TimerUDB:status_6\ to Net_12
Aliasing \CH4_Timer:TimerUDB:status_5\ to Net_12
Aliasing \CH4_Timer:TimerUDB:status_4\ to Net_12
Aliasing \CH4_Timer:TimerUDB:status_0\ to \CH4_Timer:TimerUDB:tc_i\
Aliasing tmpOE__CH1_Pin_net_0 to one
Aliasing tmpOE__CH2_Pin_net_0 to one
Aliasing tmpOE__CH3_Pin_net_0 to one
Aliasing tmpOE__CH4_Pin_net_0 to one
Aliasing tmpOE__LED_BUILDIN_net_0 to one
Aliasing \CH1_Timer:TimerUDB:capture_last\\D\ to Net_12
Aliasing \CH1_Timer:TimerUDB:hwEnable_reg\\D\ to \CH1_Timer:TimerUDB:run_mode\
Aliasing \CH2_Timer:TimerUDB:capture_last\\D\ to Net_12
Aliasing \CH2_Timer:TimerUDB:hwEnable_reg\\D\ to \CH2_Timer:TimerUDB:run_mode\
Aliasing \CH3_Timer:TimerUDB:capture_last\\D\ to Net_12
Aliasing \CH3_Timer:TimerUDB:hwEnable_reg\\D\ to \CH3_Timer:TimerUDB:run_mode\
Aliasing \CH4_Timer:TimerUDB:capture_last\\D\ to Net_12
Aliasing \CH4_Timer:TimerUDB:hwEnable_reg\\D\ to \CH4_Timer:TimerUDB:run_mode\
Removing Lhs of wire zero[13] = Net_12[0]
Removing Lhs of wire \CH1_Timer:TimerUDB:ctrl_enable\[22] = \CH1_Timer:TimerUDB:control_7\[14]
Removing Lhs of wire \CH1_Timer:TimerUDB:ctrl_cmode_1\[24] = one[8]
Removing Lhs of wire \CH1_Timer:TimerUDB:ctrl_ic_1\[28] = \CH1_Timer:TimerUDB:control_1\[20]
Removing Lhs of wire \CH1_Timer:TimerUDB:ctrl_ic_0\[29] = \CH1_Timer:TimerUDB:control_0\[21]
Removing Rhs of wire \CH1_Timer:TimerUDB:timer_enable\[33] = \CH1_Timer:TimerUDB:runmode_enable\[106]
Removing Rhs of wire \CH1_Timer:TimerUDB:run_mode\[34] = \CH1_Timer:TimerUDB:hwEnable\[35]
Removing Lhs of wire \CH1_Timer:TimerUDB:run_mode\[34] = \CH1_Timer:TimerUDB:control_7\[14]
Removing Lhs of wire \CH1_Timer:TimerUDB:trigger_enable\[37] = one[8]
Removing Lhs of wire \CH1_Timer:TimerUDB:tc_i\[39] = \CH1_Timer:TimerUDB:status_tc\[36]
Removing Lhs of wire cmp_vv_vv_MODGEN_1[45] = \CH1_Timer:TimerUDB:sIntCapCount:MODULE_1:g1:a0:xeq\[84]
Removing Rhs of wire add_vv_vv_MODGEN_2_1[46] = \CH1_Timer:TimerUDB:sIntCapCount:MODULE_2:g2:a0:s_1\[101]
Removing Rhs of wire add_vv_vv_MODGEN_2_0[48] = \CH1_Timer:TimerUDB:sIntCapCount:MODULE_2:g2:a0:s_0\[102]
Removing Lhs of wire \CH1_Timer:TimerUDB:capt_fifo_load_int\[50] = \CH1_Timer:TimerUDB:capt_int_temp\[49]
Removing Lhs of wire \CH1_Timer:TimerUDB:sIntCapCount:MODULE_1:g1:a0:newa_1\[51] = MODIN1_1[52]
Removing Rhs of wire MODIN1_1[52] = \CH1_Timer:TimerUDB:int_capt_count_1\[44]
Removing Lhs of wire \CH1_Timer:TimerUDB:sIntCapCount:MODULE_1:g1:a0:newa_0\[53] = MODIN1_0[54]
Removing Rhs of wire MODIN1_0[54] = \CH1_Timer:TimerUDB:int_capt_count_0\[47]
Removing Lhs of wire \CH1_Timer:TimerUDB:sIntCapCount:MODULE_1:g1:a0:newb_1\[55] = MODIN2_1[56]
Removing Rhs of wire MODIN2_1[56] = \CH1_Timer:TimerUDB:control_1\[20]
Removing Lhs of wire \CH1_Timer:TimerUDB:sIntCapCount:MODULE_1:g1:a0:newb_0\[57] = MODIN2_0[58]
Removing Rhs of wire MODIN2_0[58] = \CH1_Timer:TimerUDB:control_0\[21]
Removing Lhs of wire \CH1_Timer:TimerUDB:sIntCapCount:MODULE_1:g1:a0:dataa_1\[59] = MODIN1_1[52]
Removing Lhs of wire \CH1_Timer:TimerUDB:sIntCapCount:MODULE_1:g1:a0:dataa_0\[60] = MODIN1_0[54]
Removing Lhs of wire \CH1_Timer:TimerUDB:sIntCapCount:MODULE_1:g1:a0:datab_1\[61] = MODIN2_1[56]
Removing Lhs of wire \CH1_Timer:TimerUDB:sIntCapCount:MODULE_1:g1:a0:datab_0\[62] = MODIN2_0[58]
Removing Lhs of wire \CH1_Timer:TimerUDB:sIntCapCount:MODULE_1:g1:a0:gx:u0:a_1\[63] = MODIN1_1[52]
Removing Lhs of wire \CH1_Timer:TimerUDB:sIntCapCount:MODULE_1:g1:a0:gx:u0:a_0\[64] = MODIN1_0[54]
Removing Lhs of wire \CH1_Timer:TimerUDB:sIntCapCount:MODULE_1:g1:a0:gx:u0:b_1\[65] = MODIN2_1[56]
Removing Lhs of wire \CH1_Timer:TimerUDB:sIntCapCount:MODULE_1:g1:a0:gx:u0:b_0\[66] = MODIN2_0[58]
Removing Lhs of wire \CH1_Timer:TimerUDB:sIntCapCount:MODULE_1:g1:a0:gx:u0:aeqb_0\[69] = one[8]
Removing Lhs of wire \CH1_Timer:TimerUDB:sIntCapCount:MODULE_1:g1:a0:gx:u0:eq_0\[70] = \CH1_Timer:TimerUDB:sIntCapCount:MODULE_1:g1:a0:gx:u0:xnor_array_0\[68]
Removing Lhs of wire \CH1_Timer:TimerUDB:sIntCapCount:MODULE_1:g1:a0:gx:u0:eqi_0\[72] = \CH1_Timer:TimerUDB:sIntCapCount:MODULE_1:g1:a0:gx:u0:eq_1\[71]
Removing Rhs of wire \CH1_Timer:TimerUDB:sIntCapCount:MODULE_1:g1:a0:xeq\[84] = \CH1_Timer:TimerUDB:sIntCapCount:MODULE_1:g1:a0:gx:u0:aeqb_1\[73]
Removing Lhs of wire \CH1_Timer:TimerUDB:sIntCapCount:MODULE_2:g2:a0:a_1\[95] = MODIN1_1[52]
Removing Lhs of wire MODIN3_1[96] = MODIN1_1[52]
Removing Lhs of wire \CH1_Timer:TimerUDB:sIntCapCount:MODULE_2:g2:a0:a_0\[97] = MODIN1_0[54]
Removing Lhs of wire MODIN3_0[98] = MODIN1_0[54]
Removing Lhs of wire \CH1_Timer:TimerUDB:sIntCapCount:MODULE_2:g2:a0:g1:z1:s0:g1:u0:c_0\[104] = one[8]
Removing Lhs of wire \CH1_Timer:TimerUDB:sIntCapCount:MODULE_2:g2:a0:g1:z1:s0:g1:u0:b_0\[105] = one[8]
Removing Lhs of wire \CH1_Timer:TimerUDB:status_6\[108] = Net_12[0]
Removing Lhs of wire \CH1_Timer:TimerUDB:status_5\[109] = Net_12[0]
Removing Lhs of wire \CH1_Timer:TimerUDB:status_4\[110] = Net_12[0]
Removing Lhs of wire \CH1_Timer:TimerUDB:status_0\[111] = \CH1_Timer:TimerUDB:status_tc\[36]
Removing Lhs of wire \CH1_Timer:TimerUDB:status_1\[112] = \CH1_Timer:TimerUDB:capt_int_temp\[49]
Removing Rhs of wire \CH1_Timer:TimerUDB:status_2\[113] = \CH1_Timer:TimerUDB:fifo_full\[114]
Removing Rhs of wire \CH1_Timer:TimerUDB:status_3\[115] = \CH1_Timer:TimerUDB:fifo_nempty\[116]
Removing Lhs of wire \CH1_Timer:TimerUDB:cs_addr_2\[118] = Net_12[0]
Removing Lhs of wire \CH1_Timer:TimerUDB:cs_addr_1\[119] = \CH1_Timer:TimerUDB:trig_reg\[107]
Removing Lhs of wire \CH1_Timer:TimerUDB:cs_addr_0\[120] = \CH1_Timer:TimerUDB:per_zero\[38]
Removing Lhs of wire Net_133[299] = Net_12[0]
Removing Lhs of wire \CH2_Timer:TimerUDB:ctrl_enable\[319] = \CH2_Timer:TimerUDB:control_7\[311]
Removing Lhs of wire \CH2_Timer:TimerUDB:ctrl_cmode_1\[321] = one[8]
Removing Lhs of wire \CH2_Timer:TimerUDB:ctrl_ic_1\[325] = \CH2_Timer:TimerUDB:control_1\[317]
Removing Lhs of wire \CH2_Timer:TimerUDB:ctrl_ic_0\[326] = \CH2_Timer:TimerUDB:control_0\[318]
Removing Rhs of wire \CH2_Timer:TimerUDB:timer_enable\[330] = \CH2_Timer:TimerUDB:runmode_enable\[403]
Removing Rhs of wire \CH2_Timer:TimerUDB:run_mode\[331] = \CH2_Timer:TimerUDB:hwEnable\[332]
Removing Lhs of wire \CH2_Timer:TimerUDB:run_mode\[331] = \CH2_Timer:TimerUDB:control_7\[311]
Removing Lhs of wire \CH2_Timer:TimerUDB:trigger_enable\[334] = one[8]
Removing Lhs of wire \CH2_Timer:TimerUDB:tc_i\[336] = \CH2_Timer:TimerUDB:status_tc\[333]
Removing Lhs of wire cmp_vv_vv_MODGEN_3[342] = \CH2_Timer:TimerUDB:sIntCapCount:MODULE_3:g1:a0:xeq\[381]
Removing Rhs of wire add_vv_vv_MODGEN_4_1[343] = \CH2_Timer:TimerUDB:sIntCapCount:MODULE_4:g2:a0:s_1\[398]
Removing Rhs of wire add_vv_vv_MODGEN_4_0[345] = \CH2_Timer:TimerUDB:sIntCapCount:MODULE_4:g2:a0:s_0\[399]
Removing Lhs of wire \CH2_Timer:TimerUDB:capt_fifo_load_int\[347] = \CH2_Timer:TimerUDB:capt_int_temp\[346]
Removing Lhs of wire \CH2_Timer:TimerUDB:sIntCapCount:MODULE_3:g1:a0:newa_1\[348] = MODIN4_1[349]
Removing Rhs of wire MODIN4_1[349] = \CH2_Timer:TimerUDB:int_capt_count_1\[341]
Removing Lhs of wire \CH2_Timer:TimerUDB:sIntCapCount:MODULE_3:g1:a0:newa_0\[350] = MODIN4_0[351]
Removing Rhs of wire MODIN4_0[351] = \CH2_Timer:TimerUDB:int_capt_count_0\[344]
Removing Lhs of wire \CH2_Timer:TimerUDB:sIntCapCount:MODULE_3:g1:a0:newb_1\[352] = MODIN5_1[353]
Removing Rhs of wire MODIN5_1[353] = \CH2_Timer:TimerUDB:control_1\[317]
Removing Lhs of wire \CH2_Timer:TimerUDB:sIntCapCount:MODULE_3:g1:a0:newb_0\[354] = MODIN5_0[355]
Removing Rhs of wire MODIN5_0[355] = \CH2_Timer:TimerUDB:control_0\[318]
Removing Lhs of wire \CH2_Timer:TimerUDB:sIntCapCount:MODULE_3:g1:a0:dataa_1\[356] = MODIN4_1[349]
Removing Lhs of wire \CH2_Timer:TimerUDB:sIntCapCount:MODULE_3:g1:a0:dataa_0\[357] = MODIN4_0[351]
Removing Lhs of wire \CH2_Timer:TimerUDB:sIntCapCount:MODULE_3:g1:a0:datab_1\[358] = MODIN5_1[353]
Removing Lhs of wire \CH2_Timer:TimerUDB:sIntCapCount:MODULE_3:g1:a0:datab_0\[359] = MODIN5_0[355]
Removing Lhs of wire \CH2_Timer:TimerUDB:sIntCapCount:MODULE_3:g1:a0:gx:u0:a_1\[360] = MODIN4_1[349]
Removing Lhs of wire \CH2_Timer:TimerUDB:sIntCapCount:MODULE_3:g1:a0:gx:u0:a_0\[361] = MODIN4_0[351]
Removing Lhs of wire \CH2_Timer:TimerUDB:sIntCapCount:MODULE_3:g1:a0:gx:u0:b_1\[362] = MODIN5_1[353]
Removing Lhs of wire \CH2_Timer:TimerUDB:sIntCapCount:MODULE_3:g1:a0:gx:u0:b_0\[363] = MODIN5_0[355]
Removing Lhs of wire \CH2_Timer:TimerUDB:sIntCapCount:MODULE_3:g1:a0:gx:u0:aeqb_0\[366] = one[8]
Removing Lhs of wire \CH2_Timer:TimerUDB:sIntCapCount:MODULE_3:g1:a0:gx:u0:eq_0\[367] = \CH2_Timer:TimerUDB:sIntCapCount:MODULE_3:g1:a0:gx:u0:xnor_array_0\[365]
Removing Lhs of wire \CH2_Timer:TimerUDB:sIntCapCount:MODULE_3:g1:a0:gx:u0:eqi_0\[369] = \CH2_Timer:TimerUDB:sIntCapCount:MODULE_3:g1:a0:gx:u0:eq_1\[368]
Removing Rhs of wire \CH2_Timer:TimerUDB:sIntCapCount:MODULE_3:g1:a0:xeq\[381] = \CH2_Timer:TimerUDB:sIntCapCount:MODULE_3:g1:a0:gx:u0:aeqb_1\[370]
Removing Lhs of wire \CH2_Timer:TimerUDB:sIntCapCount:MODULE_4:g2:a0:a_1\[392] = MODIN4_1[349]
Removing Lhs of wire MODIN6_1[393] = MODIN4_1[349]
Removing Lhs of wire \CH2_Timer:TimerUDB:sIntCapCount:MODULE_4:g2:a0:a_0\[394] = MODIN4_0[351]
Removing Lhs of wire MODIN6_0[395] = MODIN4_0[351]
Removing Lhs of wire \CH2_Timer:TimerUDB:sIntCapCount:MODULE_4:g2:a0:g1:z1:s0:g1:u0:c_0\[401] = one[8]
Removing Lhs of wire \CH2_Timer:TimerUDB:sIntCapCount:MODULE_4:g2:a0:g1:z1:s0:g1:u0:b_0\[402] = one[8]
Removing Lhs of wire \CH2_Timer:TimerUDB:status_6\[405] = Net_12[0]
Removing Lhs of wire \CH2_Timer:TimerUDB:status_5\[406] = Net_12[0]
Removing Lhs of wire \CH2_Timer:TimerUDB:status_4\[407] = Net_12[0]
Removing Lhs of wire \CH2_Timer:TimerUDB:status_0\[408] = \CH2_Timer:TimerUDB:status_tc\[333]
Removing Lhs of wire \CH2_Timer:TimerUDB:status_1\[409] = \CH2_Timer:TimerUDB:capt_int_temp\[346]
Removing Rhs of wire \CH2_Timer:TimerUDB:status_2\[410] = \CH2_Timer:TimerUDB:fifo_full\[411]
Removing Rhs of wire \CH2_Timer:TimerUDB:status_3\[412] = \CH2_Timer:TimerUDB:fifo_nempty\[413]
Removing Lhs of wire \CH2_Timer:TimerUDB:cs_addr_2\[415] = Net_12[0]
Removing Lhs of wire \CH2_Timer:TimerUDB:cs_addr_1\[416] = \CH2_Timer:TimerUDB:trig_reg\[404]
Removing Lhs of wire \CH2_Timer:TimerUDB:cs_addr_0\[417] = \CH2_Timer:TimerUDB:per_zero\[335]
Removing Lhs of wire Net_144[595] = Net_12[0]
Removing Lhs of wire \CH3_Timer:TimerUDB:ctrl_enable\[615] = \CH3_Timer:TimerUDB:control_7\[607]
Removing Lhs of wire \CH3_Timer:TimerUDB:ctrl_cmode_1\[617] = one[8]
Removing Lhs of wire \CH3_Timer:TimerUDB:ctrl_ic_1\[621] = \CH3_Timer:TimerUDB:control_1\[613]
Removing Lhs of wire \CH3_Timer:TimerUDB:ctrl_ic_0\[622] = \CH3_Timer:TimerUDB:control_0\[614]
Removing Rhs of wire \CH3_Timer:TimerUDB:timer_enable\[626] = \CH3_Timer:TimerUDB:runmode_enable\[699]
Removing Rhs of wire \CH3_Timer:TimerUDB:run_mode\[627] = \CH3_Timer:TimerUDB:hwEnable\[628]
Removing Lhs of wire \CH3_Timer:TimerUDB:run_mode\[627] = \CH3_Timer:TimerUDB:control_7\[607]
Removing Lhs of wire \CH3_Timer:TimerUDB:trigger_enable\[630] = one[8]
Removing Lhs of wire \CH3_Timer:TimerUDB:tc_i\[632] = \CH3_Timer:TimerUDB:status_tc\[629]
Removing Lhs of wire cmp_vv_vv_MODGEN_5[638] = \CH3_Timer:TimerUDB:sIntCapCount:MODULE_5:g1:a0:xeq\[677]
Removing Rhs of wire add_vv_vv_MODGEN_6_1[639] = \CH3_Timer:TimerUDB:sIntCapCount:MODULE_6:g2:a0:s_1\[694]
Removing Rhs of wire add_vv_vv_MODGEN_6_0[641] = \CH3_Timer:TimerUDB:sIntCapCount:MODULE_6:g2:a0:s_0\[695]
Removing Lhs of wire \CH3_Timer:TimerUDB:capt_fifo_load_int\[643] = \CH3_Timer:TimerUDB:capt_int_temp\[642]
Removing Lhs of wire \CH3_Timer:TimerUDB:sIntCapCount:MODULE_5:g1:a0:newa_1\[644] = MODIN7_1[645]
Removing Rhs of wire MODIN7_1[645] = \CH3_Timer:TimerUDB:int_capt_count_1\[637]
Removing Lhs of wire \CH3_Timer:TimerUDB:sIntCapCount:MODULE_5:g1:a0:newa_0\[646] = MODIN7_0[647]
Removing Rhs of wire MODIN7_0[647] = \CH3_Timer:TimerUDB:int_capt_count_0\[640]
Removing Lhs of wire \CH3_Timer:TimerUDB:sIntCapCount:MODULE_5:g1:a0:newb_1\[648] = MODIN8_1[649]
Removing Rhs of wire MODIN8_1[649] = \CH3_Timer:TimerUDB:control_1\[613]
Removing Lhs of wire \CH3_Timer:TimerUDB:sIntCapCount:MODULE_5:g1:a0:newb_0\[650] = MODIN8_0[651]
Removing Rhs of wire MODIN8_0[651] = \CH3_Timer:TimerUDB:control_0\[614]
Removing Lhs of wire \CH3_Timer:TimerUDB:sIntCapCount:MODULE_5:g1:a0:dataa_1\[652] = MODIN7_1[645]
Removing Lhs of wire \CH3_Timer:TimerUDB:sIntCapCount:MODULE_5:g1:a0:dataa_0\[653] = MODIN7_0[647]
Removing Lhs of wire \CH3_Timer:TimerUDB:sIntCapCount:MODULE_5:g1:a0:datab_1\[654] = MODIN8_1[649]
Removing Lhs of wire \CH3_Timer:TimerUDB:sIntCapCount:MODULE_5:g1:a0:datab_0\[655] = MODIN8_0[651]
Removing Lhs of wire \CH3_Timer:TimerUDB:sIntCapCount:MODULE_5:g1:a0:gx:u0:a_1\[656] = MODIN7_1[645]
Removing Lhs of wire \CH3_Timer:TimerUDB:sIntCapCount:MODULE_5:g1:a0:gx:u0:a_0\[657] = MODIN7_0[647]
Removing Lhs of wire \CH3_Timer:TimerUDB:sIntCapCount:MODULE_5:g1:a0:gx:u0:b_1\[658] = MODIN8_1[649]
Removing Lhs of wire \CH3_Timer:TimerUDB:sIntCapCount:MODULE_5:g1:a0:gx:u0:b_0\[659] = MODIN8_0[651]
Removing Lhs of wire \CH3_Timer:TimerUDB:sIntCapCount:MODULE_5:g1:a0:gx:u0:aeqb_0\[662] = one[8]
Removing Lhs of wire \CH3_Timer:TimerUDB:sIntCapCount:MODULE_5:g1:a0:gx:u0:eq_0\[663] = \CH3_Timer:TimerUDB:sIntCapCount:MODULE_5:g1:a0:gx:u0:xnor_array_0\[661]
Removing Lhs of wire \CH3_Timer:TimerUDB:sIntCapCount:MODULE_5:g1:a0:gx:u0:eqi_0\[665] = \CH3_Timer:TimerUDB:sIntCapCount:MODULE_5:g1:a0:gx:u0:eq_1\[664]
Removing Rhs of wire \CH3_Timer:TimerUDB:sIntCapCount:MODULE_5:g1:a0:xeq\[677] = \CH3_Timer:TimerUDB:sIntCapCount:MODULE_5:g1:a0:gx:u0:aeqb_1\[666]
Removing Lhs of wire \CH3_Timer:TimerUDB:sIntCapCount:MODULE_6:g2:a0:a_1\[688] = MODIN7_1[645]
Removing Lhs of wire MODIN9_1[689] = MODIN7_1[645]
Removing Lhs of wire \CH3_Timer:TimerUDB:sIntCapCount:MODULE_6:g2:a0:a_0\[690] = MODIN7_0[647]
Removing Lhs of wire MODIN9_0[691] = MODIN7_0[647]
Removing Lhs of wire \CH3_Timer:TimerUDB:sIntCapCount:MODULE_6:g2:a0:g1:z1:s0:g1:u0:c_0\[697] = one[8]
Removing Lhs of wire \CH3_Timer:TimerUDB:sIntCapCount:MODULE_6:g2:a0:g1:z1:s0:g1:u0:b_0\[698] = one[8]
Removing Lhs of wire \CH3_Timer:TimerUDB:status_6\[701] = Net_12[0]
Removing Lhs of wire \CH3_Timer:TimerUDB:status_5\[702] = Net_12[0]
Removing Lhs of wire \CH3_Timer:TimerUDB:status_4\[703] = Net_12[0]
Removing Lhs of wire \CH3_Timer:TimerUDB:status_0\[704] = \CH3_Timer:TimerUDB:status_tc\[629]
Removing Lhs of wire \CH3_Timer:TimerUDB:status_1\[705] = \CH3_Timer:TimerUDB:capt_int_temp\[642]
Removing Rhs of wire \CH3_Timer:TimerUDB:status_2\[706] = \CH3_Timer:TimerUDB:fifo_full\[707]
Removing Rhs of wire \CH3_Timer:TimerUDB:status_3\[708] = \CH3_Timer:TimerUDB:fifo_nempty\[709]
Removing Lhs of wire \CH3_Timer:TimerUDB:cs_addr_2\[711] = Net_12[0]
Removing Lhs of wire \CH3_Timer:TimerUDB:cs_addr_1\[712] = \CH3_Timer:TimerUDB:trig_reg\[700]
Removing Lhs of wire \CH3_Timer:TimerUDB:cs_addr_0\[713] = \CH3_Timer:TimerUDB:per_zero\[631]
Removing Lhs of wire Net_156[891] = Net_12[0]
Removing Lhs of wire \CH4_Timer:TimerUDB:ctrl_enable\[910] = \CH4_Timer:TimerUDB:control_7\[902]
Removing Lhs of wire \CH4_Timer:TimerUDB:ctrl_cmode_1\[912] = one[8]
Removing Lhs of wire \CH4_Timer:TimerUDB:ctrl_ic_1\[916] = \CH4_Timer:TimerUDB:control_1\[908]
Removing Lhs of wire \CH4_Timer:TimerUDB:ctrl_ic_0\[917] = \CH4_Timer:TimerUDB:control_0\[909]
Removing Rhs of wire \CH4_Timer:TimerUDB:timer_enable\[921] = \CH4_Timer:TimerUDB:runmode_enable\[994]
Removing Rhs of wire \CH4_Timer:TimerUDB:run_mode\[922] = \CH4_Timer:TimerUDB:hwEnable\[923]
Removing Lhs of wire \CH4_Timer:TimerUDB:run_mode\[922] = \CH4_Timer:TimerUDB:control_7\[902]
Removing Lhs of wire \CH4_Timer:TimerUDB:trigger_enable\[925] = one[8]
Removing Lhs of wire \CH4_Timer:TimerUDB:tc_i\[927] = \CH4_Timer:TimerUDB:status_tc\[924]
Removing Lhs of wire \CH4_Timer:TimerUDB:sIntCapCount:cmp_vv_vv_MODGEN_7\[933] = \CH4_Timer:TimerUDB:sIntCapCount:MODULE_7:g1:a0:xeq\[972]
Removing Lhs of wire \CH4_Timer:TimerUDB:sIntCapCount:add_vv_vv_MODGEN_8_1\[934] = \CH4_Timer:TimerUDB:sIntCapCount:MODULE_8:g2:a0:s_1\[989]
Removing Lhs of wire \CH4_Timer:TimerUDB:sIntCapCount:add_vv_vv_MODGEN_8_0\[936] = \CH4_Timer:TimerUDB:sIntCapCount:MODULE_8:g2:a0:s_0\[990]
Removing Lhs of wire \CH4_Timer:TimerUDB:capt_fifo_load_int\[938] = \CH4_Timer:TimerUDB:capt_int_temp\[937]
Removing Lhs of wire \CH4_Timer:TimerUDB:sIntCapCount:MODULE_7:g1:a0:newa_1\[939] = \CH4_Timer:TimerUDB:sIntCapCount:MODIN10_1\[940]
Removing Lhs of wire \CH4_Timer:TimerUDB:sIntCapCount:MODIN10_1\[940] = \CH4_Timer:TimerUDB:int_capt_count_1\[932]
Removing Lhs of wire \CH4_Timer:TimerUDB:sIntCapCount:MODULE_7:g1:a0:newa_0\[941] = \CH4_Timer:TimerUDB:sIntCapCount:MODIN10_0\[942]
Removing Lhs of wire \CH4_Timer:TimerUDB:sIntCapCount:MODIN10_0\[942] = \CH4_Timer:TimerUDB:int_capt_count_0\[935]
Removing Lhs of wire \CH4_Timer:TimerUDB:sIntCapCount:MODULE_7:g1:a0:newb_1\[943] = \CH4_Timer:TimerUDB:sIntCapCount:MODIN11_1\[944]
Removing Lhs of wire \CH4_Timer:TimerUDB:sIntCapCount:MODIN11_1\[944] = \CH4_Timer:TimerUDB:control_1\[908]
Removing Lhs of wire \CH4_Timer:TimerUDB:sIntCapCount:MODULE_7:g1:a0:newb_0\[945] = \CH4_Timer:TimerUDB:sIntCapCount:MODIN11_0\[946]
Removing Lhs of wire \CH4_Timer:TimerUDB:sIntCapCount:MODIN11_0\[946] = \CH4_Timer:TimerUDB:control_0\[909]
Removing Lhs of wire \CH4_Timer:TimerUDB:sIntCapCount:MODULE_7:g1:a0:dataa_1\[947] = \CH4_Timer:TimerUDB:int_capt_count_1\[932]
Removing Lhs of wire \CH4_Timer:TimerUDB:sIntCapCount:MODULE_7:g1:a0:dataa_0\[948] = \CH4_Timer:TimerUDB:int_capt_count_0\[935]
Removing Lhs of wire \CH4_Timer:TimerUDB:sIntCapCount:MODULE_7:g1:a0:datab_1\[949] = \CH4_Timer:TimerUDB:control_1\[908]
Removing Lhs of wire \CH4_Timer:TimerUDB:sIntCapCount:MODULE_7:g1:a0:datab_0\[950] = \CH4_Timer:TimerUDB:control_0\[909]
Removing Lhs of wire \CH4_Timer:TimerUDB:sIntCapCount:MODULE_7:g1:a0:gx:u0:a_1\[951] = \CH4_Timer:TimerUDB:int_capt_count_1\[932]
Removing Lhs of wire \CH4_Timer:TimerUDB:sIntCapCount:MODULE_7:g1:a0:gx:u0:a_0\[952] = \CH4_Timer:TimerUDB:int_capt_count_0\[935]
Removing Lhs of wire \CH4_Timer:TimerUDB:sIntCapCount:MODULE_7:g1:a0:gx:u0:b_1\[953] = \CH4_Timer:TimerUDB:control_1\[908]
Removing Lhs of wire \CH4_Timer:TimerUDB:sIntCapCount:MODULE_7:g1:a0:gx:u0:b_0\[954] = \CH4_Timer:TimerUDB:control_0\[909]
Removing Lhs of wire \CH4_Timer:TimerUDB:sIntCapCount:MODULE_7:g1:a0:gx:u0:aeqb_0\[957] = one[8]
Removing Lhs of wire \CH4_Timer:TimerUDB:sIntCapCount:MODULE_7:g1:a0:gx:u0:eq_0\[958] = \CH4_Timer:TimerUDB:sIntCapCount:MODULE_7:g1:a0:gx:u0:xnor_array_0\[956]
Removing Lhs of wire \CH4_Timer:TimerUDB:sIntCapCount:MODULE_7:g1:a0:gx:u0:eqi_0\[960] = \CH4_Timer:TimerUDB:sIntCapCount:MODULE_7:g1:a0:gx:u0:eq_1\[959]
Removing Rhs of wire \CH4_Timer:TimerUDB:sIntCapCount:MODULE_7:g1:a0:xeq\[972] = \CH4_Timer:TimerUDB:sIntCapCount:MODULE_7:g1:a0:gx:u0:aeqb_1\[961]
Removing Lhs of wire \CH4_Timer:TimerUDB:sIntCapCount:MODULE_8:g2:a0:a_1\[983] = \CH4_Timer:TimerUDB:int_capt_count_1\[932]
Removing Lhs of wire \CH4_Timer:TimerUDB:sIntCapCount:MODIN12_1\[984] = \CH4_Timer:TimerUDB:int_capt_count_1\[932]
Removing Lhs of wire \CH4_Timer:TimerUDB:sIntCapCount:MODULE_8:g2:a0:a_0\[985] = \CH4_Timer:TimerUDB:int_capt_count_0\[935]
Removing Lhs of wire \CH4_Timer:TimerUDB:sIntCapCount:MODIN12_0\[986] = \CH4_Timer:TimerUDB:int_capt_count_0\[935]
Removing Lhs of wire \CH4_Timer:TimerUDB:sIntCapCount:MODULE_8:g2:a0:g1:z1:s0:g1:u0:c_0\[992] = one[8]
Removing Lhs of wire \CH4_Timer:TimerUDB:sIntCapCount:MODULE_8:g2:a0:g1:z1:s0:g1:u0:b_0\[993] = one[8]
Removing Lhs of wire \CH4_Timer:TimerUDB:status_6\[996] = Net_12[0]
Removing Lhs of wire \CH4_Timer:TimerUDB:status_5\[997] = Net_12[0]
Removing Lhs of wire \CH4_Timer:TimerUDB:status_4\[998] = Net_12[0]
Removing Lhs of wire \CH4_Timer:TimerUDB:status_0\[999] = \CH4_Timer:TimerUDB:status_tc\[924]
Removing Lhs of wire \CH4_Timer:TimerUDB:status_1\[1000] = \CH4_Timer:TimerUDB:capt_int_temp\[937]
Removing Rhs of wire \CH4_Timer:TimerUDB:status_2\[1001] = \CH4_Timer:TimerUDB:fifo_full\[1002]
Removing Rhs of wire \CH4_Timer:TimerUDB:status_3\[1003] = \CH4_Timer:TimerUDB:fifo_nempty\[1004]
Removing Lhs of wire \CH4_Timer:TimerUDB:cs_addr_2\[1006] = Net_12[0]
Removing Lhs of wire \CH4_Timer:TimerUDB:cs_addr_1\[1007] = \CH4_Timer:TimerUDB:trig_reg\[995]
Removing Lhs of wire \CH4_Timer:TimerUDB:cs_addr_0\[1008] = \CH4_Timer:TimerUDB:per_zero\[926]
Removing Lhs of wire tmpOE__CH1_Pin_net_0[1186] = one[8]
Removing Lhs of wire tmpOE__CH2_Pin_net_0[1192] = one[8]
Removing Lhs of wire tmpOE__CH3_Pin_net_0[1198] = one[8]
Removing Lhs of wire tmpOE__CH4_Pin_net_0[1204] = one[8]
Removing Lhs of wire tmpOE__LED_BUILDIN_net_0[1215] = one[8]
Removing Lhs of wire \CH1_Timer:TimerUDB:capture_last\\D\[1220] = Net_12[0]
Removing Lhs of wire \CH1_Timer:TimerUDB:tc_reg_i\\D\[1221] = \CH1_Timer:TimerUDB:status_tc\[36]
Removing Lhs of wire \CH1_Timer:TimerUDB:hwEnable_reg\\D\[1222] = \CH1_Timer:TimerUDB:control_7\[14]
Removing Lhs of wire \CH1_Timer:TimerUDB:capture_out_reg_i\\D\[1223] = \CH1_Timer:TimerUDB:capt_fifo_load\[32]
Removing Lhs of wire \CH2_Timer:TimerUDB:capture_last\\D\[1227] = Net_12[0]
Removing Lhs of wire \CH2_Timer:TimerUDB:tc_reg_i\\D\[1228] = \CH2_Timer:TimerUDB:status_tc\[333]
Removing Lhs of wire \CH2_Timer:TimerUDB:hwEnable_reg\\D\[1229] = \CH2_Timer:TimerUDB:control_7\[311]
Removing Lhs of wire \CH2_Timer:TimerUDB:capture_out_reg_i\\D\[1230] = \CH2_Timer:TimerUDB:capt_fifo_load\[329]
Removing Lhs of wire \CH3_Timer:TimerUDB:capture_last\\D\[1234] = Net_12[0]
Removing Lhs of wire \CH3_Timer:TimerUDB:tc_reg_i\\D\[1235] = \CH3_Timer:TimerUDB:status_tc\[629]
Removing Lhs of wire \CH3_Timer:TimerUDB:hwEnable_reg\\D\[1236] = \CH3_Timer:TimerUDB:control_7\[607]
Removing Lhs of wire \CH3_Timer:TimerUDB:capture_out_reg_i\\D\[1237] = \CH3_Timer:TimerUDB:capt_fifo_load\[625]
Removing Lhs of wire \CH4_Timer:TimerUDB:capture_last\\D\[1241] = Net_12[0]
Removing Lhs of wire \CH4_Timer:TimerUDB:tc_reg_i\\D\[1242] = \CH4_Timer:TimerUDB:status_tc\[924]
Removing Lhs of wire \CH4_Timer:TimerUDB:hwEnable_reg\\D\[1243] = \CH4_Timer:TimerUDB:control_7\[902]
Removing Lhs of wire \CH4_Timer:TimerUDB:capture_out_reg_i\\D\[1244] = \CH4_Timer:TimerUDB:capt_fifo_load\[920]

------------------------------------------------------
Aliased 0 equations, 221 wires.
------------------------------------------------------

----------------------------------------------------------
Circuit simplification
----------------------------------------------------------

Substituting virtuals - pass 1:

Note:  Expanding virtual equation for 'Net_12' (cost = 0):
Net_12 <=  ('0') ;

Note:  Expanding virtual equation for 'one' (cost = 0):
one <=  ('1') ;

Note:  Expanding virtual equation for '\CH1_Timer:TimerUDB:fifo_load_polarized\' (cost = 0):
\CH1_Timer:TimerUDB:fifo_load_polarized\ <= (\CH1_Timer:TimerUDB:capture_last\);

Note:  Expanding virtual equation for '\CH1_Timer:TimerUDB:timer_enable\' (cost = 0):
\CH1_Timer:TimerUDB:timer_enable\ <= (\CH1_Timer:TimerUDB:control_7\);

Note:  Expanding virtual equation for '\CH1_Timer:TimerUDB:sIntCapCount:MODULE_2:g2:a0:g1:z1:s0:g1:u0:c_1\' (cost = 0):
\CH1_Timer:TimerUDB:sIntCapCount:MODULE_2:g2:a0:g1:z1:s0:g1:u0:c_1\ <= (MODIN1_0);

Note:  Expanding virtual equation for 'add_vv_vv_MODGEN_2_0' (cost = 0):
add_vv_vv_MODGEN_2_0 <= (not MODIN1_0);

Note:  Expanding virtual equation for '\CH1_Timer:TimerUDB:sIntCapCount:MODULE_1:g1:a0:gx:u0:xnor_array_1\' (cost = 2):
\CH1_Timer:TimerUDB:sIntCapCount:MODULE_1:g1:a0:gx:u0:xnor_array_1\ <= ((not MODIN1_1 and not MODIN2_1)
	OR (MODIN1_1 and MODIN2_1));

Note:  Expanding virtual equation for '\CH1_Timer:TimerUDB:sIntCapCount:MODULE_1:g1:a0:gx:u0:xnor_array_0\' (cost = 4):
\CH1_Timer:TimerUDB:sIntCapCount:MODULE_1:g1:a0:gx:u0:xnor_array_0\ <= ((not MODIN1_0 and not MODIN2_0)
	OR (MODIN1_0 and MODIN2_0));

Note:  Expanding virtual equation for '\CH1_Timer:TimerUDB:sIntCapCount:MODULE_1:g1:a0:gx:u0:eq_1\' (cost = 4):
\CH1_Timer:TimerUDB:sIntCapCount:MODULE_1:g1:a0:gx:u0:eq_1\ <= ((not MODIN1_1 and not MODIN1_0 and not MODIN2_1 and not MODIN2_0)
	OR (not MODIN1_1 and not MODIN2_1 and MODIN1_0 and MODIN2_0)
	OR (not MODIN1_0 and not MODIN2_0 and MODIN1_1 and MODIN2_1)
	OR (MODIN1_1 and MODIN1_0 and MODIN2_1 and MODIN2_0));

Note:  Expanding virtual equation for '\CH1_Timer:TimerUDB:sIntCapCount:MODULE_1:g1:a0:xeq\' (cost = 60):
\CH1_Timer:TimerUDB:sIntCapCount:MODULE_1:g1:a0:xeq\ <= ((not MODIN1_1 and not MODIN1_0 and not MODIN2_1 and not MODIN2_0)
	OR (not MODIN1_1 and not MODIN2_1 and MODIN1_0 and MODIN2_0)
	OR (not MODIN1_0 and not MODIN2_0 and MODIN1_1 and MODIN2_1)
	OR (MODIN1_1 and MODIN1_0 and MODIN2_1 and MODIN2_0));

Note:  Expanding virtual equation for '\CH2_Timer:TimerUDB:fifo_load_polarized\' (cost = 0):
\CH2_Timer:TimerUDB:fifo_load_polarized\ <= (\CH2_Timer:TimerUDB:capture_last\);

Note:  Expanding virtual equation for '\CH2_Timer:TimerUDB:timer_enable\' (cost = 0):
\CH2_Timer:TimerUDB:timer_enable\ <= (\CH2_Timer:TimerUDB:control_7\);

Note:  Expanding virtual equation for '\CH2_Timer:TimerUDB:sIntCapCount:MODULE_4:g2:a0:g1:z1:s0:g1:u0:c_1\' (cost = 0):
\CH2_Timer:TimerUDB:sIntCapCount:MODULE_4:g2:a0:g1:z1:s0:g1:u0:c_1\ <= (MODIN4_0);

Note:  Expanding virtual equation for 'add_vv_vv_MODGEN_4_0' (cost = 0):
add_vv_vv_MODGEN_4_0 <= (not MODIN4_0);

Note:  Expanding virtual equation for '\CH2_Timer:TimerUDB:sIntCapCount:MODULE_3:g1:a0:gx:u0:xnor_array_1\' (cost = 2):
\CH2_Timer:TimerUDB:sIntCapCount:MODULE_3:g1:a0:gx:u0:xnor_array_1\ <= ((not MODIN4_1 and not MODIN5_1)
	OR (MODIN4_1 and MODIN5_1));

Note:  Expanding virtual equation for '\CH2_Timer:TimerUDB:sIntCapCount:MODULE_3:g1:a0:gx:u0:xnor_array_0\' (cost = 4):
\CH2_Timer:TimerUDB:sIntCapCount:MODULE_3:g1:a0:gx:u0:xnor_array_0\ <= ((not MODIN4_0 and not MODIN5_0)
	OR (MODIN4_0 and MODIN5_0));

Note:  Expanding virtual equation for '\CH2_Timer:TimerUDB:sIntCapCount:MODULE_3:g1:a0:gx:u0:eq_1\' (cost = 4):
\CH2_Timer:TimerUDB:sIntCapCount:MODULE_3:g1:a0:gx:u0:eq_1\ <= ((not MODIN4_1 and not MODIN4_0 and not MODIN5_1 and not MODIN5_0)
	OR (not MODIN4_1 and not MODIN5_1 and MODIN4_0 and MODIN5_0)
	OR (not MODIN4_0 and not MODIN5_0 and MODIN4_1 and MODIN5_1)
	OR (MODIN4_1 and MODIN4_0 and MODIN5_1 and MODIN5_0));

Note:  Expanding virtual equation for '\CH2_Timer:TimerUDB:sIntCapCount:MODULE_3:g1:a0:xeq\' (cost = 60):
\CH2_Timer:TimerUDB:sIntCapCount:MODULE_3:g1:a0:xeq\ <= ((not MODIN4_1 and not MODIN4_0 and not MODIN5_1 and not MODIN5_0)
	OR (not MODIN4_1 and not MODIN5_1 and MODIN4_0 and MODIN5_0)
	OR (not MODIN4_0 and not MODIN5_0 and MODIN4_1 and MODIN5_1)
	OR (MODIN4_1 and MODIN4_0 and MODIN5_1 and MODIN5_0));

Note:  Expanding virtual equation for '\CH3_Timer:TimerUDB:fifo_load_polarized\' (cost = 0):
\CH3_Timer:TimerUDB:fifo_load_polarized\ <= (\CH3_Timer:TimerUDB:capture_last\);

Note:  Expanding virtual equation for '\CH3_Timer:TimerUDB:timer_enable\' (cost = 0):
\CH3_Timer:TimerUDB:timer_enable\ <= (\CH3_Timer:TimerUDB:control_7\);

Note:  Expanding virtual equation for '\CH3_Timer:TimerUDB:sIntCapCount:MODULE_6:g2:a0:g1:z1:s0:g1:u0:c_1\' (cost = 0):
\CH3_Timer:TimerUDB:sIntCapCount:MODULE_6:g2:a0:g1:z1:s0:g1:u0:c_1\ <= (MODIN7_0);

Note:  Expanding virtual equation for 'add_vv_vv_MODGEN_6_0' (cost = 0):
add_vv_vv_MODGEN_6_0 <= (not MODIN7_0);

Note:  Expanding virtual equation for '\CH3_Timer:TimerUDB:sIntCapCount:MODULE_5:g1:a0:gx:u0:xnor_array_1\' (cost = 2):
\CH3_Timer:TimerUDB:sIntCapCount:MODULE_5:g1:a0:gx:u0:xnor_array_1\ <= ((not MODIN7_1 and not MODIN8_1)
	OR (MODIN7_1 and MODIN8_1));

Note:  Expanding virtual equation for '\CH3_Timer:TimerUDB:sIntCapCount:MODULE_5:g1:a0:gx:u0:xnor_array_0\' (cost = 4):
\CH3_Timer:TimerUDB:sIntCapCount:MODULE_5:g1:a0:gx:u0:xnor_array_0\ <= ((not MODIN7_0 and not MODIN8_0)
	OR (MODIN7_0 and MODIN8_0));

Note:  Expanding virtual equation for '\CH3_Timer:TimerUDB:sIntCapCount:MODULE_5:g1:a0:gx:u0:eq_1\' (cost = 4):
\CH3_Timer:TimerUDB:sIntCapCount:MODULE_5:g1:a0:gx:u0:eq_1\ <= ((not MODIN7_1 and not MODIN7_0 and not MODIN8_1 and not MODIN8_0)
	OR (not MODIN7_1 and not MODIN8_1 and MODIN7_0 and MODIN8_0)
	OR (not MODIN7_0 and not MODIN8_0 and MODIN7_1 and MODIN8_1)
	OR (MODIN7_1 and MODIN7_0 and MODIN8_1 and MODIN8_0));

Note:  Expanding virtual equation for '\CH3_Timer:TimerUDB:sIntCapCount:MODULE_5:g1:a0:xeq\' (cost = 60):
\CH3_Timer:TimerUDB:sIntCapCount:MODULE_5:g1:a0:xeq\ <= ((not MODIN7_1 and not MODIN7_0 and not MODIN8_1 and not MODIN8_0)
	OR (not MODIN7_1 and not MODIN8_1 and MODIN7_0 and MODIN8_0)
	OR (not MODIN7_0 and not MODIN8_0 and MODIN7_1 and MODIN8_1)
	OR (MODIN7_1 and MODIN7_0 and MODIN8_1 and MODIN8_0));

Note:  Expanding virtual equation for '\CH4_Timer:TimerUDB:fifo_load_polarized\' (cost = 0):
\CH4_Timer:TimerUDB:fifo_load_polarized\ <= (\CH4_Timer:TimerUDB:capture_last\);

Note:  Expanding virtual equation for '\CH4_Timer:TimerUDB:timer_enable\' (cost = 0):
\CH4_Timer:TimerUDB:timer_enable\ <= (\CH4_Timer:TimerUDB:control_7\);

Note:  Expanding virtual equation for '\CH4_Timer:TimerUDB:sIntCapCount:MODULE_7:g1:a0:gx:u0:xnor_array_1\' (cost = 2):
\CH4_Timer:TimerUDB:sIntCapCount:MODULE_7:g1:a0:gx:u0:xnor_array_1\ <= ((not \CH4_Timer:TimerUDB:control_1\ and not \CH4_Timer:TimerUDB:int_capt_count_1\)
	OR (\CH4_Timer:TimerUDB:control_1\ and \CH4_Timer:TimerUDB:int_capt_count_1\));

Note:  Expanding virtual equation for '\CH4_Timer:TimerUDB:sIntCapCount:MODULE_7:g1:a0:gx:u0:xnor_array_0\' (cost = 4):
\CH4_Timer:TimerUDB:sIntCapCount:MODULE_7:g1:a0:gx:u0:xnor_array_0\ <= ((not \CH4_Timer:TimerUDB:control_0\ and not \CH4_Timer:TimerUDB:int_capt_count_0\)
	OR (\CH4_Timer:TimerUDB:control_0\ and \CH4_Timer:TimerUDB:int_capt_count_0\));

Note:  Expanding virtual equation for '\CH4_Timer:TimerUDB:sIntCapCount:MODULE_7:g1:a0:gx:u0:eq_1\' (cost = 4):
\CH4_Timer:TimerUDB:sIntCapCount:MODULE_7:g1:a0:gx:u0:eq_1\ <= ((not \CH4_Timer:TimerUDB:control_1\ and not \CH4_Timer:TimerUDB:control_0\ and not \CH4_Timer:TimerUDB:int_capt_count_1\ and not \CH4_Timer:TimerUDB:int_capt_count_0\)
	OR (not \CH4_Timer:TimerUDB:control_1\ and not \CH4_Timer:TimerUDB:int_capt_count_1\ and \CH4_Timer:TimerUDB:control_0\ and \CH4_Timer:TimerUDB:int_capt_count_0\)
	OR (not \CH4_Timer:TimerUDB:control_0\ and not \CH4_Timer:TimerUDB:int_capt_count_0\ and \CH4_Timer:TimerUDB:control_1\ and \CH4_Timer:TimerUDB:int_capt_count_1\)
	OR (\CH4_Timer:TimerUDB:control_1\ and \CH4_Timer:TimerUDB:control_0\ and \CH4_Timer:TimerUDB:int_capt_count_1\ and \CH4_Timer:TimerUDB:int_capt_count_0\));

Note:  Expanding virtual equation for '\CH4_Timer:TimerUDB:sIntCapCount:MODULE_7:g1:a0:xeq\' (cost = 60):
\CH4_Timer:TimerUDB:sIntCapCount:MODULE_7:g1:a0:xeq\ <= ((not \CH4_Timer:TimerUDB:control_1\ and not \CH4_Timer:TimerUDB:control_0\ and not \CH4_Timer:TimerUDB:int_capt_count_1\ and not \CH4_Timer:TimerUDB:int_capt_count_0\)
	OR (not \CH4_Timer:TimerUDB:control_1\ and not \CH4_Timer:TimerUDB:int_capt_count_1\ and \CH4_Timer:TimerUDB:control_0\ and \CH4_Timer:TimerUDB:int_capt_count_0\)
	OR (not \CH4_Timer:TimerUDB:control_0\ and not \CH4_Timer:TimerUDB:int_capt_count_0\ and \CH4_Timer:TimerUDB:control_1\ and \CH4_Timer:TimerUDB:int_capt_count_1\)
	OR (\CH4_Timer:TimerUDB:control_1\ and \CH4_Timer:TimerUDB:control_0\ and \CH4_Timer:TimerUDB:int_capt_count_1\ and \CH4_Timer:TimerUDB:int_capt_count_0\));

Note:  Expanding virtual equation for '\CH4_Timer:TimerUDB:sIntCapCount:MODULE_8:g2:a0:g1:z1:s0:g1:u0:c_1\' (cost = 0):
\CH4_Timer:TimerUDB:sIntCapCount:MODULE_8:g2:a0:g1:z1:s0:g1:u0:c_1\ <= (\CH4_Timer:TimerUDB:int_capt_count_0\);

Note:  Expanding virtual equation for '\CH4_Timer:TimerUDB:sIntCapCount:MODULE_8:g2:a0:s_0\' (cost = 0):
\CH4_Timer:TimerUDB:sIntCapCount:MODULE_8:g2:a0:s_0\ <= (not \CH4_Timer:TimerUDB:int_capt_count_0\);


Substituting virtuals - pass 2:

Note:  Virtual signal \CH1_Timer:TimerUDB:capt_fifo_load\ with ( cost: 112 or cost_inv: 2)  > 90 or with size: 1 > 102 has been made a (soft) node.
\CH1_Timer:TimerUDB:capt_fifo_load\ <= ((\CH1_Timer:TimerUDB:control_7\ and \CH1_Timer:TimerUDB:capture_last\));

Note:  Expanding virtual equation for 'add_vv_vv_MODGEN_2_1' (cost = 8):
add_vv_vv_MODGEN_2_1 <= ((not MODIN1_0 and MODIN1_1)
	OR (not MODIN1_1 and MODIN1_0));

Note:  Virtual signal \CH2_Timer:TimerUDB:capt_fifo_load\ with ( cost: 112 or cost_inv: 2)  > 90 or with size: 1 > 102 has been made a (soft) node.
\CH2_Timer:TimerUDB:capt_fifo_load\ <= ((\CH2_Timer:TimerUDB:control_7\ and \CH2_Timer:TimerUDB:capture_last\));

Note:  Expanding virtual equation for 'add_vv_vv_MODGEN_4_1' (cost = 8):
add_vv_vv_MODGEN_4_1 <= ((not MODIN4_0 and MODIN4_1)
	OR (not MODIN4_1 and MODIN4_0));

Note:  Virtual signal \CH3_Timer:TimerUDB:capt_fifo_load\ with ( cost: 112 or cost_inv: 2)  > 90 or with size: 1 > 102 has been made a (soft) node.
\CH3_Timer:TimerUDB:capt_fifo_load\ <= ((\CH3_Timer:TimerUDB:control_7\ and \CH3_Timer:TimerUDB:capture_last\));

Note:  Expanding virtual equation for 'add_vv_vv_MODGEN_6_1' (cost = 8):
add_vv_vv_MODGEN_6_1 <= ((not MODIN7_0 and MODIN7_1)
	OR (not MODIN7_1 and MODIN7_0));

Note:  Virtual signal \CH4_Timer:TimerUDB:capt_fifo_load\ with ( cost: 112 or cost_inv: 2)  > 90 or with size: 1 > 102 has been made a (soft) node.
\CH4_Timer:TimerUDB:capt_fifo_load\ <= ((\CH4_Timer:TimerUDB:control_7\ and \CH4_Timer:TimerUDB:capture_last\));

Note:  Expanding virtual equation for '\CH4_Timer:TimerUDB:sIntCapCount:MODULE_8:g2:a0:s_1\' (cost = 8):
\CH4_Timer:TimerUDB:sIntCapCount:MODULE_8:g2:a0:s_1\ <= ((not \CH4_Timer:TimerUDB:int_capt_count_0\ and \CH4_Timer:TimerUDB:int_capt_count_1\)
	OR (not \CH4_Timer:TimerUDB:int_capt_count_1\ and \CH4_Timer:TimerUDB:int_capt_count_0\));


Substituting virtuals - pass 3:


----------------------------------------------------------
Circuit simplification results:

	Expanded 38 signals.
	Turned 4 signals into soft nodes.
	Maximum default expansion cost was set at 3.
----------------------------------------------------------

------------------------------------------------------
Alias Detection
------------------------------------------------------
Removing Lhs of wire \CH1_Timer:TimerUDB:trig_reg\[107] = \CH1_Timer:TimerUDB:control_7\[14]
Removing Lhs of wire \CH2_Timer:TimerUDB:trig_reg\[404] = \CH2_Timer:TimerUDB:control_7\[311]
Removing Lhs of wire \CH3_Timer:TimerUDB:trig_reg\[700] = \CH3_Timer:TimerUDB:control_7\[607]
Removing Lhs of wire \CH4_Timer:TimerUDB:trig_reg\[995] = \CH4_Timer:TimerUDB:control_7\[902]

------------------------------------------------------
Aliased 0 equations, 4 wires.
------------------------------------------------------

----------------------------------------------------------
Circuit simplification
----------------------------------------------------------

Eliminating unused logic - pass 1:


Eliminating unused logic - pass 2:


Substituting virtuals - pass 1:


----------------------------------------------------------
Circuit simplification results:

	Expanded 0 signals.
	Turned 0 signals into soft nodes.
	Maximum default expansion cost was set at 3.
----------------------------------------------------------

topld:  No errors.

CYPRESS_DIR    : C:\Program Files (x86)\Cypress\PSoC Creator\4.4\PSoC Creator\warp
Warp Program   : C:\Program Files (x86)\Cypress\PSoC Creator\4.4\PSoC Creator\warp\bin\warp.exe
Warp Arguments : -yv2 -q10 -ygs -o2 -v3 -.fftcfgtype=LE -ya -.fftprj=C:\Users\daan1\Documents\Robo-dagoe\firmware\platform\PSoC\PSoC-workspace\ExpressLRS_PWM_Receiver.cydsn\ExpressLRS_PWM_Receiver.cyprj -dcpsoc3 ExpressLRS_PWM_Receiver.v -verilog
</CYPRESSTAG>
Warp synthesis phase: Elapsed time ==> 0s.788ms
<CYPRESSTAG name="Fitter results...">
<CYPRESSTAG name="Fitter startup details...">
cyp3fit: V4.4.0.80, Family: PSoC3, Started at: Sunday, 29 March 2026 14:01:49
Options: -yv2 -q10 -ygs -o2 -v3 -.fftcfgtype=LE -ya -.fftprj=C:\Users\daan1\Documents\Robo-dagoe\firmware\platform\PSoC\PSoC-workspace\ExpressLRS_PWM_Receiver.cydsn\ExpressLRS_PWM_Receiver.cyprj -d CY8C5888LTI-LP097 ExpressLRS_PWM_Receiver.v -verilog
</CYPRESSTAG>
<CYPRESSTAG name="Design parsing">
Design parsing phase: Elapsed time ==> 0s.014ms
</CYPRESSTAG>
<CYPRESSTAG name="Tech Mapping">
<CYPRESSTAG name="Initial Mapping" icon="FILE_RPT_TECHM">
    Converted constant MacroCell: \CH1_Timer:TimerUDB:capture_last\ from registered to combinatorial
    Converted constant MacroCell: \CH2_Timer:TimerUDB:capture_last\ from registered to combinatorial
    Converted constant MacroCell: \CH3_Timer:TimerUDB:capture_last\ from registered to combinatorial
    Converted constant MacroCell: \CH4_Timer:TimerUDB:capture_last\ from registered to combinatorial
<CYPRESSTAG name="Global Clock Selection" icon="FILE_RPT_TECHM">
    Digital Clock 0: Automatic-assigning  clock 'CH2_Timer_CLK'. Fanout=2, Signal=Net_131
    Digital Clock 1: Automatic-assigning  clock 'CH3_Timer_CLK'. Fanout=2, Signal=Net_142
    Digital Clock 2: Automatic-assigning  clock 'CH1_Timer_CLK'. Fanout=2, Signal=Net_10
    Digital Clock 3: Automatic-assigning  clock 'CH4_Timer_CLK'. Fanout=2, Signal=Net_154
</CYPRESSTAG>

Removing unused cells resulting from optimization
Done removing unused cells.
<CYPRESSTAG name="UDB Clock/Enable Remapping Results">
    UDB Clk/Enable \CH1_Timer:TimerUDB:clock_enable_block\: with output requested to be synchronous
        ClockIn: CH1_Timer_CLK was determined to be a global clock that is synchronous to BUS_CLK
        EnableIn: Constant 1 was determined to be synchronous to ClockIn
        ClockOut: CH1_Timer_CLK, EnableOut: Constant 1
    UDB Clk/Enable \CH1_Timer:TimerUDB:sCTRLReg:SyncCtl:cy_psoc3_udb_Ctl_Clk_Sync\: with output requested to be synchronous
        ClockIn: CH1_Timer_CLK was determined to be a global clock that is synchronous to BUS_CLK
        EnableIn: Constant 1 was determined to be synchronous to ClockIn
        ClockOut: CH1_Timer_CLK, EnableOut: Constant 1
    UDB Clk/Enable \CH2_Timer:TimerUDB:clock_enable_block\: with output requested to be synchronous
        ClockIn: CH2_Timer_CLK was determined to be a global clock that is synchronous to BUS_CLK
        EnableIn: Constant 1 was determined to be synchronous to ClockIn
        ClockOut: CH2_Timer_CLK, EnableOut: Constant 1
    UDB Clk/Enable \CH2_Timer:TimerUDB:sCTRLReg:SyncCtl:cy_psoc3_udb_Ctl_Clk_Sync\: with output requested to be synchronous
        ClockIn: CH2_Timer_CLK was determined to be a global clock that is synchronous to BUS_CLK
        EnableIn: Constant 1 was determined to be synchronous to ClockIn
        ClockOut: CH2_Timer_CLK, EnableOut: Constant 1
    UDB Clk/Enable \CH3_Timer:TimerUDB:clock_enable_block\: with output requested to be synchronous
        ClockIn: CH3_Timer_CLK was determined to be a global clock that is synchronous to BUS_CLK
        EnableIn: Constant 1 was determined to be synchronous to ClockIn
        ClockOut: CH3_Timer_CLK, EnableOut: Constant 1
    UDB Clk/Enable \CH3_Timer:TimerUDB:sCTRLReg:SyncCtl:cy_psoc3_udb_Ctl_Clk_Sync\: with output requested to be synchronous
        ClockIn: CH3_Timer_CLK was determined to be a global clock that is synchronous to BUS_CLK
        EnableIn: Constant 1 was determined to be synchronous to ClockIn
        ClockOut: CH3_Timer_CLK, EnableOut: Constant 1
    UDB Clk/Enable \CH4_Timer:TimerUDB:clock_enable_block\: with output requested to be synchronous
        ClockIn: CH4_Timer_CLK was determined to be a global clock that is synchronous to BUS_CLK
        EnableIn: Constant 1 was determined to be synchronous to ClockIn
        ClockOut: CH4_Timer_CLK, EnableOut: Constant 1
    UDB Clk/Enable \CH4_Timer:TimerUDB:sCTRLReg:SyncCtl:cy_psoc3_udb_Ctl_Clk_Sync\: with output requested to be synchronous
        ClockIn: CH4_Timer_CLK was determined to be a global clock that is synchronous to BUS_CLK
        EnableIn: Constant 1 was determined to be synchronous to ClockIn
        ClockOut: CH4_Timer_CLK, EnableOut: Constant 1
</CYPRESSTAG>

Removing unused cells resulting from optimization
Done removing unused cells.
<CYPRESSTAG name="Duplicate Macrocell detection">
</CYPRESSTAG>
</CYPRESSTAG>
<CYPRESSTAG name="Duplicate Macrocell detection">

Removing duplicate macrocells
    Removing \CH4_Timer:TimerUDB:int_capt_count_0\, Duplicate of \CH4_Timer:TimerUDB:int_capt_count_1\ 
    MacroCell: Name=\CH4_Timer:TimerUDB:int_capt_count_0\, Mode=(T-Register)
        Total # of inputs        : 0
        Total # of product terms : 0
        List of special equations: 
            Clock  = (Net_154) => Global
            Clock Enable: True
        Main Equation            : 0 pterms
        (
            0
        );
        Output = \CH4_Timer:TimerUDB:int_capt_count_0\ (fanout=0)

    Removing MODIN7_0, Duplicate of MODIN7_1 
    MacroCell: Name=MODIN7_0, Mode=(T-Register)
        Total # of inputs        : 0
        Total # of product terms : 0
        List of special equations: 
            Clock  = (Net_142) => Global
            Clock Enable: True
        Main Equation            : 0 pterms
        (
            0
        );
        Output = MODIN7_0 (fanout=0)

    Removing MODIN4_0, Duplicate of MODIN4_1 
    MacroCell: Name=MODIN4_0, Mode=(T-Register)
        Total # of inputs        : 0
        Total # of product terms : 0
        List of special equations: 
            Clock  = (Net_131) => Global
            Clock Enable: True
        Main Equation            : 0 pterms
        (
            0
        );
        Output = MODIN4_0 (fanout=0)

    Removing MODIN1_0, Duplicate of MODIN1_1 
    MacroCell: Name=MODIN1_0, Mode=(T-Register)
        Total # of inputs        : 0
        Total # of product terms : 0
        List of special equations: 
            Clock  = (Net_10) => Global
            Clock Enable: True
        Main Equation            : 0 pterms
        (
            0
        );
        Output = MODIN1_0 (fanout=0)


Removing unused cells resulting from optimization
Done removing unused cells.
End removing duplicate macrocells: used 1 pass
</CYPRESSTAG>
<CYPRESSTAG name="Design Equations" icon="FILE_RPT_EQUATION">

------------------------------------------------------------
Design Equations
------------------------------------------------------------
    <CYPRESSTAG name="Pin listing">

    ------------------------------------------------------------
    Pin listing
    ------------------------------------------------------------

    Pin : Name = CH1_Pin(0)
        Attributes:
            In Group/Port: True
            In Sync Option: NOSYNC
            Out Sync Option: AUTO
            Interrupt generated: True
            Interrupt mode: ON_CHANGE
            Drive mode: RES_PULL_UP
            VTrip: CMOS
            Slew: FAST
            Input Sync needed: False
            Output Sync needed: False
            SC shield enabled: False
            POR State: ANY
            LCD Mode: COMMON
            Register Mode: RegComb
            CaSense Mode: NEITHER
            Treat as pin: False
            Is OE Registered: False
            Uses Analog: False
            Can contain Digital: True
            Is SIO: False
            SIO Output Buf: NONREGULATED
            SIO Input Buf: SINGLE_ENDED
            SIO HiFreq: LOW
            SIO Hyst: DISABLED
            SIO Vtrip: MULTIPLIER_0_5
            SIO Multiplier Index: 0
            SIO RefSel: VCC_IO
            Required Capabilities: DIGITAL, PORT_INTERRUPT
            Initial Value: 1
            IO Voltage: 0
        PORT MAP (
            pa_out => CH1_Pin(0)__PA ,
            pad => CH1_Pin(0)_PAD );
        Properties:
        {
        }

    Pin : Name = CH2_Pin(0)
        Attributes:
            In Group/Port: True
            In Sync Option: NOSYNC
            Out Sync Option: AUTO
            Interrupt generated: True
            Interrupt mode: ON_CHANGE
            Drive mode: RES_PULL_UP
            VTrip: CMOS
            Slew: FAST
            Input Sync needed: False
            Output Sync needed: False
            SC shield enabled: False
            POR State: ANY
            LCD Mode: COMMON
            Register Mode: RegComb
            CaSense Mode: NEITHER
            Treat as pin: False
            Is OE Registered: False
            Uses Analog: False
            Can contain Digital: True
            Is SIO: False
            SIO Output Buf: NONREGULATED
            SIO Input Buf: SINGLE_ENDED
            SIO HiFreq: LOW
            SIO Hyst: DISABLED
            SIO Vtrip: MULTIPLIER_0_5
            SIO Multiplier Index: 0
            SIO RefSel: VCC_IO
            Required Capabilities: DIGITAL, PORT_INTERRUPT
            Initial Value: 1
            IO Voltage: 0
        PORT MAP (
            pa_out => CH2_Pin(0)__PA ,
            pad => CH2_Pin(0)_PAD );
        Properties:
        {
        }

    Pin : Name = CH3_Pin(0)
        Attributes:
            In Group/Port: True
            In Sync Option: NOSYNC
            Out Sync Option: AUTO
            Interrupt generated: True
            Interrupt mode: ON_CHANGE
            Drive mode: RES_PULL_UP
            VTrip: CMOS
            Slew: FAST
            Input Sync needed: False
            Output Sync needed: False
            SC shield enabled: False
            POR State: ANY
            LCD Mode: COMMON
            Register Mode: RegComb
            CaSense Mode: NEITHER
            Treat as pin: False
            Is OE Registered: False
            Uses Analog: False
            Can contain Digital: True
            Is SIO: False
            SIO Output Buf: NONREGULATED
            SIO Input Buf: SINGLE_ENDED
            SIO HiFreq: LOW
            SIO Hyst: DISABLED
            SIO Vtrip: MULTIPLIER_0_5
            SIO Multiplier Index: 0
            SIO RefSel: VCC_IO
            Required Capabilities: DIGITAL, PORT_INTERRUPT
            Initial Value: 1
            IO Voltage: 0
        PORT MAP (
            pa_out => CH3_Pin(0)__PA ,
            pad => CH3_Pin(0)_PAD );
        Properties:
        {
        }

    Pin : Name = CH4_Pin(0)
        Attributes:
            In Group/Port: True
            In Sync Option: NOSYNC
            Out Sync Option: AUTO
            Interrupt generated: True
            Interrupt mode: ON_CHANGE
            Drive mode: RES_PULL_UP
            VTrip: CMOS
            Slew: FAST
            Input Sync needed: False
            Output Sync needed: False
            SC shield enabled: False
            POR State: ANY
            LCD Mode: COMMON
            Register Mode: RegComb
            CaSense Mode: NEITHER
            Treat as pin: False
            Is OE Registered: False
            Uses Analog: False
            Can contain Digital: True
            Is SIO: False
            SIO Output Buf: NONREGULATED
            SIO Input Buf: SINGLE_ENDED
            SIO HiFreq: LOW
            SIO Hyst: DISABLED
            SIO Vtrip: MULTIPLIER_0_5
            SIO Multiplier Index: 0
            SIO RefSel: VCC_IO
            Required Capabilities: DIGITAL, PORT_INTERRUPT
            Initial Value: 1
            IO Voltage: 0
        PORT MAP (
            pa_out => CH4_Pin(0)__PA ,
            pad => CH4_Pin(0)_PAD );
        Properties:
        {
        }

    Pin : Name = LED_BUILDIN(0)
        Attributes:
            In Group/Port: True
            In Sync Option: AUTO
            Out Sync Option: NOSYNC
            Interrupt generated: False
            Interrupt mode: NONE
            Drive mode: CMOS_OUT
            VTrip: EITHER
            Slew: FAST
            Input Sync needed: False
            Output Sync needed: False
            SC shield enabled: False
            POR State: ANY
            LCD Mode: COMMON
            Register Mode: RegComb
            CaSense Mode: NEITHER
            Treat as pin: True
            Is OE Registered: False
            Uses Analog: False
            Can contain Digital: True
            Is SIO: False
            SIO Output Buf: NONREGULATED
            SIO Input Buf: SINGLE_ENDED
            SIO HiFreq: LOW
            SIO Hyst: DISABLED
            SIO Vtrip: MULTIPLIER_0_5
            SIO Multiplier Index: 0
            SIO RefSel: VCC_IO
            Required Capabilities: DIGITAL
            Initial Value: 0
            IO Voltage: 0
        PORT MAP (
            pa_out => LED_BUILDIN(0)__PA ,
            pad => LED_BUILDIN(0)_PAD );
        Properties:
        {
        }
    </CYPRESSTAG>
    <CYPRESSTAG name="Macrocell listing" icon="FILE_RPT_EQUATION">

    ------------------------------------------------------------
    Macrocell listing
    ------------------------------------------------------------

    MacroCell: Name=\CH1_Timer:TimerUDB:status_tc\, Mode=(Combinatorial)
        Total # of inputs        : 2
        Total # of product terms : 1
            Clock Enable: True
        Main Equation            : 1 pterm
        (
              \CH1_Timer:TimerUDB:control_7\ * \CH1_Timer:TimerUDB:per_zero\
        );
        Output = \CH1_Timer:TimerUDB:status_tc\ (fanout=1)

    MacroCell: Name=\CH2_Timer:TimerUDB:status_tc\, Mode=(Combinatorial)
        Total # of inputs        : 2
        Total # of product terms : 1
            Clock Enable: True
        Main Equation            : 1 pterm
        (
              \CH2_Timer:TimerUDB:control_7\ * \CH2_Timer:TimerUDB:per_zero\
        );
        Output = \CH2_Timer:TimerUDB:status_tc\ (fanout=1)

    MacroCell: Name=\CH3_Timer:TimerUDB:status_tc\, Mode=(Combinatorial)
        Total # of inputs        : 2
        Total # of product terms : 1
            Clock Enable: True
        Main Equation            : 1 pterm
        (
              \CH3_Timer:TimerUDB:control_7\ * \CH3_Timer:TimerUDB:per_zero\
        );
        Output = \CH3_Timer:TimerUDB:status_tc\ (fanout=1)

    MacroCell: Name=\CH4_Timer:TimerUDB:status_tc\, Mode=(Combinatorial)
        Total # of inputs        : 2
        Total # of product terms : 1
            Clock Enable: True
        Main Equation            : 1 pterm
        (
              \CH4_Timer:TimerUDB:control_7\ * \CH4_Timer:TimerUDB:per_zero\
        );
        Output = \CH4_Timer:TimerUDB:status_tc\ (fanout=1)

    MacroCell: Name=\CH1_Timer:TimerUDB:capt_int_temp\, Mode=(D-Register)
        Total # of inputs        : 0
        Total # of product terms : 0
        List of special equations: 
            Clock  = (Net_10) => Global
            Clock Enable: True
        Main Equation            : 0 pterms
        (
            0
        );
        Output = \CH1_Timer:TimerUDB:capt_int_temp\ (fanout=1)

    MacroCell: Name=\CH2_Timer:TimerUDB:capt_int_temp\, Mode=(D-Register)
        Total # of inputs        : 0
        Total # of product terms : 0
        List of special equations: 
            Clock  = (Net_131) => Global
            Clock Enable: True
        Main Equation            : 0 pterms
        (
            0
        );
        Output = \CH2_Timer:TimerUDB:capt_int_temp\ (fanout=1)

    MacroCell: Name=\CH3_Timer:TimerUDB:capt_int_temp\, Mode=(D-Register)
        Total # of inputs        : 0
        Total # of product terms : 0
        List of special equations: 
            Clock  = (Net_142) => Global
            Clock Enable: True
        Main Equation            : 0 pterms
        (
            0
        );
        Output = \CH3_Timer:TimerUDB:capt_int_temp\ (fanout=1)

    MacroCell: Name=\CH4_Timer:TimerUDB:capt_int_temp\, Mode=(D-Register)
        Total # of inputs        : 0
        Total # of product terms : 0
        List of special equations: 
            Clock  = (Net_154) => Global
            Clock Enable: True
        Main Equation            : 0 pterms
        (
            0
        );
        Output = \CH4_Timer:TimerUDB:capt_int_temp\ (fanout=1)
    </CYPRESSTAG>
    <CYPRESSTAG name="Datapath listing">

    ------------------------------------------------------------
    Datapath listing
    ------------------------------------------------------------

    datapathcell: Name =\CH1_Timer:TimerUDB:sT32:timerdp:u0\
        PORT MAP (
            clock => Net_10 ,
            cs_addr_1 => \CH1_Timer:TimerUDB:control_7\ ,
            cs_addr_0 => \CH1_Timer:TimerUDB:per_zero\ ,
            chain_out => \CH1_Timer:TimerUDB:sT32:timerdp:carry0\ );
        Properties:
        {
            a0_init = "00000000"
            a1_init = "00000000"
            ce0_sync = 1
            ce1_sync = 1
            cl0_sync = 1
            cl1_sync = 1
            cmsb_sync = 1
            co_msb_sync = 1
            cy_dpconfig = "0000000001000000000000000100000001000000010000000000000010000000000000001000000000000000100000000000000010000000000000001000000011111111000000001111111111111111000000000000000000000001000000000000000000011000"
            d0_init = "00000000"
            d1_init = "00000000"
            f0_blk_sync = 1
            f0_bus_sync = 1
            f1_blk_sync = 1
            f1_bus_sync = 1
            ff0_sync = 1
            ff1_sync = 1
            ov_msb_sync = 1
            so_sync = 1
            z0_sync = 1
            z1_sync = 1
        }
        Clock Polarity: Active High
        Clock Enable: True
        Next in chain : \CH1_Timer:TimerUDB:sT32:timerdp:u1\

    datapathcell: Name =\CH1_Timer:TimerUDB:sT32:timerdp:u1\
        PORT MAP (
            clock => Net_10 ,
            cs_addr_1 => \CH1_Timer:TimerUDB:control_7\ ,
            cs_addr_0 => \CH1_Timer:TimerUDB:per_zero\ ,
            chain_in => \CH1_Timer:TimerUDB:sT32:timerdp:carry0\ ,
            chain_out => \CH1_Timer:TimerUDB:sT32:timerdp:carry1\ );
        Properties:
        {
            a0_init = "00000000"
            a1_init = "00000000"
            ce0_sync = 1
            ce1_sync = 1
            cl0_sync = 1
            cl1_sync = 1
            cmsb_sync = 1
            co_msb_sync = 1
            cy_dpconfig = "0000000001000000000000000100000001000000010000000000000010000000000000001000000000000000100000000000000010000000000000001000000011111111000000001111111111111111100000110000000000000001000000110000000000011000"
            d0_init = "00000000"
            d1_init = "00000000"
            f0_blk_sync = 1
            f0_bus_sync = 1
            f1_blk_sync = 1
            f1_bus_sync = 1
            ff0_sync = 1
            ff1_sync = 1
            ov_msb_sync = 1
            so_sync = 1
            z0_sync = 1
            z1_sync = 1
        }
        Clock Polarity: Active High
        Clock Enable: True
        Previous in chain : \CH1_Timer:TimerUDB:sT32:timerdp:u0\
        Next in chain : \CH1_Timer:TimerUDB:sT32:timerdp:u2\

    datapathcell: Name =\CH1_Timer:TimerUDB:sT32:timerdp:u2\
        PORT MAP (
            clock => Net_10 ,
            cs_addr_1 => \CH1_Timer:TimerUDB:control_7\ ,
            cs_addr_0 => \CH1_Timer:TimerUDB:per_zero\ ,
            chain_in => \CH1_Timer:TimerUDB:sT32:timerdp:carry1\ ,
            chain_out => \CH1_Timer:TimerUDB:sT32:timerdp:carry2\ );
        Properties:
        {
            a0_init = "00000000"
            a1_init = "00000000"
            ce0_sync = 1
            ce1_sync = 1
            cl0_sync = 1
            cl1_sync = 1
            cmsb_sync = 1
            co_msb_sync = 1
            cy_dpconfig = "0000000001000000000000000100000001000000010000000000000010000000000000001000000000000000100000000000000010000000000000001000000011111111000000001111111111111111100000110000000000000001000000110000000000011000"
            d0_init = "00000000"
            d1_init = "00000000"
            f0_blk_sync = 1
            f0_bus_sync = 1
            f1_blk_sync = 1
            f1_bus_sync = 1
            ff0_sync = 1
            ff1_sync = 1
            ov_msb_sync = 1
            so_sync = 1
            z0_sync = 1
            z1_sync = 1
        }
        Clock Polarity: Active High
        Clock Enable: True
        Previous in chain : \CH1_Timer:TimerUDB:sT32:timerdp:u1\
        Next in chain : \CH1_Timer:TimerUDB:sT32:timerdp:u3\

    datapathcell: Name =\CH1_Timer:TimerUDB:sT32:timerdp:u3\
        PORT MAP (
            clock => Net_10 ,
            cs_addr_1 => \CH1_Timer:TimerUDB:control_7\ ,
            cs_addr_0 => \CH1_Timer:TimerUDB:per_zero\ ,
            z0_comb => \CH1_Timer:TimerUDB:per_zero\ ,
            f0_bus_stat_comb => \CH1_Timer:TimerUDB:status_3\ ,
            f0_blk_stat_comb => \CH1_Timer:TimerUDB:status_2\ ,
            chain_in => \CH1_Timer:TimerUDB:sT32:timerdp:carry2\ );
        Properties:
        {
            a0_init = "00000000"
            a1_init = "00000000"
            ce0_sync = 1
            ce1_sync = 1
            cl0_sync = 1
            cl1_sync = 1
            cmsb_sync = 1
            co_msb_sync = 1
            cy_dpconfig = "0000000001000000000000000100000001000000010000000000000010000000000000001000000000000000100000000000000010000000000000001000000011111111000000001111111111111111100000110000000000000001000000110000000000011000"
            d0_init = "00000000"
            d1_init = "00000000"
            f0_blk_sync = 1
            f0_bus_sync = 1
            f1_blk_sync = 1
            f1_bus_sync = 1
            ff0_sync = 1
            ff1_sync = 1
            ov_msb_sync = 1
            so_sync = 1
            z0_sync = 1
            z1_sync = 1
        }
        Clock Polarity: Active High
        Clock Enable: True
        Previous in chain : \CH1_Timer:TimerUDB:sT32:timerdp:u2\

    datapathcell: Name =\CH2_Timer:TimerUDB:sT32:timerdp:u0\
        PORT MAP (
            clock => Net_131 ,
            cs_addr_1 => \CH2_Timer:TimerUDB:control_7\ ,
            cs_addr_0 => \CH2_Timer:TimerUDB:per_zero\ ,
            chain_out => \CH2_Timer:TimerUDB:sT32:timerdp:carry0\ );
        Properties:
        {
            a0_init = "00000000"
            a1_init = "00000000"
            ce0_sync = 1
            ce1_sync = 1
            cl0_sync = 1
            cl1_sync = 1
            cmsb_sync = 1
            co_msb_sync = 1
            cy_dpconfig = "0000000001000000000000000100000001000000010000000000000010000000000000001000000000000000100000000000000010000000000000001000000011111111000000001111111111111111000000000000000000000001000000000000000000011000"
            d0_init = "00000000"
            d1_init = "00000000"
            f0_blk_sync = 1
            f0_bus_sync = 1
            f1_blk_sync = 1
            f1_bus_sync = 1
            ff0_sync = 1
            ff1_sync = 1
            ov_msb_sync = 1
            so_sync = 1
            z0_sync = 1
            z1_sync = 1
        }
        Clock Polarity: Active High
        Clock Enable: True
        Next in chain : \CH2_Timer:TimerUDB:sT32:timerdp:u1\

    datapathcell: Name =\CH2_Timer:TimerUDB:sT32:timerdp:u1\
        PORT MAP (
            clock => Net_131 ,
            cs_addr_1 => \CH2_Timer:TimerUDB:control_7\ ,
            cs_addr_0 => \CH2_Timer:TimerUDB:per_zero\ ,
            chain_in => \CH2_Timer:TimerUDB:sT32:timerdp:carry0\ ,
            chain_out => \CH2_Timer:TimerUDB:sT32:timerdp:carry1\ );
        Properties:
        {
            a0_init = "00000000"
            a1_init = "00000000"
            ce0_sync = 1
            ce1_sync = 1
            cl0_sync = 1
            cl1_sync = 1
            cmsb_sync = 1
            co_msb_sync = 1
            cy_dpconfig = "0000000001000000000000000100000001000000010000000000000010000000000000001000000000000000100000000000000010000000000000001000000011111111000000001111111111111111100000110000000000000001000000110000000000011000"
            d0_init = "00000000"
            d1_init = "00000000"
            f0_blk_sync = 1
            f0_bus_sync = 1
            f1_blk_sync = 1
            f1_bus_sync = 1
            ff0_sync = 1
            ff1_sync = 1
            ov_msb_sync = 1
            so_sync = 1
            z0_sync = 1
            z1_sync = 1
        }
        Clock Polarity: Active High
        Clock Enable: True
        Previous in chain : \CH2_Timer:TimerUDB:sT32:timerdp:u0\
        Next in chain : \CH2_Timer:TimerUDB:sT32:timerdp:u2\

    datapathcell: Name =\CH2_Timer:TimerUDB:sT32:timerdp:u2\
        PORT MAP (
            clock => Net_131 ,
            cs_addr_1 => \CH2_Timer:TimerUDB:control_7\ ,
            cs_addr_0 => \CH2_Timer:TimerUDB:per_zero\ ,
            chain_in => \CH2_Timer:TimerUDB:sT32:timerdp:carry1\ ,
            chain_out => \CH2_Timer:TimerUDB:sT32:timerdp:carry2\ );
        Properties:
        {
            a0_init = "00000000"
            a1_init = "00000000"
            ce0_sync = 1
            ce1_sync = 1
            cl0_sync = 1
            cl1_sync = 1
            cmsb_sync = 1
            co_msb_sync = 1
            cy_dpconfig = "0000000001000000000000000100000001000000010000000000000010000000000000001000000000000000100000000000000010000000000000001000000011111111000000001111111111111111100000110000000000000001000000110000000000011000"
            d0_init = "00000000"
            d1_init = "00000000"
            f0_blk_sync = 1
            f0_bus_sync = 1
            f1_blk_sync = 1
            f1_bus_sync = 1
            ff0_sync = 1
            ff1_sync = 1
            ov_msb_sync = 1
            so_sync = 1
            z0_sync = 1
            z1_sync = 1
        }
        Clock Polarity: Active High
        Clock Enable: True
        Previous in chain : \CH2_Timer:TimerUDB:sT32:timerdp:u1\
        Next in chain : \CH2_Timer:TimerUDB:sT32:timerdp:u3\

    datapathcell: Name =\CH2_Timer:TimerUDB:sT32:timerdp:u3\
        PORT MAP (
            clock => Net_131 ,
            cs_addr_1 => \CH2_Timer:TimerUDB:control_7\ ,
            cs_addr_0 => \CH2_Timer:TimerUDB:per_zero\ ,
            z0_comb => \CH2_Timer:TimerUDB:per_zero\ ,
            f0_bus_stat_comb => \CH2_Timer:TimerUDB:status_3\ ,
            f0_blk_stat_comb => \CH2_Timer:TimerUDB:status_2\ ,
            chain_in => \CH2_Timer:TimerUDB:sT32:timerdp:carry2\ );
        Properties:
        {
            a0_init = "00000000"
            a1_init = "00000000"
            ce0_sync = 1
            ce1_sync = 1
            cl0_sync = 1
            cl1_sync = 1
            cmsb_sync = 1
            co_msb_sync = 1
            cy_dpconfig = "0000000001000000000000000100000001000000010000000000000010000000000000001000000000000000100000000000000010000000000000001000000011111111000000001111111111111111100000110000000000000001000000110000000000011000"
            d0_init = "00000000"
            d1_init = "00000000"
            f0_blk_sync = 1
            f0_bus_sync = 1
            f1_blk_sync = 1
            f1_bus_sync = 1
            ff0_sync = 1
            ff1_sync = 1
            ov_msb_sync = 1
            so_sync = 1
            z0_sync = 1
            z1_sync = 1
        }
        Clock Polarity: Active High
        Clock Enable: True
        Previous in chain : \CH2_Timer:TimerUDB:sT32:timerdp:u2\

    datapathcell: Name =\CH3_Timer:TimerUDB:sT32:timerdp:u0\
        PORT MAP (
            clock => Net_142 ,
            cs_addr_1 => \CH3_Timer:TimerUDB:control_7\ ,
            cs_addr_0 => \CH3_Timer:TimerUDB:per_zero\ ,
            chain_out => \CH3_Timer:TimerUDB:sT32:timerdp:carry0\ );
        Properties:
        {
            a0_init = "00000000"
            a1_init = "00000000"
            ce0_sync = 1
            ce1_sync = 1
            cl0_sync = 1
            cl1_sync = 1
            cmsb_sync = 1
            co_msb_sync = 1
            cy_dpconfig = "0000000001000000000000000100000001000000010000000000000010000000000000001000000000000000100000000000000010000000000000001000000011111111000000001111111111111111000000000000000000000001000000000000000000011000"
            d0_init = "00000000"
            d1_init = "00000000"
            f0_blk_sync = 1
            f0_bus_sync = 1
            f1_blk_sync = 1
            f1_bus_sync = 1
            ff0_sync = 1
            ff1_sync = 1
            ov_msb_sync = 1
            so_sync = 1
            z0_sync = 1
            z1_sync = 1
        }
        Clock Polarity: Active High
        Clock Enable: True
        Next in chain : \CH3_Timer:TimerUDB:sT32:timerdp:u1\

    datapathcell: Name =\CH3_Timer:TimerUDB:sT32:timerdp:u1\
        PORT MAP (
            clock => Net_142 ,
            cs_addr_1 => \CH3_Timer:TimerUDB:control_7\ ,
            cs_addr_0 => \CH3_Timer:TimerUDB:per_zero\ ,
            chain_in => \CH3_Timer:TimerUDB:sT32:timerdp:carry0\ ,
            chain_out => \CH3_Timer:TimerUDB:sT32:timerdp:carry1\ );
        Properties:
        {
            a0_init = "00000000"
            a1_init = "00000000"
            ce0_sync = 1
            ce1_sync = 1
            cl0_sync = 1
            cl1_sync = 1
            cmsb_sync = 1
            co_msb_sync = 1
            cy_dpconfig = "0000000001000000000000000100000001000000010000000000000010000000000000001000000000000000100000000000000010000000000000001000000011111111000000001111111111111111100000110000000000000001000000110000000000011000"
            d0_init = "00000000"
            d1_init = "00000000"
            f0_blk_sync = 1
            f0_bus_sync = 1
            f1_blk_sync = 1
            f1_bus_sync = 1
            ff0_sync = 1
            ff1_sync = 1
            ov_msb_sync = 1
            so_sync = 1
            z0_sync = 1
            z1_sync = 1
        }
        Clock Polarity: Active High
        Clock Enable: True
        Previous in chain : \CH3_Timer:TimerUDB:sT32:timerdp:u0\
        Next in chain : \CH3_Timer:TimerUDB:sT32:timerdp:u2\

    datapathcell: Name =\CH3_Timer:TimerUDB:sT32:timerdp:u2\
        PORT MAP (
            clock => Net_142 ,
            cs_addr_1 => \CH3_Timer:TimerUDB:control_7\ ,
            cs_addr_0 => \CH3_Timer:TimerUDB:per_zero\ ,
            chain_in => \CH3_Timer:TimerUDB:sT32:timerdp:carry1\ ,
            chain_out => \CH3_Timer:TimerUDB:sT32:timerdp:carry2\ );
        Properties:
        {
            a0_init = "00000000"
            a1_init = "00000000"
            ce0_sync = 1
            ce1_sync = 1
            cl0_sync = 1
            cl1_sync = 1
            cmsb_sync = 1
            co_msb_sync = 1
            cy_dpconfig = "0000000001000000000000000100000001000000010000000000000010000000000000001000000000000000100000000000000010000000000000001000000011111111000000001111111111111111100000110000000000000001000000110000000000011000"
            d0_init = "00000000"
            d1_init = "00000000"
            f0_blk_sync = 1
            f0_bus_sync = 1
            f1_blk_sync = 1
            f1_bus_sync = 1
            ff0_sync = 1
            ff1_sync = 1
            ov_msb_sync = 1
            so_sync = 1
            z0_sync = 1
            z1_sync = 1
        }
        Clock Polarity: Active High
        Clock Enable: True
        Previous in chain : \CH3_Timer:TimerUDB:sT32:timerdp:u1\
        Next in chain : \CH3_Timer:TimerUDB:sT32:timerdp:u3\

    datapathcell: Name =\CH3_Timer:TimerUDB:sT32:timerdp:u3\
        PORT MAP (
            clock => Net_142 ,
            cs_addr_1 => \CH3_Timer:TimerUDB:control_7\ ,
            cs_addr_0 => \CH3_Timer:TimerUDB:per_zero\ ,
            z0_comb => \CH3_Timer:TimerUDB:per_zero\ ,
            f0_bus_stat_comb => \CH3_Timer:TimerUDB:status_3\ ,
            f0_blk_stat_comb => \CH3_Timer:TimerUDB:status_2\ ,
            chain_in => \CH3_Timer:TimerUDB:sT32:timerdp:carry2\ );
        Properties:
        {
            a0_init = "00000000"
            a1_init = "00000000"
            ce0_sync = 1
            ce1_sync = 1
            cl0_sync = 1
            cl1_sync = 1
            cmsb_sync = 1
            co_msb_sync = 1
            cy_dpconfig = "0000000001000000000000000100000001000000010000000000000010000000000000001000000000000000100000000000000010000000000000001000000011111111000000001111111111111111100000110000000000000001000000110000000000011000"
            d0_init = "00000000"
            d1_init = "00000000"
            f0_blk_sync = 1
            f0_bus_sync = 1
            f1_blk_sync = 1
            f1_bus_sync = 1
            ff0_sync = 1
            ff1_sync = 1
            ov_msb_sync = 1
            so_sync = 1
            z0_sync = 1
            z1_sync = 1
        }
        Clock Polarity: Active High
        Clock Enable: True
        Previous in chain : \CH3_Timer:TimerUDB:sT32:timerdp:u2\

    datapathcell: Name =\CH4_Timer:TimerUDB:sT32:timerdp:u0\
        PORT MAP (
            clock => Net_154 ,
            cs_addr_1 => \CH4_Timer:TimerUDB:control_7\ ,
            cs_addr_0 => \CH4_Timer:TimerUDB:per_zero\ ,
            chain_out => \CH4_Timer:TimerUDB:sT32:timerdp:carry0\ );
        Properties:
        {
            a0_init = "00000000"
            a1_init = "00000000"
            ce0_sync = 1
            ce1_sync = 1
            cl0_sync = 1
            cl1_sync = 1
            cmsb_sync = 1
            co_msb_sync = 1
            cy_dpconfig = "0000000001000000000000000100000001000000010000000000000010000000000000001000000000000000100000000000000010000000000000001000000011111111000000001111111111111111000000000000000000000001000000000000000000011000"
            d0_init = "00000000"
            d1_init = "00000000"
            f0_blk_sync = 1
            f0_bus_sync = 1
            f1_blk_sync = 1
            f1_bus_sync = 1
            ff0_sync = 1
            ff1_sync = 1
            ov_msb_sync = 1
            so_sync = 1
            z0_sync = 1
            z1_sync = 1
        }
        Clock Polarity: Active High
        Clock Enable: True
        Next in chain : \CH4_Timer:TimerUDB:sT32:timerdp:u1\

    datapathcell: Name =\CH4_Timer:TimerUDB:sT32:timerdp:u1\
        PORT MAP (
            clock => Net_154 ,
            cs_addr_1 => \CH4_Timer:TimerUDB:control_7\ ,
            cs_addr_0 => \CH4_Timer:TimerUDB:per_zero\ ,
            chain_in => \CH4_Timer:TimerUDB:sT32:timerdp:carry0\ ,
            chain_out => \CH4_Timer:TimerUDB:sT32:timerdp:carry1\ );
        Properties:
        {
            a0_init = "00000000"
            a1_init = "00000000"
            ce0_sync = 1
            ce1_sync = 1
            cl0_sync = 1
            cl1_sync = 1
            cmsb_sync = 1
            co_msb_sync = 1
            cy_dpconfig = "0000000001000000000000000100000001000000010000000000000010000000000000001000000000000000100000000000000010000000000000001000000011111111000000001111111111111111100000110000000000000001000000110000000000011000"
            d0_init = "00000000"
            d1_init = "00000000"
            f0_blk_sync = 1
            f0_bus_sync = 1
            f1_blk_sync = 1
            f1_bus_sync = 1
            ff0_sync = 1
            ff1_sync = 1
            ov_msb_sync = 1
            so_sync = 1
            z0_sync = 1
            z1_sync = 1
        }
        Clock Polarity: Active High
        Clock Enable: True
        Previous in chain : \CH4_Timer:TimerUDB:sT32:timerdp:u0\
        Next in chain : \CH4_Timer:TimerUDB:sT32:timerdp:u2\

    datapathcell: Name =\CH4_Timer:TimerUDB:sT32:timerdp:u2\
        PORT MAP (
            clock => Net_154 ,
            cs_addr_1 => \CH4_Timer:TimerUDB:control_7\ ,
            cs_addr_0 => \CH4_Timer:TimerUDB:per_zero\ ,
            chain_in => \CH4_Timer:TimerUDB:sT32:timerdp:carry1\ ,
            chain_out => \CH4_Timer:TimerUDB:sT32:timerdp:carry2\ );
        Properties:
        {
            a0_init = "00000000"
            a1_init = "00000000"
            ce0_sync = 1
            ce1_sync = 1
            cl0_sync = 1
            cl1_sync = 1
            cmsb_sync = 1
            co_msb_sync = 1
            cy_dpconfig = "0000000001000000000000000100000001000000010000000000000010000000000000001000000000000000100000000000000010000000000000001000000011111111000000001111111111111111100000110000000000000001000000110000000000011000"
            d0_init = "00000000"
            d1_init = "00000000"
            f0_blk_sync = 1
            f0_bus_sync = 1
            f1_blk_sync = 1
            f1_bus_sync = 1
            ff0_sync = 1
            ff1_sync = 1
            ov_msb_sync = 1
            so_sync = 1
            z0_sync = 1
            z1_sync = 1
        }
        Clock Polarity: Active High
        Clock Enable: True
        Previous in chain : \CH4_Timer:TimerUDB:sT32:timerdp:u1\
        Next in chain : \CH4_Timer:TimerUDB:sT32:timerdp:u3\

    datapathcell: Name =\CH4_Timer:TimerUDB:sT32:timerdp:u3\
        PORT MAP (
            clock => Net_154 ,
            cs_addr_1 => \CH4_Timer:TimerUDB:control_7\ ,
            cs_addr_0 => \CH4_Timer:TimerUDB:per_zero\ ,
            z0_comb => \CH4_Timer:TimerUDB:per_zero\ ,
            f0_bus_stat_comb => \CH4_Timer:TimerUDB:status_3\ ,
            f0_blk_stat_comb => \CH4_Timer:TimerUDB:status_2\ ,
            chain_in => \CH4_Timer:TimerUDB:sT32:timerdp:carry2\ );
        Properties:
        {
            a0_init = "00000000"
            a1_init = "00000000"
            ce0_sync = 1
            ce1_sync = 1
            cl0_sync = 1
            cl1_sync = 1
            cmsb_sync = 1
            co_msb_sync = 1
            cy_dpconfig = "0000000001000000000000000100000001000000010000000000000010000000000000001000000000000000100000000000000010000000000000001000000011111111000000001111111111111111100000110000000000000001000000110000000000011000"
            d0_init = "00000000"
            d1_init = "00000000"
            f0_blk_sync = 1
            f0_bus_sync = 1
            f1_blk_sync = 1
            f1_bus_sync = 1
            ff0_sync = 1
            ff1_sync = 1
            ov_msb_sync = 1
            so_sync = 1
            z0_sync = 1
            z1_sync = 1
        }
        Clock Polarity: Active High
        Clock Enable: True
        Previous in chain : \CH4_Timer:TimerUDB:sT32:timerdp:u2\
    </CYPRESSTAG>
    <CYPRESSTAG name="Status register listing">
    </CYPRESSTAG>
    <CYPRESSTAG name="StatusI register listing">

    ------------------------------------------------------------
    StatusI register listing
    ------------------------------------------------------------

    statusicell: Name =\CH1_Timer:TimerUDB:rstSts:stsreg\
        PORT MAP (
            clock => Net_10 ,
            status_3 => \CH1_Timer:TimerUDB:status_3\ ,
            status_2 => \CH1_Timer:TimerUDB:status_2\ ,
            status_1 => \CH1_Timer:TimerUDB:capt_int_temp\ ,
            status_0 => \CH1_Timer:TimerUDB:status_tc\ );
        Properties:
        {
            cy_force_order = 1
            cy_int_mask = "1111111"
            cy_md_select = "0000011"
        }
        Clock Polarity: Active High
        Clock Enable: True

    statusicell: Name =\CH2_Timer:TimerUDB:rstSts:stsreg\
        PORT MAP (
            clock => Net_131 ,
            status_3 => \CH2_Timer:TimerUDB:status_3\ ,
            status_2 => \CH2_Timer:TimerUDB:status_2\ ,
            status_1 => \CH2_Timer:TimerUDB:capt_int_temp\ ,
            status_0 => \CH2_Timer:TimerUDB:status_tc\ );
        Properties:
        {
            cy_force_order = 1
            cy_int_mask = "1111111"
            cy_md_select = "0000011"
        }
        Clock Polarity: Active High
        Clock Enable: True

    statusicell: Name =\CH3_Timer:TimerUDB:rstSts:stsreg\
        PORT MAP (
            clock => Net_142 ,
            status_3 => \CH3_Timer:TimerUDB:status_3\ ,
            status_2 => \CH3_Timer:TimerUDB:status_2\ ,
            status_1 => \CH3_Timer:TimerUDB:capt_int_temp\ ,
            status_0 => \CH3_Timer:TimerUDB:status_tc\ );
        Properties:
        {
            cy_force_order = 1
            cy_int_mask = "1111111"
            cy_md_select = "0000011"
        }
        Clock Polarity: Active High
        Clock Enable: True

    statusicell: Name =\CH4_Timer:TimerUDB:rstSts:stsreg\
        PORT MAP (
            clock => Net_154 ,
            status_3 => \CH4_Timer:TimerUDB:status_3\ ,
            status_2 => \CH4_Timer:TimerUDB:status_2\ ,
            status_1 => \CH4_Timer:TimerUDB:capt_int_temp\ ,
            status_0 => \CH4_Timer:TimerUDB:status_tc\ );
        Properties:
        {
            cy_force_order = 1
            cy_int_mask = "1111111"
            cy_md_select = "0000011"
        }
        Clock Polarity: Active High
        Clock Enable: True
    </CYPRESSTAG>
    <CYPRESSTAG name="Sync listing">
    </CYPRESSTAG>
    <CYPRESSTAG name="Control register listing">

    ------------------------------------------------------------
    Control register listing
    ------------------------------------------------------------

    controlcell: Name =\CH1_Timer:TimerUDB:sCTRLReg:SyncCtl:ctrlreg\
        PORT MAP (
            clock => Net_10 ,
            control_7 => \CH1_Timer:TimerUDB:control_7\ ,
            control_6 => \CH1_Timer:TimerUDB:control_6\ ,
            control_5 => \CH1_Timer:TimerUDB:control_5\ ,
            control_4 => \CH1_Timer:TimerUDB:control_4\ ,
            control_3 => \CH1_Timer:TimerUDB:control_3\ ,
            control_2 => \CH1_Timer:TimerUDB:control_2\ ,
            control_1 => MODIN2_1 ,
            control_0 => MODIN2_0 );
        Properties:
        {
            cy_ctrl_mode_0 = "11111111"
            cy_ctrl_mode_1 = "00000000"
            cy_ext_reset = 0
            cy_force_order = 1
            cy_init_value = "00000000"
        }
        Clock Polarity: Active High
        Clock Enable: True

    controlcell: Name =\CH2_Timer:TimerUDB:sCTRLReg:SyncCtl:ctrlreg\
        PORT MAP (
            clock => Net_131 ,
            control_7 => \CH2_Timer:TimerUDB:control_7\ ,
            control_6 => \CH2_Timer:TimerUDB:control_6\ ,
            control_5 => \CH2_Timer:TimerUDB:control_5\ ,
            control_4 => \CH2_Timer:TimerUDB:control_4\ ,
            control_3 => \CH2_Timer:TimerUDB:control_3\ ,
            control_2 => \CH2_Timer:TimerUDB:control_2\ ,
            control_1 => MODIN5_1 ,
            control_0 => MODIN5_0 );
        Properties:
        {
            cy_ctrl_mode_0 = "11111111"
            cy_ctrl_mode_1 = "00000000"
            cy_ext_reset = 0
            cy_force_order = 1
            cy_init_value = "00000000"
        }
        Clock Polarity: Active High
        Clock Enable: True

    controlcell: Name =\CH3_Timer:TimerUDB:sCTRLReg:SyncCtl:ctrlreg\
        PORT MAP (
            clock => Net_142 ,
            control_7 => \CH3_Timer:TimerUDB:control_7\ ,
            control_6 => \CH3_Timer:TimerUDB:control_6\ ,
            control_5 => \CH3_Timer:TimerUDB:control_5\ ,
            control_4 => \CH3_Timer:TimerUDB:control_4\ ,
            control_3 => \CH3_Timer:TimerUDB:control_3\ ,
            control_2 => \CH3_Timer:TimerUDB:control_2\ ,
            control_1 => MODIN8_1 ,
            control_0 => MODIN8_0 );
        Properties:
        {
            cy_ctrl_mode_0 = "11111111"
            cy_ctrl_mode_1 = "00000000"
            cy_ext_reset = 0
            cy_force_order = 1
            cy_init_value = "00000000"
        }
        Clock Polarity: Active High
        Clock Enable: True

    controlcell: Name =\CH4_Timer:TimerUDB:sCTRLReg:SyncCtl:ctrlreg\
        PORT MAP (
            clock => Net_154 ,
            control_7 => \CH4_Timer:TimerUDB:control_7\ ,
            control_6 => \CH4_Timer:TimerUDB:control_6\ ,
            control_5 => \CH4_Timer:TimerUDB:control_5\ ,
            control_4 => \CH4_Timer:TimerUDB:control_4\ ,
            control_3 => \CH4_Timer:TimerUDB:control_3\ ,
            control_2 => \CH4_Timer:TimerUDB:control_2\ ,
            control_1 => \CH4_Timer:TimerUDB:control_1\ ,
            control_0 => \CH4_Timer:TimerUDB:control_0\ );
        Properties:
        {
            cy_ctrl_mode_0 = "11111111"
            cy_ctrl_mode_1 = "00000000"
            cy_ext_reset = 0
            cy_force_order = 1
            cy_init_value = "00000000"
        }
        Clock Polarity: Active High
        Clock Enable: True
    </CYPRESSTAG>
    <CYPRESSTAG name="Count7 listing">
    </CYPRESSTAG>
    <CYPRESSTAG name="DRQ listing">
    </CYPRESSTAG>
    <CYPRESSTAG name="Interrupt listing">

    ------------------------------------------------------------
    Interrupt listing
    ------------------------------------------------------------

    interrupt: Name =isr_1
        PORT MAP (
            interrupt => Net_24 );
        Properties:
        {
            int_type = "10"
            is_nmi = 0
        }

    interrupt: Name =isr_2
        PORT MAP (
            interrupt => Net_563 );
        Properties:
        {
            int_type = "10"
            is_nmi = 0
        }

    interrupt: Name =isr_3
        PORT MAP (
            interrupt => Net_566 );
        Properties:
        {
            int_type = "10"
            is_nmi = 0
        }

    interrupt: Name =isr_4
        PORT MAP (
            interrupt => Net_160 );
        Properties:
        {
            int_type = "10"
            is_nmi = 0
        }
    </CYPRESSTAG>
</CYPRESSTAG>
<CYPRESSTAG name="Technology mapping summary" expanded>

------------------------------------------------------------
Technology mapping summary
------------------------------------------------------------

Resource Type                 : Used : Free :  Max :  % Used
============================================================
Digital Clocks                :    4 :    4 :    8 : 50.00 %
Analog Clocks                 :    0 :    4 :    4 :  0.00 %
CapSense Buffers              :    0 :    2 :    2 :  0.00 %
Digital Filter Block          :    0 :    1 :    1 :  0.00 %
Interrupts                    :    4 :   28 :   32 : 12.50 %
IO                            :    8 :   40 :   48 : 16.67 %
Segment LCD                   :    0 :    1 :    1 :  0.00 %
CAN 2.0b                      :    0 :    1 :    1 :  0.00 %
I2C                           :    0 :    1 :    1 :  0.00 %
USB                           :    0 :    1 :    1 :  0.00 %
DMA Channels                  :    0 :   24 :   24 :  0.00 %
Timer                         :    0 :    4 :    4 :  0.00 %
UDB                           :      :      :      :        
  Macrocells                  :    8 :  184 :  192 :  4.17 %
  Unique P-terms              :    4 :  380 :  384 :  1.04 %
  Total P-terms               :    4 :      :      :        
  Datapath Cells              :   16 :    8 :   24 : 66.67 %
  Status Cells                :    4 :   20 :   24 : 16.67 %
    StatusI Registers         :    4 :      :      :        
  Control Cells               :    4 :   20 :   24 : 16.67 %
    Control Registers         :    4 :      :      :        
Opamp                         :    0 :    4 :    4 :  0.00 %
Comparator                    :    0 :    4 :    4 :  0.00 %
Delta-Sigma ADC               :    0 :    1 :    1 :  0.00 %
LPF                           :    0 :    2 :    2 :  0.00 %
SAR ADC                       :    0 :    2 :    2 :  0.00 %
Analog (SC/CT) Blocks         :    0 :    4 :    4 :  0.00 %
DAC                           :      :      :      :        
  VIDAC                       :    0 :    4 :    4 :  0.00 %
</CYPRESSTAG>
Technology Mapping: Elapsed time ==> 0s.074ms
Tech Mapping phase: Elapsed time ==> 0s.109ms
</CYPRESSTAG>
<CYPRESSTAG name="Analog Placement">
Initial Analog Placement Results:
IO_4@[IOP=(1)][IoId=(4)] : CH1_Pin(0) (fixed)
IO_5@[IOP=(2)][IoId=(5)] : CH2_Pin(0) (fixed)
IO_0@[IOP=(3)][IoId=(0)] : CH3_Pin(0) (fixed)
IO_1@[IOP=(0)][IoId=(1)] : CH4_Pin(0) (fixed)
IO_1@[IOP=(2)][IoId=(1)] : LED_BUILDIN(0) (fixed)
Analog Placement phase: Elapsed time ==> 0s.012ms
</CYPRESSTAG>
<CYPRESSTAG name="Analog Routing">
Analog Routing phase: Elapsed time ==> 0s.000ms
</CYPRESSTAG>
<CYPRESSTAG name="Analog Code Generation">
============ Analog Final Answer Routes ============
Dump of CyAnalogRoutingResultsDB
Map of net to items {
}
Map of item to net {
}
Mux Info {
}
Dump of CyP35AnalogRoutingResultsDB
IsVddaHalfUsedForComp = False
IsVddaHalfUsedForSar0 = False
IsVddaHalfUsedForSar1 = False
Analog Code Generation phase: Elapsed time ==> 0s.153ms
</CYPRESSTAG>
<CYPRESSTAG name="Digital Placement">
<CYPRESSTAG name="Detailed placement messages">
I2076: Total run-time: 0.7 sec.

</CYPRESSTAG>
<CYPRESSTAG name="PLD Packing">
<CYPRESSTAG name="PLD Packing Summary" expanded>

------------------------------------------------------------
PLD Packing Summary
------------------------------------------------------------
            Resource Type : Used : Free :  Max :  % Used
    ====================================================
                     PLDs :    5 :   43 :   48 :  10.42%

<CYPRESSTAG name="PLD Statistics">

        PLD Resource Type :     Average/LAB
    =======================================
                   Inputs :            1.60
                   Pterms :            0.80
               Macrocells :            1.60
</CYPRESSTAG>
<CYPRESSTAG name="Packed PLD Contents">
Packed PLD Contents not displayed at this verbose level.</CYPRESSTAG>
</CYPRESSTAG>
PLD Packing: Elapsed time ==> 0s.000ms
</CYPRESSTAG>
<CYPRESSTAG name="Partitioning">
<CYPRESSTAG name="Initial Partitioning Summary">
Initial Partitioning Summary not displayed at this verbose level.</CYPRESSTAG>
<CYPRESSTAG name="Final Partitioning Summary">
Final Partitioning Summary not displayed at this verbose level.</CYPRESSTAG>
Partitioning: Elapsed time ==> 0s.017ms
</CYPRESSTAG>
<CYPRESSTAG name="Final Placement Summary">

------------------------------------------------------------
Final Placement Summary
------------------------------------------------------------

       Resource Type :      Count : Avg Inputs : Avg Outputs
    ========================================================
                 UDB :         16 :       0.50 :       0.50
<CYPRESSTAG name="Final Placement Details">
<CYPRESSTAG name="Component Details">

------------------------------------------------------------
Component Placement Details
------------------------------------------------------------
UDB [UDB=(0,0)] contents:
datapathcell: Name =\CH2_Timer:TimerUDB:sT32:timerdp:u2\
    PORT MAP (
        clock => Net_131 ,
        cs_addr_1 => \CH2_Timer:TimerUDB:control_7\ ,
        cs_addr_0 => \CH2_Timer:TimerUDB:per_zero\ ,
        chain_in => \CH2_Timer:TimerUDB:sT32:timerdp:carry1\ ,
        chain_out => \CH2_Timer:TimerUDB:sT32:timerdp:carry2\ );
    Properties:
    {
        a0_init = "00000000"
        a1_init = "00000000"
        ce0_sync = 1
        ce1_sync = 1
        cl0_sync = 1
        cl1_sync = 1
        cmsb_sync = 1
        co_msb_sync = 1
        cy_dpconfig = "0000000001000000000000000100000001000000010000000000000010000000000000001000000000000000100000000000000010000000000000001000000011111111000000001111111111111111100000110000000000000001000000110000000000011000"
        d0_init = "00000000"
        d1_init = "00000000"
        f0_blk_sync = 1
        f0_bus_sync = 1
        f1_blk_sync = 1
        f1_bus_sync = 1
        ff0_sync = 1
        ff1_sync = 1
        ov_msb_sync = 1
        so_sync = 1
        z0_sync = 1
        z1_sync = 1
    }
    Clock Polarity: Active High
    Clock Enable: True
    Previous in chain : \CH2_Timer:TimerUDB:sT32:timerdp:u1\
    Next in chain : \CH2_Timer:TimerUDB:sT32:timerdp:u3\

UDB [UDB=(0,1)] contents:
datapathcell: Name =\CH2_Timer:TimerUDB:sT32:timerdp:u1\
    PORT MAP (
        clock => Net_131 ,
        cs_addr_1 => \CH2_Timer:TimerUDB:control_7\ ,
        cs_addr_0 => \CH2_Timer:TimerUDB:per_zero\ ,
        chain_in => \CH2_Timer:TimerUDB:sT32:timerdp:carry0\ ,
        chain_out => \CH2_Timer:TimerUDB:sT32:timerdp:carry1\ );
    Properties:
    {
        a0_init = "00000000"
        a1_init = "00000000"
        ce0_sync = 1
        ce1_sync = 1
        cl0_sync = 1
        cl1_sync = 1
        cmsb_sync = 1
        co_msb_sync = 1
        cy_dpconfig = "0000000001000000000000000100000001000000010000000000000010000000000000001000000000000000100000000000000010000000000000001000000011111111000000001111111111111111100000110000000000000001000000110000000000011000"
        d0_init = "00000000"
        d1_init = "00000000"
        f0_blk_sync = 1
        f0_bus_sync = 1
        f1_blk_sync = 1
        f1_bus_sync = 1
        ff0_sync = 1
        ff1_sync = 1
        ov_msb_sync = 1
        so_sync = 1
        z0_sync = 1
        z1_sync = 1
    }
    Clock Polarity: Active High
    Clock Enable: True
    Previous in chain : \CH2_Timer:TimerUDB:sT32:timerdp:u0\
    Next in chain : \CH2_Timer:TimerUDB:sT32:timerdp:u2\

UDB [UDB=(0,2)] contents:
datapathcell: Name =\CH4_Timer:TimerUDB:sT32:timerdp:u1\
    PORT MAP (
        clock => Net_154 ,
        cs_addr_1 => \CH4_Timer:TimerUDB:control_7\ ,
        cs_addr_0 => \CH4_Timer:TimerUDB:per_zero\ ,
        chain_in => \CH4_Timer:TimerUDB:sT32:timerdp:carry0\ ,
        chain_out => \CH4_Timer:TimerUDB:sT32:timerdp:carry1\ );
    Properties:
    {
        a0_init = "00000000"
        a1_init = "00000000"
        ce0_sync = 1
        ce1_sync = 1
        cl0_sync = 1
        cl1_sync = 1
        cmsb_sync = 1
        co_msb_sync = 1
        cy_dpconfig = "0000000001000000000000000100000001000000010000000000000010000000000000001000000000000000100000000000000010000000000000001000000011111111000000001111111111111111100000110000000000000001000000110000000000011000"
        d0_init = "00000000"
        d1_init = "00000000"
        f0_blk_sync = 1
        f0_bus_sync = 1
        f1_blk_sync = 1
        f1_bus_sync = 1
        ff0_sync = 1
        ff1_sync = 1
        ov_msb_sync = 1
        so_sync = 1
        z0_sync = 1
        z1_sync = 1
    }
    Clock Polarity: Active High
    Clock Enable: True
    Previous in chain : \CH4_Timer:TimerUDB:sT32:timerdp:u0\
    Next in chain : \CH4_Timer:TimerUDB:sT32:timerdp:u2\

controlcell: Name =\CH4_Timer:TimerUDB:sCTRLReg:SyncCtl:ctrlreg\
    PORT MAP (
        clock => Net_154 ,
        control_7 => \CH4_Timer:TimerUDB:control_7\ ,
        control_6 => \CH4_Timer:TimerUDB:control_6\ ,
        control_5 => \CH4_Timer:TimerUDB:control_5\ ,
        control_4 => \CH4_Timer:TimerUDB:control_4\ ,
        control_3 => \CH4_Timer:TimerUDB:control_3\ ,
        control_2 => \CH4_Timer:TimerUDB:control_2\ ,
        control_1 => \CH4_Timer:TimerUDB:control_1\ ,
        control_0 => \CH4_Timer:TimerUDB:control_0\ );
    Properties:
    {
        cy_ctrl_mode_0 = "11111111"
        cy_ctrl_mode_1 = "00000000"
        cy_ext_reset = 0
        cy_force_order = 1
        cy_init_value = "00000000"
    }
    Clock Polarity: Active High
    Clock Enable: True

UDB [UDB=(0,3)] contents:
datapathcell: Name =\CH4_Timer:TimerUDB:sT32:timerdp:u2\
    PORT MAP (
        clock => Net_154 ,
        cs_addr_1 => \CH4_Timer:TimerUDB:control_7\ ,
        cs_addr_0 => \CH4_Timer:TimerUDB:per_zero\ ,
        chain_in => \CH4_Timer:TimerUDB:sT32:timerdp:carry1\ ,
        chain_out => \CH4_Timer:TimerUDB:sT32:timerdp:carry2\ );
    Properties:
    {
        a0_init = "00000000"
        a1_init = "00000000"
        ce0_sync = 1
        ce1_sync = 1
        cl0_sync = 1
        cl1_sync = 1
        cmsb_sync = 1
        co_msb_sync = 1
        cy_dpconfig = "0000000001000000000000000100000001000000010000000000000010000000000000001000000000000000100000000000000010000000000000001000000011111111000000001111111111111111100000110000000000000001000000110000000000011000"
        d0_init = "00000000"
        d1_init = "00000000"
        f0_blk_sync = 1
        f0_bus_sync = 1
        f1_blk_sync = 1
        f1_bus_sync = 1
        ff0_sync = 1
        ff1_sync = 1
        ov_msb_sync = 1
        so_sync = 1
        z0_sync = 1
        z1_sync = 1
    }
    Clock Polarity: Active High
    Clock Enable: True
    Previous in chain : \CH4_Timer:TimerUDB:sT32:timerdp:u1\
    Next in chain : \CH4_Timer:TimerUDB:sT32:timerdp:u3\

UDB [UDB=(0,4)] is empty.
UDB [UDB=(0,5)] is empty.
UDB [UDB=(1,0)] contents:
LAB@[UDB=(1,0)][LB=1] #macrocells=2, #inputs=2, #pterms=1
{
    [McSlotId=0]:     MacroCell: Name=\CH2_Timer:TimerUDB:capt_int_temp\, Mode=(D-Register) @ [UDB=(1,0)][LB=1][MC=0]
        Total # of inputs        : 0
        Total # of product terms : 0
        List of special equations: 
            Clock  = (Net_131) => Global
            Clock Enable: True
        Main Equation            : 0 pterms
        (
            0
        );
        Output = \CH2_Timer:TimerUDB:capt_int_temp\ (fanout=1)
        Properties               : 
        {
        }

    [McSlotId=1]: (empty)
    [McSlotId=2]: (empty)
    [McSlotId=3]:     MacroCell: Name=\CH2_Timer:TimerUDB:status_tc\, Mode=(Combinatorial) @ [UDB=(1,0)][LB=1][MC=3]
        Total # of inputs        : 2
        Total # of product terms : 1
            Clock Enable: True
        Main Equation            : 1 pterm
        (
              \CH2_Timer:TimerUDB:control_7\ * \CH2_Timer:TimerUDB:per_zero\
        );
        Output = \CH2_Timer:TimerUDB:status_tc\ (fanout=1)
        Properties               : 
        {
        }
}

datapathcell: Name =\CH2_Timer:TimerUDB:sT32:timerdp:u3\
    PORT MAP (
        clock => Net_131 ,
        cs_addr_1 => \CH2_Timer:TimerUDB:control_7\ ,
        cs_addr_0 => \CH2_Timer:TimerUDB:per_zero\ ,
        z0_comb => \CH2_Timer:TimerUDB:per_zero\ ,
        f0_bus_stat_comb => \CH2_Timer:TimerUDB:status_3\ ,
        f0_blk_stat_comb => \CH2_Timer:TimerUDB:status_2\ ,
        chain_in => \CH2_Timer:TimerUDB:sT32:timerdp:carry2\ );
    Properties:
    {
        a0_init = "00000000"
        a1_init = "00000000"
        ce0_sync = 1
        ce1_sync = 1
        cl0_sync = 1
        cl1_sync = 1
        cmsb_sync = 1
        co_msb_sync = 1
        cy_dpconfig = "0000000001000000000000000100000001000000010000000000000010000000000000001000000000000000100000000000000010000000000000001000000011111111000000001111111111111111100000110000000000000001000000110000000000011000"
        d0_init = "00000000"
        d1_init = "00000000"
        f0_blk_sync = 1
        f0_bus_sync = 1
        f1_blk_sync = 1
        f1_bus_sync = 1
        ff0_sync = 1
        ff1_sync = 1
        ov_msb_sync = 1
        so_sync = 1
        z0_sync = 1
        z1_sync = 1
    }
    Clock Polarity: Active High
    Clock Enable: True
    Previous in chain : \CH2_Timer:TimerUDB:sT32:timerdp:u2\

statusicell: Name =\CH2_Timer:TimerUDB:rstSts:stsreg\
    PORT MAP (
        clock => Net_131 ,
        status_3 => \CH2_Timer:TimerUDB:status_3\ ,
        status_2 => \CH2_Timer:TimerUDB:status_2\ ,
        status_1 => \CH2_Timer:TimerUDB:capt_int_temp\ ,
        status_0 => \CH2_Timer:TimerUDB:status_tc\ );
    Properties:
    {
        cy_force_order = 1
        cy_int_mask = "1111111"
        cy_md_select = "0000011"
    }
    Clock Polarity: Active High
    Clock Enable: True

UDB [UDB=(1,1)] contents:
datapathcell: Name =\CH2_Timer:TimerUDB:sT32:timerdp:u0\
    PORT MAP (
        clock => Net_131 ,
        cs_addr_1 => \CH2_Timer:TimerUDB:control_7\ ,
        cs_addr_0 => \CH2_Timer:TimerUDB:per_zero\ ,
        chain_out => \CH2_Timer:TimerUDB:sT32:timerdp:carry0\ );
    Properties:
    {
        a0_init = "00000000"
        a1_init = "00000000"
        ce0_sync = 1
        ce1_sync = 1
        cl0_sync = 1
        cl1_sync = 1
        cmsb_sync = 1
        co_msb_sync = 1
        cy_dpconfig = "0000000001000000000000000100000001000000010000000000000010000000000000001000000000000000100000000000000010000000000000001000000011111111000000001111111111111111000000000000000000000001000000000000000000011000"
        d0_init = "00000000"
        d1_init = "00000000"
        f0_blk_sync = 1
        f0_bus_sync = 1
        f1_blk_sync = 1
        f1_bus_sync = 1
        ff0_sync = 1
        ff1_sync = 1
        ov_msb_sync = 1
        so_sync = 1
        z0_sync = 1
        z1_sync = 1
    }
    Clock Polarity: Active High
    Clock Enable: True
    Next in chain : \CH2_Timer:TimerUDB:sT32:timerdp:u1\

controlcell: Name =\CH2_Timer:TimerUDB:sCTRLReg:SyncCtl:ctrlreg\
    PORT MAP (
        clock => Net_131 ,
        control_7 => \CH2_Timer:TimerUDB:control_7\ ,
        control_6 => \CH2_Timer:TimerUDB:control_6\ ,
        control_5 => \CH2_Timer:TimerUDB:control_5\ ,
        control_4 => \CH2_Timer:TimerUDB:control_4\ ,
        control_3 => \CH2_Timer:TimerUDB:control_3\ ,
        control_2 => \CH2_Timer:TimerUDB:control_2\ ,
        control_1 => MODIN5_1 ,
        control_0 => MODIN5_0 );
    Properties:
    {
        cy_ctrl_mode_0 = "11111111"
        cy_ctrl_mode_1 = "00000000"
        cy_ext_reset = 0
        cy_force_order = 1
        cy_init_value = "00000000"
    }
    Clock Polarity: Active High
    Clock Enable: True

UDB [UDB=(1,2)] contents:
datapathcell: Name =\CH4_Timer:TimerUDB:sT32:timerdp:u0\
    PORT MAP (
        clock => Net_154 ,
        cs_addr_1 => \CH4_Timer:TimerUDB:control_7\ ,
        cs_addr_0 => \CH4_Timer:TimerUDB:per_zero\ ,
        chain_out => \CH4_Timer:TimerUDB:sT32:timerdp:carry0\ );
    Properties:
    {
        a0_init = "00000000"
        a1_init = "00000000"
        ce0_sync = 1
        ce1_sync = 1
        cl0_sync = 1
        cl1_sync = 1
        cmsb_sync = 1
        co_msb_sync = 1
        cy_dpconfig = "0000000001000000000000000100000001000000010000000000000010000000000000001000000000000000100000000000000010000000000000001000000011111111000000001111111111111111000000000000000000000001000000000000000000011000"
        d0_init = "00000000"
        d1_init = "00000000"
        f0_blk_sync = 1
        f0_bus_sync = 1
        f1_blk_sync = 1
        f1_bus_sync = 1
        ff0_sync = 1
        ff1_sync = 1
        ov_msb_sync = 1
        so_sync = 1
        z0_sync = 1
        z1_sync = 1
    }
    Clock Polarity: Active High
    Clock Enable: True
    Next in chain : \CH4_Timer:TimerUDB:sT32:timerdp:u1\

UDB [UDB=(1,3)] contents:
LAB@[UDB=(1,3)][LB=0] #macrocells=1, #inputs=2, #pterms=1
{
    [McSlotId=0]: (empty)
    [McSlotId=1]:     MacroCell: Name=\CH4_Timer:TimerUDB:status_tc\, Mode=(Combinatorial) @ [UDB=(1,3)][LB=0][MC=1]
        Total # of inputs        : 2
        Total # of product terms : 1
            Clock Enable: True
        Main Equation            : 1 pterm
        (
              \CH4_Timer:TimerUDB:control_7\ * \CH4_Timer:TimerUDB:per_zero\
        );
        Output = \CH4_Timer:TimerUDB:status_tc\ (fanout=1)
        Properties               : 
        {
        }

    [McSlotId=2]: (empty)
    [McSlotId=3]: (empty)
}

LAB@[UDB=(1,3)][LB=1] #macrocells=1, #inputs=0, #pterms=0
{
    [McSlotId=0]: (empty)
    [McSlotId=1]:     MacroCell: Name=\CH4_Timer:TimerUDB:capt_int_temp\, Mode=(D-Register) @ [UDB=(1,3)][LB=1][MC=1]
        Total # of inputs        : 0
        Total # of product terms : 0
        List of special equations: 
            Clock  = (Net_154) => Global
            Clock Enable: True
        Main Equation            : 0 pterms
        (
            0
        );
        Output = \CH4_Timer:TimerUDB:capt_int_temp\ (fanout=1)
        Properties               : 
        {
        }

    [McSlotId=2]: (empty)
    [McSlotId=3]: (empty)
}

datapathcell: Name =\CH4_Timer:TimerUDB:sT32:timerdp:u3\
    PORT MAP (
        clock => Net_154 ,
        cs_addr_1 => \CH4_Timer:TimerUDB:control_7\ ,
        cs_addr_0 => \CH4_Timer:TimerUDB:per_zero\ ,
        z0_comb => \CH4_Timer:TimerUDB:per_zero\ ,
        f0_bus_stat_comb => \CH4_Timer:TimerUDB:status_3\ ,
        f0_blk_stat_comb => \CH4_Timer:TimerUDB:status_2\ ,
        chain_in => \CH4_Timer:TimerUDB:sT32:timerdp:carry2\ );
    Properties:
    {
        a0_init = "00000000"
        a1_init = "00000000"
        ce0_sync = 1
        ce1_sync = 1
        cl0_sync = 1
        cl1_sync = 1
        cmsb_sync = 1
        co_msb_sync = 1
        cy_dpconfig = "0000000001000000000000000100000001000000010000000000000010000000000000001000000000000000100000000000000010000000000000001000000011111111000000001111111111111111100000110000000000000001000000110000000000011000"
        d0_init = "00000000"
        d1_init = "00000000"
        f0_blk_sync = 1
        f0_bus_sync = 1
        f1_blk_sync = 1
        f1_bus_sync = 1
        ff0_sync = 1
        ff1_sync = 1
        ov_msb_sync = 1
        so_sync = 1
        z0_sync = 1
        z1_sync = 1
    }
    Clock Polarity: Active High
    Clock Enable: True
    Previous in chain : \CH4_Timer:TimerUDB:sT32:timerdp:u2\

statusicell: Name =\CH4_Timer:TimerUDB:rstSts:stsreg\
    PORT MAP (
        clock => Net_154 ,
        status_3 => \CH4_Timer:TimerUDB:status_3\ ,
        status_2 => \CH4_Timer:TimerUDB:status_2\ ,
        status_1 => \CH4_Timer:TimerUDB:capt_int_temp\ ,
        status_0 => \CH4_Timer:TimerUDB:status_tc\ );
    Properties:
    {
        cy_force_order = 1
        cy_int_mask = "1111111"
        cy_md_select = "0000011"
    }
    Clock Polarity: Active High
    Clock Enable: True

UDB [UDB=(1,4)] is empty.
UDB [UDB=(1,5)] is empty.
UDB [UDB=(2,0)] contents:
datapathcell: Name =\CH3_Timer:TimerUDB:sT32:timerdp:u0\
    PORT MAP (
        clock => Net_142 ,
        cs_addr_1 => \CH3_Timer:TimerUDB:control_7\ ,
        cs_addr_0 => \CH3_Timer:TimerUDB:per_zero\ ,
        chain_out => \CH3_Timer:TimerUDB:sT32:timerdp:carry0\ );
    Properties:
    {
        a0_init = "00000000"
        a1_init = "00000000"
        ce0_sync = 1
        ce1_sync = 1
        cl0_sync = 1
        cl1_sync = 1
        cmsb_sync = 1
        co_msb_sync = 1
        cy_dpconfig = "0000000001000000000000000100000001000000010000000000000010000000000000001000000000000000100000000000000010000000000000001000000011111111000000001111111111111111000000000000000000000001000000000000000000011000"
        d0_init = "00000000"
        d1_init = "00000000"
        f0_blk_sync = 1
        f0_bus_sync = 1
        f1_blk_sync = 1
        f1_bus_sync = 1
        ff0_sync = 1
        ff1_sync = 1
        ov_msb_sync = 1
        so_sync = 1
        z0_sync = 1
        z1_sync = 1
    }
    Clock Polarity: Active High
    Clock Enable: True
    Next in chain : \CH3_Timer:TimerUDB:sT32:timerdp:u1\

controlcell: Name =\CH3_Timer:TimerUDB:sCTRLReg:SyncCtl:ctrlreg\
    PORT MAP (
        clock => Net_142 ,
        control_7 => \CH3_Timer:TimerUDB:control_7\ ,
        control_6 => \CH3_Timer:TimerUDB:control_6\ ,
        control_5 => \CH3_Timer:TimerUDB:control_5\ ,
        control_4 => \CH3_Timer:TimerUDB:control_4\ ,
        control_3 => \CH3_Timer:TimerUDB:control_3\ ,
        control_2 => \CH3_Timer:TimerUDB:control_2\ ,
        control_1 => MODIN8_1 ,
        control_0 => MODIN8_0 );
    Properties:
    {
        cy_ctrl_mode_0 = "11111111"
        cy_ctrl_mode_1 = "00000000"
        cy_ext_reset = 0
        cy_force_order = 1
        cy_init_value = "00000000"
    }
    Clock Polarity: Active High
    Clock Enable: True

UDB [UDB=(2,1)] contents:
LAB@[UDB=(2,1)][LB=1] #macrocells=2, #inputs=2, #pterms=1
{
    [McSlotId=0]: (empty)
    [McSlotId=1]: (empty)
    [McSlotId=2]:     MacroCell: Name=\CH3_Timer:TimerUDB:status_tc\, Mode=(Combinatorial) @ [UDB=(2,1)][LB=1][MC=2]
        Total # of inputs        : 2
        Total # of product terms : 1
            Clock Enable: True
        Main Equation            : 1 pterm
        (
              \CH3_Timer:TimerUDB:control_7\ * \CH3_Timer:TimerUDB:per_zero\
        );
        Output = \CH3_Timer:TimerUDB:status_tc\ (fanout=1)
        Properties               : 
        {
        }

    [McSlotId=3]:     MacroCell: Name=\CH3_Timer:TimerUDB:capt_int_temp\, Mode=(D-Register) @ [UDB=(2,1)][LB=1][MC=3]
        Total # of inputs        : 0
        Total # of product terms : 0
        List of special equations: 
            Clock  = (Net_142) => Global
            Clock Enable: True
        Main Equation            : 0 pterms
        (
            0
        );
        Output = \CH3_Timer:TimerUDB:capt_int_temp\ (fanout=1)
        Properties               : 
        {
        }
}

datapathcell: Name =\CH3_Timer:TimerUDB:sT32:timerdp:u3\
    PORT MAP (
        clock => Net_142 ,
        cs_addr_1 => \CH3_Timer:TimerUDB:control_7\ ,
        cs_addr_0 => \CH3_Timer:TimerUDB:per_zero\ ,
        z0_comb => \CH3_Timer:TimerUDB:per_zero\ ,
        f0_bus_stat_comb => \CH3_Timer:TimerUDB:status_3\ ,
        f0_blk_stat_comb => \CH3_Timer:TimerUDB:status_2\ ,
        chain_in => \CH3_Timer:TimerUDB:sT32:timerdp:carry2\ );
    Properties:
    {
        a0_init = "00000000"
        a1_init = "00000000"
        ce0_sync = 1
        ce1_sync = 1
        cl0_sync = 1
        cl1_sync = 1
        cmsb_sync = 1
        co_msb_sync = 1
        cy_dpconfig = "0000000001000000000000000100000001000000010000000000000010000000000000001000000000000000100000000000000010000000000000001000000011111111000000001111111111111111100000110000000000000001000000110000000000011000"
        d0_init = "00000000"
        d1_init = "00000000"
        f0_blk_sync = 1
        f0_bus_sync = 1
        f1_blk_sync = 1
        f1_bus_sync = 1
        ff0_sync = 1
        ff1_sync = 1
        ov_msb_sync = 1
        so_sync = 1
        z0_sync = 1
        z1_sync = 1
    }
    Clock Polarity: Active High
    Clock Enable: True
    Previous in chain : \CH3_Timer:TimerUDB:sT32:timerdp:u2\

statusicell: Name =\CH3_Timer:TimerUDB:rstSts:stsreg\
    PORT MAP (
        clock => Net_142 ,
        status_3 => \CH3_Timer:TimerUDB:status_3\ ,
        status_2 => \CH3_Timer:TimerUDB:status_2\ ,
        status_1 => \CH3_Timer:TimerUDB:capt_int_temp\ ,
        status_0 => \CH3_Timer:TimerUDB:status_tc\ );
    Properties:
    {
        cy_force_order = 1
        cy_int_mask = "1111111"
        cy_md_select = "0000011"
    }
    Clock Polarity: Active High
    Clock Enable: True

UDB [UDB=(2,2)] is empty.
UDB [UDB=(2,3)] contents:
datapathcell: Name =\CH1_Timer:TimerUDB:sT32:timerdp:u2\
    PORT MAP (
        clock => Net_10 ,
        cs_addr_1 => \CH1_Timer:TimerUDB:control_7\ ,
        cs_addr_0 => \CH1_Timer:TimerUDB:per_zero\ ,
        chain_in => \CH1_Timer:TimerUDB:sT32:timerdp:carry1\ ,
        chain_out => \CH1_Timer:TimerUDB:sT32:timerdp:carry2\ );
    Properties:
    {
        a0_init = "00000000"
        a1_init = "00000000"
        ce0_sync = 1
        ce1_sync = 1
        cl0_sync = 1
        cl1_sync = 1
        cmsb_sync = 1
        co_msb_sync = 1
        cy_dpconfig = "0000000001000000000000000100000001000000010000000000000010000000000000001000000000000000100000000000000010000000000000001000000011111111000000001111111111111111100000110000000000000001000000110000000000011000"
        d0_init = "00000000"
        d1_init = "00000000"
        f0_blk_sync = 1
        f0_bus_sync = 1
        f1_blk_sync = 1
        f1_bus_sync = 1
        ff0_sync = 1
        ff1_sync = 1
        ov_msb_sync = 1
        so_sync = 1
        z0_sync = 1
        z1_sync = 1
    }
    Clock Polarity: Active High
    Clock Enable: True
    Previous in chain : \CH1_Timer:TimerUDB:sT32:timerdp:u1\
    Next in chain : \CH1_Timer:TimerUDB:sT32:timerdp:u3\

UDB [UDB=(2,4)] contents:
datapathcell: Name =\CH1_Timer:TimerUDB:sT32:timerdp:u1\
    PORT MAP (
        clock => Net_10 ,
        cs_addr_1 => \CH1_Timer:TimerUDB:control_7\ ,
        cs_addr_0 => \CH1_Timer:TimerUDB:per_zero\ ,
        chain_in => \CH1_Timer:TimerUDB:sT32:timerdp:carry0\ ,
        chain_out => \CH1_Timer:TimerUDB:sT32:timerdp:carry1\ );
    Properties:
    {
        a0_init = "00000000"
        a1_init = "00000000"
        ce0_sync = 1
        ce1_sync = 1
        cl0_sync = 1
        cl1_sync = 1
        cmsb_sync = 1
        co_msb_sync = 1
        cy_dpconfig = "0000000001000000000000000100000001000000010000000000000010000000000000001000000000000000100000000000000010000000000000001000000011111111000000001111111111111111100000110000000000000001000000110000000000011000"
        d0_init = "00000000"
        d1_init = "00000000"
        f0_blk_sync = 1
        f0_bus_sync = 1
        f1_blk_sync = 1
        f1_bus_sync = 1
        ff0_sync = 1
        ff1_sync = 1
        ov_msb_sync = 1
        so_sync = 1
        z0_sync = 1
        z1_sync = 1
    }
    Clock Polarity: Active High
    Clock Enable: True
    Previous in chain : \CH1_Timer:TimerUDB:sT32:timerdp:u0\
    Next in chain : \CH1_Timer:TimerUDB:sT32:timerdp:u2\

controlcell: Name =\CH1_Timer:TimerUDB:sCTRLReg:SyncCtl:ctrlreg\
    PORT MAP (
        clock => Net_10 ,
        control_7 => \CH1_Timer:TimerUDB:control_7\ ,
        control_6 => \CH1_Timer:TimerUDB:control_6\ ,
        control_5 => \CH1_Timer:TimerUDB:control_5\ ,
        control_4 => \CH1_Timer:TimerUDB:control_4\ ,
        control_3 => \CH1_Timer:TimerUDB:control_3\ ,
        control_2 => \CH1_Timer:TimerUDB:control_2\ ,
        control_1 => MODIN2_1 ,
        control_0 => MODIN2_0 );
    Properties:
    {
        cy_ctrl_mode_0 = "11111111"
        cy_ctrl_mode_1 = "00000000"
        cy_ext_reset = 0
        cy_force_order = 1
        cy_init_value = "00000000"
    }
    Clock Polarity: Active High
    Clock Enable: True

UDB [UDB=(2,5)] is empty.
UDB [UDB=(3,0)] contents:
datapathcell: Name =\CH3_Timer:TimerUDB:sT32:timerdp:u1\
    PORT MAP (
        clock => Net_142 ,
        cs_addr_1 => \CH3_Timer:TimerUDB:control_7\ ,
        cs_addr_0 => \CH3_Timer:TimerUDB:per_zero\ ,
        chain_in => \CH3_Timer:TimerUDB:sT32:timerdp:carry0\ ,
        chain_out => \CH3_Timer:TimerUDB:sT32:timerdp:carry1\ );
    Properties:
    {
        a0_init = "00000000"
        a1_init = "00000000"
        ce0_sync = 1
        ce1_sync = 1
        cl0_sync = 1
        cl1_sync = 1
        cmsb_sync = 1
        co_msb_sync = 1
        cy_dpconfig = "0000000001000000000000000100000001000000010000000000000010000000000000001000000000000000100000000000000010000000000000001000000011111111000000001111111111111111100000110000000000000001000000110000000000011000"
        d0_init = "00000000"
        d1_init = "00000000"
        f0_blk_sync = 1
        f0_bus_sync = 1
        f1_blk_sync = 1
        f1_bus_sync = 1
        ff0_sync = 1
        ff1_sync = 1
        ov_msb_sync = 1
        so_sync = 1
        z0_sync = 1
        z1_sync = 1
    }
    Clock Polarity: Active High
    Clock Enable: True
    Previous in chain : \CH3_Timer:TimerUDB:sT32:timerdp:u0\
    Next in chain : \CH3_Timer:TimerUDB:sT32:timerdp:u2\

UDB [UDB=(3,1)] contents:
datapathcell: Name =\CH3_Timer:TimerUDB:sT32:timerdp:u2\
    PORT MAP (
        clock => Net_142 ,
        cs_addr_1 => \CH3_Timer:TimerUDB:control_7\ ,
        cs_addr_0 => \CH3_Timer:TimerUDB:per_zero\ ,
        chain_in => \CH3_Timer:TimerUDB:sT32:timerdp:carry1\ ,
        chain_out => \CH3_Timer:TimerUDB:sT32:timerdp:carry2\ );
    Properties:
    {
        a0_init = "00000000"
        a1_init = "00000000"
        ce0_sync = 1
        ce1_sync = 1
        cl0_sync = 1
        cl1_sync = 1
        cmsb_sync = 1
        co_msb_sync = 1
        cy_dpconfig = "0000000001000000000000000100000001000000010000000000000010000000000000001000000000000000100000000000000010000000000000001000000011111111000000001111111111111111100000110000000000000001000000110000000000011000"
        d0_init = "00000000"
        d1_init = "00000000"
        f0_blk_sync = 1
        f0_bus_sync = 1
        f1_blk_sync = 1
        f1_bus_sync = 1
        ff0_sync = 1
        ff1_sync = 1
        ov_msb_sync = 1
        so_sync = 1
        z0_sync = 1
        z1_sync = 1
    }
    Clock Polarity: Active High
    Clock Enable: True
    Previous in chain : \CH3_Timer:TimerUDB:sT32:timerdp:u1\
    Next in chain : \CH3_Timer:TimerUDB:sT32:timerdp:u3\

UDB [UDB=(3,2)] is empty.
UDB [UDB=(3,3)] contents:
LAB@[UDB=(3,3)][LB=0] #macrocells=2, #inputs=2, #pterms=1
{
    [McSlotId=0]: (empty)
    [McSlotId=1]: (empty)
    [McSlotId=2]:     MacroCell: Name=\CH1_Timer:TimerUDB:capt_int_temp\, Mode=(D-Register) @ [UDB=(3,3)][LB=0][MC=2]
        Total # of inputs        : 0
        Total # of product terms : 0
        List of special equations: 
            Clock  = (Net_10) => Global
            Clock Enable: True
        Main Equation            : 0 pterms
        (
            0
        );
        Output = \CH1_Timer:TimerUDB:capt_int_temp\ (fanout=1)
        Properties               : 
        {
        }

    [McSlotId=3]:     MacroCell: Name=\CH1_Timer:TimerUDB:status_tc\, Mode=(Combinatorial) @ [UDB=(3,3)][LB=0][MC=3]
        Total # of inputs        : 2
        Total # of product terms : 1
            Clock Enable: True
        Main Equation            : 1 pterm
        (
              \CH1_Timer:TimerUDB:control_7\ * \CH1_Timer:TimerUDB:per_zero\
        );
        Output = \CH1_Timer:TimerUDB:status_tc\ (fanout=1)
        Properties               : 
        {
        }
}

datapathcell: Name =\CH1_Timer:TimerUDB:sT32:timerdp:u3\
    PORT MAP (
        clock => Net_10 ,
        cs_addr_1 => \CH1_Timer:TimerUDB:control_7\ ,
        cs_addr_0 => \CH1_Timer:TimerUDB:per_zero\ ,
        z0_comb => \CH1_Timer:TimerUDB:per_zero\ ,
        f0_bus_stat_comb => \CH1_Timer:TimerUDB:status_3\ ,
        f0_blk_stat_comb => \CH1_Timer:TimerUDB:status_2\ ,
        chain_in => \CH1_Timer:TimerUDB:sT32:timerdp:carry2\ );
    Properties:
    {
        a0_init = "00000000"
        a1_init = "00000000"
        ce0_sync = 1
        ce1_sync = 1
        cl0_sync = 1
        cl1_sync = 1
        cmsb_sync = 1
        co_msb_sync = 1
        cy_dpconfig = "0000000001000000000000000100000001000000010000000000000010000000000000001000000000000000100000000000000010000000000000001000000011111111000000001111111111111111100000110000000000000001000000110000000000011000"
        d0_init = "00000000"
        d1_init = "00000000"
        f0_blk_sync = 1
        f0_bus_sync = 1
        f1_blk_sync = 1
        f1_bus_sync = 1
        ff0_sync = 1
        ff1_sync = 1
        ov_msb_sync = 1
        so_sync = 1
        z0_sync = 1
        z1_sync = 1
    }
    Clock Polarity: Active High
    Clock Enable: True
    Previous in chain : \CH1_Timer:TimerUDB:sT32:timerdp:u2\

statusicell: Name =\CH1_Timer:TimerUDB:rstSts:stsreg\
    PORT MAP (
        clock => Net_10 ,
        status_3 => \CH1_Timer:TimerUDB:status_3\ ,
        status_2 => \CH1_Timer:TimerUDB:status_2\ ,
        status_1 => \CH1_Timer:TimerUDB:capt_int_temp\ ,
        status_0 => \CH1_Timer:TimerUDB:status_tc\ );
    Properties:
    {
        cy_force_order = 1
        cy_int_mask = "1111111"
        cy_md_select = "0000011"
    }
    Clock Polarity: Active High
    Clock Enable: True

UDB [UDB=(3,4)] contents:
datapathcell: Name =\CH1_Timer:TimerUDB:sT32:timerdp:u0\
    PORT MAP (
        clock => Net_10 ,
        cs_addr_1 => \CH1_Timer:TimerUDB:control_7\ ,
        cs_addr_0 => \CH1_Timer:TimerUDB:per_zero\ ,
        chain_out => \CH1_Timer:TimerUDB:sT32:timerdp:carry0\ );
    Properties:
    {
        a0_init = "00000000"
        a1_init = "00000000"
        ce0_sync = 1
        ce1_sync = 1
        cl0_sync = 1
        cl1_sync = 1
        cmsb_sync = 1
        co_msb_sync = 1
        cy_dpconfig = "0000000001000000000000000100000001000000010000000000000010000000000000001000000000000000100000000000000010000000000000001000000011111111000000001111111111111111000000000000000000000001000000000000000000011000"
        d0_init = "00000000"
        d1_init = "00000000"
        f0_blk_sync = 1
        f0_bus_sync = 1
        f1_blk_sync = 1
        f1_bus_sync = 1
        ff0_sync = 1
        ff1_sync = 1
        ov_msb_sync = 1
        so_sync = 1
        z0_sync = 1
        z1_sync = 1
    }
    Clock Polarity: Active High
    Clock Enable: True
    Next in chain : \CH1_Timer:TimerUDB:sT32:timerdp:u1\

UDB [UDB=(3,5)] is empty.
Intr container @ [IntrContainer=(0)]: 
  Intr@ [IntrContainer=(0)][IntrId=(4)] 
    interrupt: Name =isr_4
        PORT MAP (
            interrupt => Net_160 );
        Properties:
        {
            int_type = "10"
            is_nmi = 0
        }
  Intr@ [IntrContainer=(0)][IntrId=(5)] 
    interrupt: Name =isr_1
        PORT MAP (
            interrupt => Net_24 );
        Properties:
        {
            int_type = "10"
            is_nmi = 0
        }
  Intr@ [IntrContainer=(0)][IntrId=(6)] 
    interrupt: Name =isr_2
        PORT MAP (
            interrupt => Net_563 );
        Properties:
        {
            int_type = "10"
            is_nmi = 0
        }
  Intr@ [IntrContainer=(0)][IntrId=(7)] 
    interrupt: Name =isr_3
        PORT MAP (
            interrupt => Net_566 );
        Properties:
        {
            int_type = "10"
            is_nmi = 0
        }
Drq container @ [DrqContainer=(0)]: empty
Port 0 generates interrupt for logical port:
    logicalport: Name =CH4_Pin
        PORT MAP (
            in_clock_en => one ,
            in_reset => Net_12 ,
            out_clock_en => one ,
            out_reset => Net_12 ,
            interrupt => Net_160 );
        Properties:
        {
            drive_mode = "010"
            ibuf_enabled = "1"
            id = "dec5d80c-a5c4-4e54-92cb-f82587b64254"
            init_dr_st = "1"
            input_buffer_sel = "00"
            input_clk_en = 0
            input_sync = "0"
            input_sync_mode = "0"
            intr_mode = "11"
            invert_in_clock = 0
            invert_in_clock_en = 0
            invert_in_reset = 0
            invert_out_clock = 0
            invert_out_clock_en = 0
            invert_out_reset = 0
            io_voltage = ""
            layout_mode = "CONTIGUOUS"
            oe_conn = "0"
            oe_reset = 0
            oe_sync = "0"
            output_clk_en = 0
            output_clock_mode = "0"
            output_conn = "0"
            output_mode = "0"
            output_reset = 0
            output_sync = "0"
            ovt_hyst_trim = "0"
            ovt_needed = "0"
            ovt_slew_control = "00"
            pa_in_clock = -1
            pa_in_clock_en = -1
            pa_in_reset = -1
            pa_out_clock = -1
            pa_out_clock_en = -1
            pa_out_reset = -1
            pin_aliases = ""
            pin_mode = "I"
            por_state = 4
            port_alias_group = ""
            port_alias_required = 0
            sio_group_cnt = 0
            sio_hifreq = "00000000"
            sio_hyst = "1"
            sio_ibuf = "00000000"
            sio_info = "00"
            sio_obuf = "00000000"
            sio_refsel = "00000000"
            sio_vohsel = "00000000"
            sio_vtrip = "00000000"
            slew_rate = "0"
            spanning = 0
            sw_only = 0
            use_annotation = "0"
            vtrip = "00"
            width = 1
        }
    and contains the following IO cells:
[IoId=1]: 
Pin : Name = CH4_Pin(0)
    Attributes:
        In Group/Port: True
        In Sync Option: NOSYNC
        Out Sync Option: AUTO
        Interrupt generated: True
        Interrupt mode: ON_CHANGE
        Drive mode: RES_PULL_UP
        VTrip: CMOS
        Slew: FAST
        Input Sync needed: False
        Output Sync needed: False
        SC shield enabled: False
        POR State: ANY
        LCD Mode: COMMON
        Register Mode: RegComb
        CaSense Mode: NEITHER
        Treat as pin: False
        Is OE Registered: False
        Uses Analog: False
        Can contain Digital: True
        Is SIO: False
        SIO Output Buf: NONREGULATED
        SIO Input Buf: SINGLE_ENDED
        SIO HiFreq: LOW
        SIO Hyst: DISABLED
        SIO Vtrip: MULTIPLIER_0_5
        SIO Multiplier Index: 0
        SIO RefSel: VCC_IO
        Required Capabilities: DIGITAL, PORT_INTERRUPT
        Initial Value: 1
        IO Voltage: 0
    PORT MAP (
        pa_out => CH4_Pin(0)__PA ,
        pad => CH4_Pin(0)_PAD );
    Properties:
    {
    }

Port 1 generates interrupt for logical port:
    logicalport: Name =CH1_Pin
        PORT MAP (
            in_clock_en => one ,
            in_reset => Net_12 ,
            out_clock_en => one ,
            out_reset => Net_12 ,
            interrupt => Net_24 );
        Properties:
        {
            drive_mode = "010"
            ibuf_enabled = "1"
            id = "8d318d8b-cf7b-4b6b-b02c-ab1c5c49d0ba"
            init_dr_st = "1"
            input_buffer_sel = "00"
            input_clk_en = 0
            input_sync = "0"
            input_sync_mode = "0"
            intr_mode = "11"
            invert_in_clock = 0
            invert_in_clock_en = 0
            invert_in_reset = 0
            invert_out_clock = 0
            invert_out_clock_en = 0
            invert_out_reset = 0
            io_voltage = ""
            layout_mode = "CONTIGUOUS"
            oe_conn = "0"
            oe_reset = 0
            oe_sync = "0"
            output_clk_en = 0
            output_clock_mode = "0"
            output_conn = "0"
            output_mode = "0"
            output_reset = 0
            output_sync = "0"
            ovt_hyst_trim = "0"
            ovt_needed = "0"
            ovt_slew_control = "00"
            pa_in_clock = -1
            pa_in_clock_en = -1
            pa_in_reset = -1
            pa_out_clock = -1
            pa_out_clock_en = -1
            pa_out_reset = -1
            pin_aliases = ""
            pin_mode = "I"
            por_state = 4
            port_alias_group = ""
            port_alias_required = 0
            sio_group_cnt = 0
            sio_hifreq = "00000000"
            sio_hyst = "1"
            sio_ibuf = "00000000"
            sio_info = "00"
            sio_obuf = "00000000"
            sio_refsel = "00000000"
            sio_vohsel = "00000000"
            sio_vtrip = "00000000"
            slew_rate = "0"
            spanning = 0
            sw_only = 0
            use_annotation = "0"
            vtrip = "00"
            width = 1
        }
    and contains the following IO cells:
[IoId=4]: 
Pin : Name = CH1_Pin(0)
    Attributes:
        In Group/Port: True
        In Sync Option: NOSYNC
        Out Sync Option: AUTO
        Interrupt generated: True
        Interrupt mode: ON_CHANGE
        Drive mode: RES_PULL_UP
        VTrip: CMOS
        Slew: FAST
        Input Sync needed: False
        Output Sync needed: False
        SC shield enabled: False
        POR State: ANY
        LCD Mode: COMMON
        Register Mode: RegComb
        CaSense Mode: NEITHER
        Treat as pin: False
        Is OE Registered: False
        Uses Analog: False
        Can contain Digital: True
        Is SIO: False
        SIO Output Buf: NONREGULATED
        SIO Input Buf: SINGLE_ENDED
        SIO HiFreq: LOW
        SIO Hyst: DISABLED
        SIO Vtrip: MULTIPLIER_0_5
        SIO Multiplier Index: 0
        SIO RefSel: VCC_IO
        Required Capabilities: DIGITAL, PORT_INTERRUPT
        Initial Value: 1
        IO Voltage: 0
    PORT MAP (
        pa_out => CH1_Pin(0)__PA ,
        pad => CH1_Pin(0)_PAD );
    Properties:
    {
    }

Port 2 generates interrupt for logical port:
    logicalport: Name =CH2_Pin
        PORT MAP (
            in_clock_en => one ,
            in_reset => Net_12 ,
            out_clock_en => one ,
            out_reset => Net_12 ,
            interrupt => Net_563 );
        Properties:
        {
            drive_mode = "010"
            ibuf_enabled = "1"
            id = "feaa529e-47b2-4c83-af8f-cd04b612bc03"
            init_dr_st = "1"
            input_buffer_sel = "00"
            input_clk_en = 0
            input_sync = "0"
            input_sync_mode = "0"
            intr_mode = "11"
            invert_in_clock = 0
            invert_in_clock_en = 0
            invert_in_reset = 0
            invert_out_clock = 0
            invert_out_clock_en = 0
            invert_out_reset = 0
            io_voltage = ""
            layout_mode = "CONTIGUOUS"
            oe_conn = "0"
            oe_reset = 0
            oe_sync = "0"
            output_clk_en = 0
            output_clock_mode = "0"
            output_conn = "0"
            output_mode = "0"
            output_reset = 0
            output_sync = "0"
            ovt_hyst_trim = "0"
            ovt_needed = "0"
            ovt_slew_control = "00"
            pa_in_clock = -1
            pa_in_clock_en = -1
            pa_in_reset = -1
            pa_out_clock = -1
            pa_out_clock_en = -1
            pa_out_reset = -1
            pin_aliases = ""
            pin_mode = "I"
            por_state = 4
            port_alias_group = ""
            port_alias_required = 0
            sio_group_cnt = 0
            sio_hifreq = "00000000"
            sio_hyst = "1"
            sio_ibuf = "00000000"
            sio_info = "00"
            sio_obuf = "00000000"
            sio_refsel = "00000000"
            sio_vohsel = "00000000"
            sio_vtrip = "00000000"
            slew_rate = "0"
            spanning = 0
            sw_only = 0
            use_annotation = "0"
            vtrip = "00"
            width = 1
        }
    and contains the following IO cells:
[IoId=1]: 
Pin : Name = LED_BUILDIN(0)
    Attributes:
        In Group/Port: True
        In Sync Option: AUTO
        Out Sync Option: NOSYNC
        Interrupt generated: False
        Interrupt mode: NONE
        Drive mode: CMOS_OUT
        VTrip: EITHER
        Slew: FAST
        Input Sync needed: False
        Output Sync needed: False
        SC shield enabled: False
        POR State: ANY
        LCD Mode: COMMON
        Register Mode: RegComb
        CaSense Mode: NEITHER
        Treat as pin: True
        Is OE Registered: False
        Uses Analog: False
        Can contain Digital: True
        Is SIO: False
        SIO Output Buf: NONREGULATED
        SIO Input Buf: SINGLE_ENDED
        SIO HiFreq: LOW
        SIO Hyst: DISABLED
        SIO Vtrip: MULTIPLIER_0_5
        SIO Multiplier Index: 0
        SIO RefSel: VCC_IO
        Required Capabilities: DIGITAL
        Initial Value: 0
        IO Voltage: 0
    PORT MAP (
        pa_out => LED_BUILDIN(0)__PA ,
        pad => LED_BUILDIN(0)_PAD );
    Properties:
    {
    }

[IoId=5]: 
Pin : Name = CH2_Pin(0)
    Attributes:
        In Group/Port: True
        In Sync Option: NOSYNC
        Out Sync Option: AUTO
        Interrupt generated: True
        Interrupt mode: ON_CHANGE
        Drive mode: RES_PULL_UP
        VTrip: CMOS
        Slew: FAST
        Input Sync needed: False
        Output Sync needed: False
        SC shield enabled: False
        POR State: ANY
        LCD Mode: COMMON
        Register Mode: RegComb
        CaSense Mode: NEITHER
        Treat as pin: False
        Is OE Registered: False
        Uses Analog: False
        Can contain Digital: True
        Is SIO: False
        SIO Output Buf: NONREGULATED
        SIO Input Buf: SINGLE_ENDED
        SIO HiFreq: LOW
        SIO Hyst: DISABLED
        SIO Vtrip: MULTIPLIER_0_5
        SIO Multiplier Index: 0
        SIO RefSel: VCC_IO
        Required Capabilities: DIGITAL, PORT_INTERRUPT
        Initial Value: 1
        IO Voltage: 0
    PORT MAP (
        pa_out => CH2_Pin(0)__PA ,
        pad => CH2_Pin(0)_PAD );
    Properties:
    {
    }

Port 3 generates interrupt for logical port:
    logicalport: Name =CH3_Pin
        PORT MAP (
            in_clock_en => one ,
            in_reset => Net_12 ,
            out_clock_en => one ,
            out_reset => Net_12 ,
            interrupt => Net_566 );
        Properties:
        {
            drive_mode = "010"
            ibuf_enabled = "1"
            id = "e18607ce-431c-494b-b251-b4d10a31eb70"
            init_dr_st = "1"
            input_buffer_sel = "00"
            input_clk_en = 0
            input_sync = "0"
            input_sync_mode = "0"
            intr_mode = "11"
            invert_in_clock = 0
            invert_in_clock_en = 0
            invert_in_reset = 0
            invert_out_clock = 0
            invert_out_clock_en = 0
            invert_out_reset = 0
            io_voltage = ""
            layout_mode = "CONTIGUOUS"
            oe_conn = "0"
            oe_reset = 0
            oe_sync = "0"
            output_clk_en = 0
            output_clock_mode = "0"
            output_conn = "0"
            output_mode = "0"
            output_reset = 0
            output_sync = "0"
            ovt_hyst_trim = "0"
            ovt_needed = "0"
            ovt_slew_control = "00"
            pa_in_clock = -1
            pa_in_clock_en = -1
            pa_in_reset = -1
            pa_out_clock = -1
            pa_out_clock_en = -1
            pa_out_reset = -1
            pin_aliases = ""
            pin_mode = "I"
            por_state = 4
            port_alias_group = ""
            port_alias_required = 0
            sio_group_cnt = 0
            sio_hifreq = "00000000"
            sio_hyst = "1"
            sio_ibuf = "00000000"
            sio_info = "00"
            sio_obuf = "00000000"
            sio_refsel = "00000000"
            sio_vohsel = "00000000"
            sio_vtrip = "00000000"
            slew_rate = "0"
            spanning = 0
            sw_only = 0
            use_annotation = "0"
            vtrip = "00"
            width = 1
        }
    and contains the following IO cells:
[IoId=0]: 
Pin : Name = CH3_Pin(0)
    Attributes:
        In Group/Port: True
        In Sync Option: NOSYNC
        Out Sync Option: AUTO
        Interrupt generated: True
        Interrupt mode: ON_CHANGE
        Drive mode: RES_PULL_UP
        VTrip: CMOS
        Slew: FAST
        Input Sync needed: False
        Output Sync needed: False
        SC shield enabled: False
        POR State: ANY
        LCD Mode: COMMON
        Register Mode: RegComb
        CaSense Mode: NEITHER
        Treat as pin: False
        Is OE Registered: False
        Uses Analog: False
        Can contain Digital: True
        Is SIO: False
        SIO Output Buf: NONREGULATED
        SIO Input Buf: SINGLE_ENDED
        SIO HiFreq: LOW
        SIO Hyst: DISABLED
        SIO Vtrip: MULTIPLIER_0_5
        SIO Multiplier Index: 0
        SIO RefSel: VCC_IO
        Required Capabilities: DIGITAL, PORT_INTERRUPT
        Initial Value: 1
        IO Voltage: 0
    PORT MAP (
        pa_out => CH3_Pin(0)__PA ,
        pad => CH3_Pin(0)_PAD );
    Properties:
    {
    }

Port 12 contains the following IO cells:
Port 15 contains the following IO cells:
ARM group 0: empty
CAN group 0: empty
Cache group 0: empty
CapSense group 0: empty
Clock group 0: 
    Clock Block @ F(Clock,0): 
    clockblockcell: Name =ClockBlock
        PORT MAP (
            imo => ClockBlock_IMO ,
            pllout => ClockBlock_PLL_OUT ,
            ilo => ClockBlock_ILO ,
            clk_100k => ClockBlock_100k ,
            clk_1k => ClockBlock_1k ,
            clk_32k => ClockBlock_32k ,
            xtal => ClockBlock_XTAL ,
            clk_32k_xtal => ClockBlock_XTAL_32KHZ ,
            clk_sync => ClockBlock_MASTER_CLK ,
            clk_bus_glb => ClockBlock_BUS_CLK ,
            clk_bus => ClockBlock_BUS_CLK_local ,
            dclk_glb_0 => Net_131 ,
            dclk_0 => Net_131_local ,
            dclk_glb_1 => Net_142 ,
            dclk_1 => Net_142_local ,
            dclk_glb_2 => Net_10 ,
            dclk_2 => Net_10_local ,
            dclk_glb_3 => Net_154 ,
            dclk_3 => Net_154_local );
        Properties:
        {
        }
Comparator group 0: empty
DFB group 0: empty
DSM group 0: empty
Decimator group 0: empty
EMIF group 0: empty
I2C group 0: empty
LCD group 0: empty
LVD group 0: empty
PICU group 0: empty
PM group 0: empty
SC group 0: empty
SPC group 0: empty
Timer group 0: empty
USB group 0: empty
VIDAC group 0: empty
OpAmp group 0: empty
CsAbuf group 0: empty
Vref group 0: empty
LPF group 0: empty
SAR group 0: empty
ANAIF group 0: empty
PHUB group 0: empty
</CYPRESSTAG>
<CYPRESSTAG name="Port Configuration Details">

------------------------------------------------------------
Port Configuration report
------------------------------------------------------------
     |     |       | Interrupt |                  |                | 
Port | Pin | Fixed |      Type |       Drive Mode |           Name | Connections
-----+-----+-------+-----------+------------------+----------------+------------
   0 |   1 |     * | ON_CHANGE |      RES_PULL_UP |     CH4_Pin(0) | 
-----+-----+-------+-----------+------------------+----------------+------------
   1 |   4 |     * | ON_CHANGE |      RES_PULL_UP |     CH1_Pin(0) | 
-----+-----+-------+-----------+------------------+----------------+------------
   2 |   1 |     * |      NONE |         CMOS_OUT | LED_BUILDIN(0) | 
     |   5 |     * | ON_CHANGE |      RES_PULL_UP |     CH2_Pin(0) | 
-----+-----+-------+-----------+------------------+----------------+------------
   3 |   0 |     * | ON_CHANGE |      RES_PULL_UP |     CH3_Pin(0) | 
--------------------------------------------------------------------------------
</CYPRESSTAG>
</CYPRESSTAG>
</CYPRESSTAG>
Digital component placer commit/Report: Elapsed time ==> 0s.029ms
Digital Placement phase: Elapsed time ==> 0s.895ms
</CYPRESSTAG>
<CYPRESSTAG name="Digital Routing">
"C:\Program Files (x86)\Cypress\PSoC Creator\4.4\PSoC Creator\bin/sjrouter.exe" --xml-path "C:\Program Files (x86)\Cypress\PSoC Creator\4.4\PSoC Creator\dev\psoc5/psoc5lp/route_arch-rrg.cydata" --vh2-path "ExpressLRS_PWM_Receiver_r.vh2" --pcf-path "ExpressLRS_PWM_Receiver.pco" --des-name "ExpressLRS_PWM_Receiver" --dsf-path "ExpressLRS_PWM_Receiver.dsf" --sdc-path "ExpressLRS_PWM_Receiver.sdc" --lib-path "ExpressLRS_PWM_Receiver_r.lib"
Routing successful.
Digital Routing phase: Elapsed time ==> 0s.797ms
</CYPRESSTAG>
<CYPRESSTAG name="Bitstream Generation">
Bitstream Generation phase: Elapsed time ==> 0s.107ms
</CYPRESSTAG>
<CYPRESSTAG name="Bitstream Verification">
Bitstream Verification phase: Elapsed time ==> 0s.018ms
</CYPRESSTAG>
<CYPRESSTAG name="Static timing analysis">
Timing report is in ExpressLRS_PWM_Receiver_timing.html.
Static timing analysis phase: Elapsed time ==> 0s.238ms
</CYPRESSTAG>
<CYPRESSTAG name="Data reporting">
Data reporting phase: Elapsed time ==> 0s.000ms
</CYPRESSTAG>
<CYPRESSTAG name="Database update...">
Design database save phase: Elapsed time ==> 0s.143ms
</CYPRESSTAG>
cydsfit: Elapsed time ==> 2s.540ms
</CYPRESSTAG>
Fitter phase: Elapsed time ==> 2s.541ms
API generation phase: Elapsed time ==> 0s.811ms
Dependency generation phase: Elapsed time ==> 0s.005ms
Cleanup phase: Elapsed time ==> 0s.001ms
